country,year,value,emission,units
Australia,2014,393126.946994288,CO2 Emissions,Kilotonne CO2 Equivalent
Australia,2013,396913.93653029,CO2 Emissions,Kilotonne CO2 Equivalent
Australia,2012,406462.8477036,CO2 Emissions,Kilotonne CO2 Equivalent
Australia,2011,403705.528313991,CO2 Emissions,Kilotonne CO2 Equivalent
Australia,2010,406200.993184341,CO2 Emissions,Kilotonne CO2 Equivalent
Australia,2009,408448.47899963,CO2 Emissions,Kilotonne CO2 Equivalent
Australia,2008,404237.828214077,CO2 Emissions,Kilotonne CO2 Equivalent
Australia,2007,398816.453543549,CO2 Emissions,Kilotonne CO2 Equivalent
Australia,2006,391134.100909449,CO2 Emissions,Kilotonne CO2 Equivalent
Australia,2005,385581.132806466,CO2 Emissions,Kilotonne CO2 Equivalent
Australia,2004,381519.261592783,CO2 Emissions,Kilotonne CO2 Equivalent
Australia,2003,368345.977425107,CO2 Emissions,Kilotonne CO2 Equivalent
Australia,2002,361861.387896028,CO2 Emissions,Kilotonne CO2 Equivalent
Australia,2001,357653.329899303,CO2 Emissions,Kilotonne CO2 Equivalent
Australia,2000,349885.433108928,CO2 Emissions,Kilotonne CO2 Equivalent
Australia,1999,343713.906947774,CO2 Emissions,Kilotonne CO2 Equivalent
Australia,1998,334328.142646602,CO2 Emissions,Kilotonne CO2 Equivalent
Australia,1997,320439.116819391,CO2 Emissions,Kilotonne CO2 Equivalent
Australia,1996,311914.819824229,CO2 Emissions,Kilotonne CO2 Equivalent
Australia,1995,305162.543548735,CO2 Emissions,Kilotonne CO2 Equivalent
Australia,1994,293830.709141192,CO2 Emissions,Kilotonne CO2 Equivalent
Australia,1993,289142.267681326,CO2 Emissions,Kilotonne CO2 Equivalent
Australia,1992,284766.092717838,CO2 Emissions,Kilotonne CO2 Equivalent
Australia,1991,279741.639011863,CO2 Emissions,Kilotonne CO2 Equivalent
Australia,1990,278265.898940768,CO2 Emissions,Kilotonne CO2 Equivalent
Austria,2014,64262.5639931315,CO2 Emissions,Kilotonne CO2 Equivalent
Austria,2013,67957.1211123863,CO2 Emissions,Kilotonne CO2 Equivalent
Austria,2012,67698.6586349119,CO2 Emissions,Kilotonne CO2 Equivalent
Austria,2011,70327.1670444138,CO2 Emissions,Kilotonne CO2 Equivalent
Austria,2010,72531.826129136,CO2 Emissions,Kilotonne CO2 Equivalent
Austria,2009,67682.7251493548,CO2 Emissions,Kilotonne CO2 Equivalent
Austria,2008,74066.2557920763,CO2 Emissions,Kilotonne CO2 Equivalent
Austria,2007,74268.1107226333,CO2 Emissions,Kilotonne CO2 Equivalent
Austria,2006,76934.9515340371,CO2 Emissions,Kilotonne CO2 Equivalent
Austria,2005,79588.5018807541,CO2 Emissions,Kilotonne CO2 Equivalent
Austria,2004,78388.9974250799,CO2 Emissions,Kilotonne CO2 Equivalent
Austria,2003,78023.9538963192,CO2 Emissions,Kilotonne CO2 Equivalent
Austria,2002,72126.5914446168,CO2 Emissions,Kilotonne CO2 Equivalent
Austria,2001,70299.4711482287,CO2 Emissions,Kilotonne CO2 Equivalent
Austria,2000,66274.7432545115,CO2 Emissions,Kilotonne CO2 Equivalent
Austria,1999,65660.1336422327,CO2 Emissions,Kilotonne CO2 Equivalent
Austria,1998,67047.2506680177,CO2 Emissions,Kilotonne CO2 Equivalent
Austria,1997,67455.8927304212,CO2 Emissions,Kilotonne CO2 Equivalent
Austria,1996,67667.2626980903,CO2 Emissions,Kilotonne CO2 Equivalent
Austria,1995,64202.1592201769,CO2 Emissions,Kilotonne CO2 Equivalent
Austria,1994,61189.1025048542,CO2 Emissions,Kilotonne CO2 Equivalent
Austria,1993,60790.7577213156,CO2 Emissions,Kilotonne CO2 Equivalent
Austria,1992,60432.2493410185,CO2 Emissions,Kilotonne CO2 Equivalent
Austria,1991,65903.513308256,CO2 Emissions,Kilotonne CO2 Equivalent
Austria,1990,62297.1655681668,CO2 Emissions,Kilotonne CO2 Equivalent
Belarus,2014,60615.645730992,CO2 Emissions,Kilotonne CO2 Equivalent
Belarus,2013,61510.987153813,CO2 Emissions,Kilotonne CO2 Equivalent
Belarus,2012,60636.851387067,CO2 Emissions,Kilotonne CO2 Equivalent
Belarus,2011,61128.400592577,CO2 Emissions,Kilotonne CO2 Equivalent
Belarus,2010,61632.492704327,CO2 Emissions,Kilotonne CO2 Equivalent
Belarus,2009,59596.205375555,CO2 Emissions,Kilotonne CO2 Equivalent
Belarus,2008,63846.103794367,CO2 Emissions,Kilotonne CO2 Equivalent
Belarus,2007,61563.881729088,CO2 Emissions,Kilotonne CO2 Equivalent
Belarus,2006,62229.398882869,CO2 Emissions,Kilotonne CO2 Equivalent
Belarus,2005,59664.73908178,CO2 Emissions,Kilotonne CO2 Equivalent
Belarus,2004,58457.64761596,CO2 Emissions,Kilotonne CO2 Equivalent
Belarus,2003,54845.145835185,CO2 Emissions,Kilotonne CO2 Equivalent
Belarus,2002,53843.704423847,CO2 Emissions,Kilotonne CO2 Equivalent
Belarus,2001,53783.847673632,CO2 Emissions,Kilotonne CO2 Equivalent
Belarus,2000,53686.857490672,CO2 Emissions,Kilotonne CO2 Equivalent
Belarus,1999,55033.952116896,CO2 Emissions,Kilotonne CO2 Equivalent
Belarus,1998,57426.329584039,CO2 Emissions,Kilotonne CO2 Equivalent
Belarus,1997,60971.816305307,CO2 Emissions,Kilotonne CO2 Equivalent
Belarus,1996,57251.355700374,CO2 Emissions,Kilotonne CO2 Equivalent
Belarus,1995,56005.93938238,CO2 Emissions,Kilotonne CO2 Equivalent
Belarus,1994,62402.279082903,CO2 Emissions,Kilotonne CO2 Equivalent
Belarus,1993,75551.755291625,CO2 Emissions,Kilotonne CO2 Equivalent
Belarus,1992,87060.81028961,CO2 Emissions,Kilotonne CO2 Equivalent
Belarus,1991,93649.166141388,CO2 Emissions,Kilotonne CO2 Equivalent
Belarus,1990,100438.095063708,CO2 Emissions,Kilotonne CO2 Equivalent
Belgium,2014,96325.4131833302,CO2 Emissions,Kilotonne CO2 Equivalent
Belgium,2013,101744.736736883,CO2 Emissions,Kilotonne CO2 Equivalent
Belgium,2012,100931.595609756,CO2 Emissions,Kilotonne CO2 Equivalent
Belgium,2011,104945.713770963,CO2 Emissions,Kilotonne CO2 Equivalent
Belgium,2010,114155.386728776,CO2 Emissions,Kilotonne CO2 Equivalent
Belgium,2009,107282.543508312,CO2 Emissions,Kilotonne CO2 Equivalent
Belgium,2008,120362.609842562,CO2 Emissions,Kilotonne CO2 Equivalent
Belgium,2007,118027.408646158,CO2 Emissions,Kilotonne CO2 Equivalent
Belgium,2006,122319.593759433,CO2 Emissions,Kilotonne CO2 Equivalent
Belgium,2005,125118.016504076,CO2 Emissions,Kilotonne CO2 Equivalent
Belgium,2004,128640.48346799,CO2 Emissions,Kilotonne CO2 Equivalent
Belgium,2003,127523.989700176,CO2 Emissions,Kilotonne CO2 Equivalent
Belgium,2002,126015.194675856,CO2 Emissions,Kilotonne CO2 Equivalent
Belgium,2001,125649.370538717,CO2 Emissions,Kilotonne CO2 Equivalent
Belgium,2000,126315.209948975,CO2 Emissions,Kilotonne CO2 Equivalent
Belgium,1999,124208.071769964,CO2 Emissions,Kilotonne CO2 Equivalent
Belgium,1998,129737.090031462,CO2 Emissions,Kilotonne CO2 Equivalent
Belgium,1997,123495.742758683,CO2 Emissions,Kilotonne CO2 Equivalent
Belgium,1996,129010.471708927,CO2 Emissions,Kilotonne CO2 Equivalent
Belgium,1995,125519.441990638,CO2 Emissions,Kilotonne CO2 Equivalent
Belgium,1994,124426.885709848,CO2 Emissions,Kilotonne CO2 Equivalent
Belgium,1993,121156.964954729,CO2 Emissions,Kilotonne CO2 Equivalent
Belgium,1992,122217.919518023,CO2 Emissions,Kilotonne CO2 Equivalent
Belgium,1991,123130.652897225,CO2 Emissions,Kilotonne CO2 Equivalent
Belgium,1990,119982.503418506,CO2 Emissions,Kilotonne CO2 Equivalent
Bulgaria,2014,45139.955286201,CO2 Emissions,Kilotonne CO2 Equivalent
Bulgaria,2013,42534.9272034699,CO2 Emissions,Kilotonne CO2 Equivalent
Bulgaria,2012,48117.5560830313,CO2 Emissions,Kilotonne CO2 Equivalent
Bulgaria,2011,53020.9811161954,CO2 Emissions,Kilotonne CO2 Equivalent
Bulgaria,2010,47678.6489573594,CO2 Emissions,Kilotonne CO2 Equivalent
Bulgaria,2009,45487.8735503956,CO2 Emissions,Kilotonne CO2 Equivalent
Bulgaria,2008,53655.1401671903,CO2 Emissions,Kilotonne CO2 Equivalent
Bulgaria,2007,55184.4241047849,CO2 Emissions,Kilotonne CO2 Equivalent
Bulgaria,2006,51446.2829381283,CO2 Emissions,Kilotonne CO2 Equivalent
Bulgaria,2005,50191.1160644292,CO2 Emissions,Kilotonne CO2 Equivalent
Bulgaria,2004,49170.3376894348,CO2 Emissions,Kilotonne CO2 Equivalent
Bulgaria,2003,49971.1515762142,CO2 Emissions,Kilotonne CO2 Equivalent
Bulgaria,2002,45786.2947197982,CO2 Emissions,Kilotonne CO2 Equivalent
Bulgaria,2001,48568.9178318705,CO2 Emissions,Kilotonne CO2 Equivalent
Bulgaria,2000,44896.670545605,CO2 Emissions,Kilotonne CO2 Equivalent
Bulgaria,1999,45751.789097251,CO2 Emissions,Kilotonne CO2 Equivalent
Bulgaria,1998,52143.3567693638,CO2 Emissions,Kilotonne CO2 Equivalent
Bulgaria,1997,54790.1341566389,CO2 Emissions,Kilotonne CO2 Equivalent
Bulgaria,1996,57581.194759982,CO2 Emissions,Kilotonne CO2 Equivalent
Bulgaria,1995,57221.6062924032,CO2 Emissions,Kilotonne CO2 Equivalent
Bulgaria,1994,55649.0813153431,CO2 Emissions,Kilotonne CO2 Equivalent
Bulgaria,1993,57203.9355176784,CO2 Emissions,Kilotonne CO2 Equivalent
Bulgaria,1992,56551.5935722778,CO2 Emissions,Kilotonne CO2 Equivalent
Bulgaria,1991,59769.3415026104,CO2 Emissions,Kilotonne CO2 Equivalent
Bulgaria,1990,78197.8812570199,CO2 Emissions,Kilotonne CO2 Equivalent
Canada,2014,574099.775511611,CO2 Emissions,Kilotonne CO2 Equivalent
Canada,2013,573094.038846396,CO2 Emissions,Kilotonne CO2 Equivalent
Canada,2012,563423.613154917,CO2 Emissions,Kilotonne CO2 Equivalent
Canada,2011,558152.72293811,CO2 Emissions,Kilotonne CO2 Equivalent
Canada,2010,555003.760260925,CO2 Emissions,Kilotonne CO2 Equivalent
Canada,2009,542829.458896225,CO2 Emissions,Kilotonne CO2 Equivalent
Canada,2008,577444.930222255,CO2 Emissions,Kilotonne CO2 Equivalent
Canada,2007,596041.321973836,CO2 Emissions,Kilotonne CO2 Equivalent
Canada,2006,573479.269701141,CO2 Emissions,Kilotonne CO2 Equivalent
Canada,2005,579225.335719904,CO2 Emissions,Kilotonne CO2 Equivalent
Canada,2004,585414.860574334,CO2 Emissions,Kilotonne CO2 Equivalent
Canada,2003,587306.678537712,CO2 Emissions,Kilotonne CO2 Equivalent
Canada,2002,569862.145645112,CO2 Emissions,Kilotonne CO2 Equivalent
Canada,2001,564617.020300164,CO2 Emissions,Kilotonne CO2 Equivalent
Canada,2000,572290.385518472,CO2 Emissions,Kilotonne CO2 Equivalent
Canada,1999,550183.063388038,CO2 Emissions,Kilotonne CO2 Equivalent
Canada,1998,533794.453645326,CO2 Emissions,Kilotonne CO2 Equivalent
Canada,1997,525120.011175522,CO2 Emissions,Kilotonne CO2 Equivalent
Canada,1996,510619.682210148,CO2 Emissions,Kilotonne CO2 Equivalent
Canada,1995,497224.83692526,CO2 Emissions,Kilotonne CO2 Equivalent
Canada,1994,482691.671271798,CO2 Emissions,Kilotonne CO2 Equivalent
Canada,1993,467607.237235461,CO2 Emissions,Kilotonne CO2 Equivalent
Canada,1992,468546.458912059,CO2 Emissions,Kilotonne CO2 Equivalent
Canada,1991,454246.137946001,CO2 Emissions,Kilotonne CO2 Equivalent
Canada,1990,463493.332387577,CO2 Emissions,Kilotonne CO2 Equivalent
Croatia,2014,17607.3224145688,CO2 Emissions,Kilotonne CO2 Equivalent
Croatia,2013,18359.4998410627,CO2 Emissions,Kilotonne CO2 Equivalent
Croatia,2012,18776.3813482483,CO2 Emissions,Kilotonne CO2 Equivalent
Croatia,2011,20614.4404738916,CO2 Emissions,Kilotonne CO2 Equivalent
Croatia,2010,21183.709310531,CO2 Emissions,Kilotonne CO2 Equivalent
Croatia,2009,21965.6352675347,CO2 Emissions,Kilotonne CO2 Equivalent
Croatia,2008,23715.3843178607,CO2 Emissions,Kilotonne CO2 Equivalent
Croatia,2007,24955.3759314165,CO2 Emissions,Kilotonne CO2 Equivalent
Croatia,2006,23684.9350307817,CO2 Emissions,Kilotonne CO2 Equivalent
Croatia,2005,23451.8458466746,CO2 Emissions,Kilotonne CO2 Equivalent
Croatia,2004,23005.2348535353,CO2 Emissions,Kilotonne CO2 Equivalent
Croatia,2003,23355.2211046544,CO2 Emissions,Kilotonne CO2 Equivalent
Croatia,2002,22031.1266650621,CO2 Emissions,Kilotonne CO2 Equivalent
Croatia,2001,20943.1099586839,CO2 Emissions,Kilotonne CO2 Equivalent
Croatia,2000,19789.1217501208,CO2 Emissions,Kilotonne CO2 Equivalent
Croatia,1999,20215.653226001,CO2 Emissions,Kilotonne CO2 Equivalent
Croatia,1998,19372.3876004329,CO2 Emissions,Kilotonne CO2 Equivalent
Croatia,1997,18666.4669752133,CO2 Emissions,Kilotonne CO2 Equivalent
Croatia,1996,17587.8984604534,CO2 Emissions,Kilotonne CO2 Equivalent
Croatia,1995,16992.8004192757,CO2 Emissions,Kilotonne CO2 Equivalent
Croatia,1994,16342.1818762402,CO2 Emissions,Kilotonne CO2 Equivalent
Croatia,1993,17081.2280227503,CO2 Emissions,Kilotonne CO2 Equivalent
Croatia,1992,16607.1344792414,CO2 Emissions,Kilotonne CO2 Equivalent
Croatia,1991,17268.9103457996,CO2 Emissions,Kilotonne CO2 Equivalent
Croatia,1990,23390.075209187,CO2 Emissions,Kilotonne CO2 Equivalent
Cyprus,2014,6878.555308563,CO2 Emissions,Kilotonne CO2 Equivalent
Cyprus,2013,6449.610812027,CO2 Emissions,Kilotonne CO2 Equivalent
Cyprus,2012,7160.971875548,CO2 Emissions,Kilotonne CO2 Equivalent
Cyprus,2011,7696.667805268,CO2 Emissions,Kilotonne CO2 Equivalent
Cyprus,2010,8004.912020822,CO2 Emissions,Kilotonne CO2 Equivalent
Cyprus,2009,8372.396591774,CO2 Emissions,Kilotonne CO2 Equivalent
Cyprus,2008,8620.395581741,CO2 Emissions,Kilotonne CO2 Equivalent
Cyprus,2007,8458.664261444,CO2 Emissions,Kilotonne CO2 Equivalent
Cyprus,2006,8152.492308125,CO2 Emissions,Kilotonne CO2 Equivalent
Cyprus,2005,7961.983988964,CO2 Emissions,Kilotonne CO2 Equivalent
Cyprus,2004,7776.909404745,CO2 Emissions,Kilotonne CO2 Equivalent
Cyprus,2003,7550.081927808,CO2 Emissions,Kilotonne CO2 Equivalent
Cyprus,2002,7160.388457603,CO2 Emissions,Kilotonne CO2 Equivalent
Cyprus,2001,6969.466175788,CO2 Emissions,Kilotonne CO2 Equivalent
Cyprus,2000,7095.964384675,CO2 Emissions,Kilotonne CO2 Equivalent
Cyprus,1999,6847.659115972,CO2 Emissions,Kilotonne CO2 Equivalent
Cyprus,1998,6580.296149717,CO2 Emissions,Kilotonne CO2 Equivalent
Cyprus,1997,6287.031657389,CO2 Emissions,Kilotonne CO2 Equivalent
Cyprus,1996,6156.132133961,CO2 Emissions,Kilotonne CO2 Equivalent
Cyprus,1995,5848.043785196,CO2 Emissions,Kilotonne CO2 Equivalent
Cyprus,1994,5977.257104602,CO2 Emissions,Kilotonne CO2 Equivalent
Cyprus,1993,5733.674102128,CO2 Emissions,Kilotonne CO2 Equivalent
Cyprus,1992,5482.974869661,CO2 Emissions,Kilotonne CO2 Equivalent
Cyprus,1991,5107.082886881,CO2 Emissions,Kilotonne CO2 Equivalent
Cyprus,1990,4621.007176785,CO2 Emissions,Kilotonne CO2 Equivalent
Czech Republic,2014,101159.12216724,CO2 Emissions,Kilotonne CO2 Equivalent
Czech Republic,2013,106477.08866661,CO2 Emissions,Kilotonne CO2 Equivalent
Czech Republic,2012,109841.328902436,CO2 Emissions,Kilotonne CO2 Equivalent
Czech Republic,2011,114113.146744787,CO2 Emissions,Kilotonne CO2 Equivalent
Czech Republic,2010,115757.36858641,CO2 Emissions,Kilotonne CO2 Equivalent
Czech Republic,2009,113970.029219436,CO2 Emissions,Kilotonne CO2 Equivalent
Czech Republic,2008,121780.716313732,CO2 Emissions,Kilotonne CO2 Equivalent
Czech Republic,2007,126933.162985254,CO2 Emissions,Kilotonne CO2 Equivalent
Czech Republic,2006,125923.402444959,CO2 Emissions,Kilotonne CO2 Equivalent
Czech Republic,2005,124590.137925265,CO2 Emissions,Kilotonne CO2 Equivalent
Czech Republic,2004,126876.916162316,CO2 Emissions,Kilotonne CO2 Equivalent
Czech Republic,2003,126151.648802001,CO2 Emissions,Kilotonne CO2 Equivalent
Czech Republic,2002,122593.400101873,CO2 Emissions,Kilotonne CO2 Equivalent
Czech Republic,2001,125541.536474736,CO2 Emissions,Kilotonne CO2 Equivalent
Czech Republic,2000,125841.969268613,CO2 Emissions,Kilotonne CO2 Equivalent
Czech Republic,1999,115475.259995958,CO2 Emissions,Kilotonne CO2 Equivalent
Czech Republic,1998,123696.517294897,CO2 Emissions,Kilotonne CO2 Equivalent
Czech Republic,1997,128732.638710869,CO2 Emissions,Kilotonne CO2 Equivalent
Czech Republic,1996,132234.071786388,CO2 Emissions,Kilotonne CO2 Equivalent
Czech Republic,1995,129767.166426691,CO2 Emissions,Kilotonne CO2 Equivalent
Czech Republic,1994,129188.734109272,CO2 Emissions,Kilotonne CO2 Equivalent
Czech Republic,1993,135588.565572531,CO2 Emissions,Kilotonne CO2 Equivalent
Czech Republic,1992,141565.719740237,CO2 Emissions,Kilotonne CO2 Equivalent
Czech Republic,1991,146047.33959314,CO2 Emissions,Kilotonne CO2 Equivalent
Czech Republic,1990,161662.018871736,CO2 Emissions,Kilotonne CO2 Equivalent
Denmark,2014,37460.6564588265,CO2 Emissions,Kilotonne CO2 Equivalent
Denmark,2013,41537.0358081307,CO2 Emissions,Kilotonne CO2 Equivalent
Denmark,2012,39524.4020330104,CO2 Emissions,Kilotonne CO2 Equivalent
Denmark,2011,43970.7892561051,CO2 Emissions,Kilotonne CO2 Equivalent
Denmark,2010,48993.4173755474,CO2 Emissions,Kilotonne CO2 Equivalent
Denmark,2009,48592.2113851369,CO2 Emissions,Kilotonne CO2 Equivalent
Denmark,2008,50935.6715289027,CO2 Emissions,Kilotonne CO2 Equivalent
Denmark,2007,54429.0851744511,CO2 Emissions,Kilotonne CO2 Equivalent
Denmark,2006,59162.4996316885,CO2 Emissions,Kilotonne CO2 Equivalent
Denmark,2005,51307.2445174626,CO2 Emissions,Kilotonne CO2 Equivalent
Denmark,2004,54916.9105639724,CO2 Emissions,Kilotonne CO2 Equivalent
Denmark,2003,60493.9617162995,CO2 Emissions,Kilotonne CO2 Equivalent
Denmark,2002,55339.6716999691,CO2 Emissions,Kilotonne CO2 Equivalent
Denmark,2001,55845.147180549,CO2 Emissions,Kilotonne CO2 Equivalent
Denmark,2000,54148.9049729906,CO2 Emissions,Kilotonne CO2 Equivalent
Denmark,1999,58456.4158198368,CO2 Emissions,Kilotonne CO2 Equivalent
Denmark,1998,61117.3416291516,CO2 Emissions,Kilotonne CO2 Equivalent
Denmark,1997,65457.8348433241,CO2 Emissions,Kilotonne CO2 Equivalent
Denmark,1996,75110.840989738,CO2 Emissions,Kilotonne CO2 Equivalent
Denmark,1995,61914.1610128897,CO2 Emissions,Kilotonne CO2 Equivalent
Denmark,1994,64988.7809040025,CO2 Emissions,Kilotonne CO2 Equivalent
Denmark,1993,61038.6712439614,CO2 Emissions,Kilotonne CO2 Equivalent
Denmark,1992,58960.3115236108,CO2 Emissions,Kilotonne CO2 Equivalent
Denmark,1991,64874.8138594637,CO2 Emissions,Kilotonne CO2 Equivalent
Denmark,1990,54306.4333356516,CO2 Emissions,Kilotonne CO2 Equivalent
Estonia,2014,18918.7153387101,CO2 Emissions,Kilotonne CO2 Equivalent
Estonia,2013,19566.3683734371,CO2 Emissions,Kilotonne CO2 Equivalent
Estonia,2012,17304.6372276438,CO2 Emissions,Kilotonne CO2 Equivalent
Estonia,2011,18449.9308643309,CO2 Emissions,Kilotonne CO2 Equivalent
Estonia,2010,17833.779609149,CO2 Emissions,Kilotonne CO2 Equivalent
Estonia,2009,14153.005161794,CO2 Emissions,Kilotonne CO2 Equivalent
Estonia,2008,17264.5200333765,CO2 Emissions,Kilotonne CO2 Equivalent
Estonia,2007,18755.6479305233,CO2 Emissions,Kilotonne CO2 Equivalent
Estonia,2006,15719.5289253761,CO2 Emissions,Kilotonne CO2 Equivalent
Estonia,2005,16330.7338304477,CO2 Emissions,Kilotonne CO2 Equivalent
Estonia,2004,17055.0742451822,CO2 Emissions,Kilotonne CO2 Equivalent
Estonia,2003,16833.2142927367,CO2 Emissions,Kilotonne CO2 Equivalent
Estonia,2002,15020.2841500601,CO2 Emissions,Kilotonne CO2 Equivalent
Estonia,2001,15493.8609887605,CO2 Emissions,Kilotonne CO2 Equivalent
Estonia,2000,15141.3877177023,CO2 Emissions,Kilotonne CO2 Equivalent
Estonia,1999,15518.4906207187,CO2 Emissions,Kilotonne CO2 Equivalent
Estonia,1998,16684.3031468739,CO2 Emissions,Kilotonne CO2 Equivalent
Estonia,1997,18223.6042706384,CO2 Emissions,Kilotonne CO2 Equivalent
Estonia,1996,18666.1359705806,CO2 Emissions,Kilotonne CO2 Equivalent
Estonia,1995,17953.7359736926,CO2 Emissions,Kilotonne CO2 Equivalent
Estonia,1994,19626.4459432317,CO2 Emissions,Kilotonne CO2 Equivalent
Estonia,1993,18810.9639158495,CO2 Emissions,Kilotonne CO2 Equivalent
Estonia,1992,24187.827575953,CO2 Emissions,Kilotonne CO2 Equivalent
Estonia,1991,33662.372514403,CO2 Emissions,Kilotonne CO2 Equivalent
Estonia,1990,36666.0272974484,CO2 Emissions,Kilotonne CO2 Equivalent
European Union,2014,3463397.56376209,CO2 Emissions,Kilotonne CO2 Equivalent
European Union,2013,3646389.52530377,CO2 Emissions,Kilotonne CO2 Equivalent
European Union,2012,3728965.03097874,CO2 Emissions,Kilotonne CO2 Equivalent
European Union,2011,3789763.64094378,CO2 Emissions,Kilotonne CO2 Equivalent
European Union,2010,3933290.52224844,CO2 Emissions,Kilotonne CO2 Equivalent
European Union,2009,3814305.25795781,CO2 Emissions,Kilotonne CO2 Equivalent
European Union,2008,4149624.29618927,CO2 Emissions,Kilotonne CO2 Equivalent
European Union,2007,4244213.12941646,CO2 Emissions,Kilotonne CO2 Equivalent
European Union,2006,4297988.16195699,CO2 Emissions,Kilotonne CO2 Equivalent
European Union,2005,4290586.66799942,CO2 Emissions,Kilotonne CO2 Equivalent
European Union,2004,4314560.87112777,CO2 Emissions,Kilotonne CO2 Equivalent
European Union,2003,4306103.94478558,CO2 Emissions,Kilotonne CO2 Equivalent
European Union,2002,4208860.12268355,CO2 Emissions,Kilotonne CO2 Equivalent
European Union,2001,4232036.86327499,CO2 Emissions,Kilotonne CO2 Equivalent
European Union,2000,4165145.4407136,CO2 Emissions,Kilotonne CO2 Equivalent
European Union,1999,4139002.99479822,CO2 Emissions,Kilotonne CO2 Equivalent
European Union,1998,4207666.03163804,CO2 Emissions,Kilotonne CO2 Equivalent
European Union,1997,4216524.73281421,CO2 Emissions,Kilotonne CO2 Equivalent
European Union,1996,4304793.28338046,CO2 Emissions,Kilotonne CO2 Equivalent
European Union,1995,4204480.85553967,CO2 Emissions,Kilotonne CO2 Equivalent
European Union,1994,4161321.31739286,CO2 Emissions,Kilotonne CO2 Equivalent
European Union,1993,4177106.50927114,CO2 Emissions,Kilotonne CO2 Equivalent
European Union,1992,4259922.81188982,CO2 Emissions,Kilotonne CO2 Equivalent
European Union,1991,4403723.16147676,CO2 Emissions,Kilotonne CO2 Equivalent
European Union,1990,4462205.14458363,CO2 Emissions,Kilotonne CO2 Equivalent
Finland,2014,47597.7335272535,CO2 Emissions,Kilotonne CO2 Equivalent
Finland,2013,51834.6967381541,CO2 Emissions,Kilotonne CO2 Equivalent
Finland,2012,50983.2728750769,CO2 Emissions,Kilotonne CO2 Equivalent
Finland,2011,56478.7455886964,CO2 Emissions,Kilotonne CO2 Equivalent
Finland,2010,63828.0182275297,CO2 Emissions,Kilotonne CO2 Equivalent
Finland,2009,55635.5827690138,CO2 Emissions,Kilotonne CO2 Equivalent
Finland,2008,58461.6330236854,CO2 Emissions,Kilotonne CO2 Equivalent
Finland,2007,66531.7208142561,CO2 Emissions,Kilotonne CO2 Equivalent
Finland,2006,68201.9059970754,CO2 Emissions,Kilotonne CO2 Equivalent
Finland,2005,56912.3148929823,CO2 Emissions,Kilotonne CO2 Equivalent
Finland,2004,68821.8128908428,CO2 Emissions,Kilotonne CO2 Equivalent
Finland,2003,72522.5901920366,CO2 Emissions,Kilotonne CO2 Equivalent
Finland,2002,64946.4682059915,CO2 Emissions,Kilotonne CO2 Equivalent
Finland,2001,62442.6400686017,CO2 Emissions,Kilotonne CO2 Equivalent
Finland,2000,56973.3505273429,CO2 Emissions,Kilotonne CO2 Equivalent
Finland,1999,58872.9308028447,CO2 Emissions,Kilotonne CO2 Equivalent
Finland,1998,59351.4981462986,CO2 Emissions,Kilotonne CO2 Equivalent
Finland,1997,62698.0867925088,CO2 Emissions,Kilotonne CO2 Equivalent
Finland,1996,64038.9222021128,CO2 Emissions,Kilotonne CO2 Equivalent
Finland,1995,58126.247543133,CO2 Emissions,Kilotonne CO2 Equivalent
Finland,1994,61696.3853292446,CO2 Emissions,Kilotonne CO2 Equivalent
Finland,1993,56333.26799423,CO2 Emissions,Kilotonne CO2 Equivalent
Finland,1992,54264.3793101323,CO2 Emissions,Kilotonne CO2 Equivalent
Finland,1991,55187.1794528947,CO2 Emissions,Kilotonne CO2 Equivalent
Finland,1990,56950.8481820202,CO2 Emissions,Kilotonne CO2 Equivalent
France,2014,341152.531504158,CO2 Emissions,Kilotonne CO2 Equivalent
France,2013,369985.594525824,CO2 Emissions,Kilotonne CO2 Equivalent
France,2012,370491.153703148,CO2 Emissions,Kilotonne CO2 Equivalent
France,2011,368183.438441815,CO2 Emissions,Kilotonne CO2 Equivalent
France,2010,394235.674136659,CO2 Emissions,Kilotonne CO2 Equivalent
France,2009,383957.624293905,CO2 Emissions,Kilotonne CO2 Equivalent
France,2008,401878.86465183,CO2 Emissions,Kilotonne CO2 Equivalent
France,2007,408508.589897444,CO2 Emissions,Kilotonne CO2 Equivalent
France,2006,417662.678913825,CO2 Emissions,Kilotonne CO2 Equivalent
France,2005,428557.610248936,CO2 Emissions,Kilotonne CO2 Equivalent
France,2004,423168.636085445,CO2 Emissions,Kilotonne CO2 Equivalent
France,2003,422312.884466797,CO2 Emissions,Kilotonne CO2 Equivalent
France,2002,413569.247853298,CO2 Emissions,Kilotonne CO2 Equivalent
France,2001,417864.70558616,CO2 Emissions,Kilotonne CO2 Equivalent
France,2000,417116.544673865,CO2 Emissions,Kilotonne CO2 Equivalent
France,1999,420506.321957388,CO2 Emissions,Kilotonne CO2 Equivalent
France,1998,429051.499923046,CO2 Emissions,Kilotonne CO2 Equivalent
France,1997,407475.111806521,CO2 Emissions,Kilotonne CO2 Equivalent
France,1996,414013.070054113,CO2 Emissions,Kilotonne CO2 Equivalent
France,1995,401571.225451732,CO2 Emissions,Kilotonne CO2 Equivalent
France,1994,394536.962436592,CO2 Emissions,Kilotonne CO2 Equivalent
France,1993,394334.83380057,CO2 Emissions,Kilotonne CO2 Equivalent
France,1992,414955.076785321,CO2 Emissions,Kilotonne CO2 Equivalent
France,1991,425042.920702848,CO2 Emissions,Kilotonne CO2 Equivalent
France,1990,400652.624020681,CO2 Emissions,Kilotonne CO2 Equivalent
Germany,2014,792902.788025434,CO2 Emissions,Kilotonne CO2 Equivalent
Germany,2013,835792.632256705,CO2 Emissions,Kilotonne CO2 Equivalent
Germany,2012,817031.440197659,CO2 Emissions,Kilotonne CO2 Equivalent
Germany,2011,812483.219621071,CO2 Emissions,Kilotonne CO2 Equivalent
Germany,2010,832259.203309583,CO2 Emissions,Kilotonne CO2 Equivalent
Germany,2009,788422.437923384,CO2 Emissions,Kilotonne CO2 Equivalent
Germany,2008,853229.940752254,CO2 Emissions,Kilotonne CO2 Equivalent
Germany,2007,850795.7207597,CO2 Emissions,Kilotonne CO2 Equivalent
Germany,2006,877422.45689212,CO2 Emissions,Kilotonne CO2 Equivalent
Germany,2005,865958.513395873,CO2 Emissions,Kilotonne CO2 Equivalent
Germany,2004,886344.629703686,CO2 Emissions,Kilotonne CO2 Equivalent
Germany,2003,900377.585440517,CO2 Emissions,Kilotonne CO2 Equivalent
Germany,2002,899161.567421003,CO2 Emissions,Kilotonne CO2 Equivalent
Germany,2001,915634.439635279,CO2 Emissions,Kilotonne CO2 Equivalent
Germany,2000,899284.993390718,CO2 Emissions,Kilotonne CO2 Equivalent
Germany,1999,895336.786172859,CO2 Emissions,Kilotonne CO2 Equivalent
Germany,1998,922778.540047935,CO2 Emissions,Kilotonne CO2 Equivalent
Germany,1997,930768.560542915,CO2 Emissions,Kilotonne CO2 Equivalent
Germany,1996,958368.724698229,CO2 Emissions,Kilotonne CO2 Equivalent
Germany,1995,938148.0930919,CO2 Emissions,Kilotonne CO2 Equivalent
Germany,1994,939207.328236553,CO2 Emissions,Kilotonne CO2 Equivalent
Germany,1993,955977.599356065,CO2 Emissions,Kilotonne CO2 Equivalent
Germany,1992,965790.835271489,CO2 Emissions,Kilotonne CO2 Equivalent
Germany,1991,1014119.71977239,CO2 Emissions,Kilotonne CO2 Equivalent
Germany,1990,1052238.2340002,CO2 Emissions,Kilotonne CO2 Equivalent
Greece,2014,79628.2743994757,CO2 Emissions,Kilotonne CO2 Equivalent
Greece,2013,82910.6259583055,CO2 Emissions,Kilotonne CO2 Equivalent
Greece,2012,90710.5742463723,CO2 Emissions,Kilotonne CO2 Equivalent
Greece,2011,94102.9439816174,CO2 Emissions,Kilotonne CO2 Equivalent
Greece,2010,97035.0827603655,CO2 Emissions,Kilotonne CO2 Equivalent
Greece,2009,103969.78429385,CO2 Emissions,Kilotonne CO2 Equivalent
Greece,2008,110255.765521907,CO2 Emissions,Kilotonne CO2 Equivalent
Greece,2007,114127.554270902,CO2 Emissions,Kilotonne CO2 Equivalent
Greece,2006,111777.743714104,CO2 Emissions,Kilotonne CO2 Equivalent
Greece,2005,113219.822395958,CO2 Emissions,Kilotonne CO2 Equivalent
Greece,2004,109571.060909579,CO2 Emissions,Kilotonne CO2 Equivalent
Greece,2003,109126.567554916,CO2 Emissions,Kilotonne CO2 Equivalent
Greece,2002,105051.466199101,CO2 Emissions,Kilotonne CO2 Equivalent
Greece,2001,105407.307598309,CO2 Emissions,Kilotonne CO2 Equivalent
Greece,2000,103019.664690088,CO2 Emissions,Kilotonne CO2 Equivalent
Greece,1999,97979.7783523224,CO2 Emissions,Kilotonne CO2 Equivalent
Greece,1998,98663.1941625214,CO2 Emissions,Kilotonne CO2 Equivalent
Greece,1997,93839.8699189575,CO2 Emissions,Kilotonne CO2 Equivalent
Greece,1996,89134.4253965711,CO2 Emissions,Kilotonne CO2 Equivalent
Greece,1995,86980.6457725937,CO2 Emissions,Kilotonne CO2 Equivalent
Greece,1994,86425.8565118787,CO2 Emissions,Kilotonne CO2 Equivalent
Greece,1993,84263.0078976228,CO2 Emissions,Kilotonne CO2 Equivalent
Greece,1992,84949.0258298748,CO2 Emissions,Kilotonne CO2 Equivalent
Greece,1991,83390.3546805713,CO2 Emissions,Kilotonne CO2 Equivalent
Greece,1990,83403.7199982216,CO2 Emissions,Kilotonne CO2 Equivalent
Hungary,2014,43573.4088387418,CO2 Emissions,Kilotonne CO2 Equivalent
Hungary,2013,43930.8781767816,CO2 Emissions,Kilotonne CO2 Equivalent
Hungary,2012,46774.9448452999,CO2 Emissions,Kilotonne CO2 Equivalent
Hungary,2011,50272.8651021622,CO2 Emissions,Kilotonne CO2 Equivalent
Hungary,2010,52108.8927624657,CO2 Emissions,Kilotonne CO2 Equivalent
Hungary,2009,51630.6900244073,CO2 Emissions,Kilotonne CO2 Equivalent
Hungary,2008,57325.1623293437,CO2 Emissions,Kilotonne CO2 Equivalent
Hungary,2007,58419.0391671472,CO2 Emissions,Kilotonne CO2 Equivalent
Hungary,2006,59751.7310814697,CO2 Emissions,Kilotonne CO2 Equivalent
Hungary,2005,60329.5050120849,CO2 Emissions,Kilotonne CO2 Equivalent
Hungary,2004,60231.6619844867,CO2 Emissions,Kilotonne CO2 Equivalent
Hungary,2003,61766.839595491,CO2 Emissions,Kilotonne CO2 Equivalent
Hungary,2002,58968.2277702584,CO2 Emissions,Kilotonne CO2 Equivalent
Hungary,2001,59995.7344751382,CO2 Emissions,Kilotonne CO2 Equivalent
Hungary,2000,58336.8070649933,CO2 Emissions,Kilotonne CO2 Equivalent
Hungary,1999,61593.1410164197,CO2 Emissions,Kilotonne CO2 Equivalent
Hungary,1998,61087.7637948753,CO2 Emissions,Kilotonne CO2 Equivalent
Hungary,1997,61549.9124641614,CO2 Emissions,Kilotonne CO2 Equivalent
Hungary,1996,62950.2532137021,CO2 Emissions,Kilotonne CO2 Equivalent
Hungary,1995,61354.4620207158,CO2 Emissions,Kilotonne CO2 Equivalent
Hungary,1994,61568.3745934751,CO2 Emissions,Kilotonne CO2 Equivalent
Hungary,1993,63174.9783732307,CO2 Emissions,Kilotonne CO2 Equivalent
Hungary,1992,62050.1263972833,CO2 Emissions,Kilotonne CO2 Equivalent
Hungary,1991,69392.7256389081,CO2 Emissions,Kilotonne CO2 Equivalent
Hungary,1990,73115.1986276439,CO2 Emissions,Kilotonne CO2 Equivalent
Iceland,2014,3272.20823296511,CO2 Emissions,Kilotonne CO2 Equivalent
Iceland,2013,3301.79631376577,CO2 Emissions,Kilotonne CO2 Equivalent
Iceland,2012,3290.57643132926,CO2 Emissions,Kilotonne CO2 Equivalent
Iceland,2011,3298.56768958589,CO2 Emissions,Kilotonne CO2 Equivalent
Iceland,2010,3383.55221868805,CO2 Emissions,Kilotonne CO2 Equivalent
Iceland,2009,3521.8907096149,CO2 Emissions,Kilotonne CO2 Equivalent
Iceland,2008,3567.20925966227,CO2 Emissions,Kilotonne CO2 Equivalent
Iceland,2007,3236.89533653359,CO2 Emissions,Kilotonne CO2 Equivalent
Iceland,2006,2939.27659673656,CO2 Emissions,Kilotonne CO2 Equivalent
Iceland,2005,2797.31459197845,CO2 Emissions,Kilotonne CO2 Equivalent
Iceland,2004,2837.02901057771,CO2 Emissions,Kilotonne CO2 Equivalent
Iceland,2003,2792.72313185368,CO2 Emissions,Kilotonne CO2 Equivalent
Iceland,2002,2795.90731167373,CO2 Emissions,Kilotonne CO2 Equivalent
Iceland,2001,2710.29472706565,CO2 Emissions,Kilotonne CO2 Equivalent
Iceland,2000,2728.93748510151,CO2 Emissions,Kilotonne CO2 Equivalent
Iceland,1999,2655.39472544564,CO2 Emissions,Kilotonne CO2 Equivalent
Iceland,1998,2450.23426342854,CO2 Emissions,Kilotonne CO2 Equivalent
Iceland,1997,2450.24391979067,CO2 Emissions,Kilotonne CO2 Equivalent
Iceland,1996,2385.91382557077,CO2 Emissions,Kilotonne CO2 Equivalent
Iceland,1995,2299.61365454463,CO2 Emissions,Kilotonne CO2 Equivalent
Iceland,1994,2248.36895252634,CO2 Emissions,Kilotonne CO2 Equivalent
Iceland,1993,2294.50464413142,CO2 Emissions,Kilotonne CO2 Equivalent
Iceland,1992,2172.61936326312,CO2 Emissions,Kilotonne CO2 Equivalent
Iceland,1991,2042.93697601045,CO2 Emissions,Kilotonne CO2 Equivalent
Iceland,1990,2106.02606837613,CO2 Emissions,Kilotonne CO2 Equivalent
Ireland,2014,36559.0685812916,CO2 Emissions,Kilotonne CO2 Equivalent
Ireland,2013,37049.4238313976,CO2 Emissions,Kilotonne CO2 Equivalent
Ireland,2012,38031.6187161936,CO2 Emissions,Kilotonne CO2 Equivalent
Ireland,2011,37895.1954270366,CO2 Emissions,Kilotonne CO2 Equivalent
Ireland,2010,41558.2750861697,CO2 Emissions,Kilotonne CO2 Equivalent
Ireland,2009,41996.3246778451,CO2 Emissions,Kilotonne CO2 Equivalent
Ireland,2008,47175.5402654915,CO2 Emissions,Kilotonne CO2 Equivalent
Ireland,2007,47493.1266838399,CO2 Emissions,Kilotonne CO2 Equivalent
Ireland,2006,47405.9667288105,CO2 Emissions,Kilotonne CO2 Equivalent
Ireland,2005,47952.2043880837,CO2 Emissions,Kilotonne CO2 Equivalent
Ireland,2004,46042.4022484132,CO2 Emissions,Kilotonne CO2 Equivalent
Ireland,2003,45554.322521515,CO2 Emissions,Kilotonne CO2 Equivalent
Ireland,2002,45952.7301698154,CO2 Emissions,Kilotonne CO2 Equivalent
Ireland,2001,47482.7207784323,CO2 Emissions,Kilotonne CO2 Equivalent
Ireland,2000,45123.3354422644,CO2 Emissions,Kilotonne CO2 Equivalent
Ireland,1999,42302.0878630807,CO2 Emissions,Kilotonne CO2 Equivalent
Ireland,1998,40572.1758596239,CO2 Emissions,Kilotonne CO2 Equivalent
Ireland,1997,38675.594023595,CO2 Emissions,Kilotonne CO2 Equivalent
Ireland,1996,37335.1081070614,CO2 Emissions,Kilotonne CO2 Equivalent
Ireland,1995,35718.7485642434,CO2 Emissions,Kilotonne CO2 Equivalent
Ireland,1994,34696.485727221,CO2 Emissions,Kilotonne CO2 Equivalent
Ireland,1993,33574.9717415815,CO2 Emissions,Kilotonne CO2 Equivalent
Ireland,1992,33344.1023763207,CO2 Emissions,Kilotonne CO2 Equivalent
Ireland,1991,33508.44202382,CO2 Emissions,Kilotonne CO2 Equivalent
Ireland,1990,32768.5267614461,CO2 Emissions,Kilotonne CO2 Equivalent
Italy,2014,342826.677130676,CO2 Emissions,Kilotonne CO2 Equivalent
Italy,2013,362063.649296268,CO2 Emissions,Kilotonne CO2 Equivalent
Italy,2012,389340.763399181,CO2 Emissions,Kilotonne CO2 Equivalent
Italy,2011,416499.534208263,CO2 Emissions,Kilotonne CO2 Equivalent
Italy,2010,428879.681194381,CO2 Emissions,Kilotonne CO2 Equivalent
Italy,2009,418881.076903293,CO2 Emissions,Kilotonne CO2 Equivalent
Italy,2008,467933.59324447,CO2 Emissions,Kilotonne CO2 Equivalent
Italy,2007,478237.711240526,CO2 Emissions,Kilotonne CO2 Equivalent
Italy,2006,486594.066569872,CO2 Emissions,Kilotonne CO2 Equivalent
Italy,2005,490914.262890322,CO2 Emissions,Kilotonne CO2 Equivalent
Italy,2004,492746.255602992,CO2 Emissions,Kilotonne CO2 Equivalent
Italy,2003,489595.50811926,CO2 Emissions,Kilotonne CO2 Equivalent
Italy,2002,473504.059244666,CO2 Emissions,Kilotonne CO2 Equivalent
Italy,2001,471124.276709558,CO2 Emissions,Kilotonne CO2 Equivalent
Italy,2000,465175.073350703,CO2 Emissions,Kilotonne CO2 Equivalent
Italy,1999,459840.64226897,CO2 Emissions,Kilotonne CO2 Equivalent
Italy,1998,454967.633181096,CO2 Emissions,Kilotonne CO2 Equivalent
Italy,1997,444055.433535223,CO2 Emissions,Kilotonne CO2 Equivalent
Italy,1996,440235.507200098,CO2 Emissions,Kilotonne CO2 Equivalent
Italy,1995,447201.168755567,CO2 Emissions,Kilotonne CO2 Equivalent
Italy,1994,421404.099922133,CO2 Emissions,Kilotonne CO2 Equivalent
Italy,1993,429158.009174904,CO2 Emissions,Kilotonne CO2 Equivalent
Italy,1992,435535.835117712,CO2 Emissions,Kilotonne CO2 Equivalent
Italy,1991,435938.613895185,CO2 Emissions,Kilotonne CO2 Equivalent
Italy,1990,436204.249867101,CO2 Emissions,Kilotonne CO2 Equivalent
Japan,2014,1265490.60931631,CO2 Emissions,Kilotonne CO2 Equivalent
Japan,2013,1311509.14921749,CO2 Emissions,Kilotonne CO2 Equivalent
Japan,2012,1296186.35836425,CO2 Emissions,Kilotonne CO2 Equivalent
Japan,2011,1261862.93795353,CO2 Emissions,Kilotonne CO2 Equivalent
Japan,2010,1212970.22514141,CO2 Emissions,Kilotonne CO2 Equivalent
Japan,2009,1162606.19176432,CO2 Emissions,Kilotonne CO2 Equivalent
Japan,2008,1235455.81022118,CO2 Emissions,Kilotonne CO2 Equivalent
Japan,2007,1319799.19357988,CO2 Emissions,Kilotonne CO2 Equivalent
Japan,2006,1285177.83728116,CO2 Emissions,Kilotonne CO2 Equivalent
Japan,2005,1305938.82350271,CO2 Emissions,Kilotonne CO2 Equivalent
Japan,2004,1298433.88847959,CO2 Emissions,Kilotonne CO2 Equivalent
Japan,2003,1299490.60851261,CO2 Emissions,Kilotonne CO2 Equivalent
Japan,2002,1294399.19841025,CO2 Emissions,Kilotonne CO2 Equivalent
Japan,2001,1257384.56001844,CO2 Emissions,Kilotonne CO2 Equivalent
Japan,2000,1274297.98807522,CO2 Emissions,Kilotonne CO2 Equivalent
Japan,1999,1253082.14716425,CO2 Emissions,Kilotonne CO2 Equivalent
Japan,1998,1218257.76164334,CO2 Emissions,Kilotonne CO2 Equivalent
Japan,1997,1253057.30667741,CO2 Emissions,Kilotonne CO2 Equivalent
Japan,1996,1255264.19757618,CO2 Emissions,Kilotonne CO2 Equivalent
Japan,1995,1242494.02197198,CO2 Emissions,Kilotonne CO2 Equivalent
Japan,1994,1228936.69128837,CO2 Emissions,Kilotonne CO2 Equivalent
Japan,1993,1167714.71812869,CO2 Emissions,Kilotonne CO2 Equivalent
Japan,1992,1174619.00608734,CO2 Emissions,Kilotonne CO2 Equivalent
Japan,1991,1164474.34578731,CO2 Emissions,Kilotonne CO2 Equivalent
Japan,1990,1155993.61991868,CO2 Emissions,Kilotonne CO2 Equivalent
Latvia,2014,7158.71803669862,CO2 Emissions,Kilotonne CO2 Equivalent
Latvia,2013,7353.22044369415,CO2 Emissions,Kilotonne CO2 Equivalent
Latvia,2012,7521.1225279261,CO2 Emissions,Kilotonne CO2 Equivalent
Latvia,2011,7807.65940956673,CO2 Emissions,Kilotonne CO2 Equivalent
Latvia,2010,8524.08722660934,CO2 Emissions,Kilotonne CO2 Equivalent
Latvia,2009,7443.28601054364,CO2 Emissions,Kilotonne CO2 Equivalent
Latvia,2008,8184.97124654311,CO2 Emissions,Kilotonne CO2 Equivalent
Latvia,2007,8610.25539674785,CO2 Emissions,Kilotonne CO2 Equivalent
Latvia,2006,8289.2066784209,CO2 Emissions,Kilotonne CO2 Equivalent
Latvia,2005,7790.40393195636,CO2 Emissions,Kilotonne CO2 Equivalent
Latvia,2004,7709.46076182043,CO2 Emissions,Kilotonne CO2 Equivalent
Latvia,2003,7703.77150791307,CO2 Emissions,Kilotonne CO2 Equivalent
Latvia,2002,7508.74324201186,CO2 Emissions,Kilotonne CO2 Equivalent
Latvia,2001,7480.50260667025,CO2 Emissions,Kilotonne CO2 Equivalent
Latvia,2000,7069.94204019894,CO2 Emissions,Kilotonne CO2 Equivalent
Latvia,1999,7709.04999256645,CO2 Emissions,Kilotonne CO2 Equivalent
Latvia,1998,8300.59527801083,CO2 Emissions,Kilotonne CO2 Equivalent
Latvia,1997,8677.54581083478,CO2 Emissions,Kilotonne CO2 Equivalent
Latvia,1996,9216.3839879477,CO2 Emissions,Kilotonne CO2 Equivalent
Latvia,1995,9141.35351650325,CO2 Emissions,Kilotonne CO2 Equivalent
Latvia,1994,10399.1411291737,CO2 Emissions,Kilotonne CO2 Equivalent
Latvia,1993,11966.1455063059,CO2 Emissions,Kilotonne CO2 Equivalent
Latvia,1992,14244.6533850411,CO2 Emissions,Kilotonne CO2 Equivalent
Latvia,1991,18021.1952417204,CO2 Emissions,Kilotonne CO2 Equivalent
Latvia,1990,19794.2944546485,CO2 Emissions,Kilotonne CO2 Equivalent
Liechtenstein,2014,161.541816662752,CO2 Emissions,Kilotonne CO2 Equivalent
Liechtenstein,2013,192.864415788715,CO2 Emissions,Kilotonne CO2 Equivalent
Liechtenstein,2012,185.63243136026,CO2 Emissions,Kilotonne CO2 Equivalent
Liechtenstein,2011,177.088040245414,CO2 Emissions,Kilotonne CO2 Equivalent
Liechtenstein,2010,191.047501716787,CO2 Emissions,Kilotonne CO2 Equivalent
Liechtenstein,2009,205.590543733379,CO2 Emissions,Kilotonne CO2 Equivalent
Liechtenstein,2008,219.698915477856,CO2 Emissions,Kilotonne CO2 Equivalent
Liechtenstein,2007,200.920107913985,CO2 Emissions,Kilotonne CO2 Equivalent
Liechtenstein,2006,231.217305115884,CO2 Emissions,Kilotonne CO2 Equivalent
Liechtenstein,2005,228.970323897819,CO2 Emissions,Kilotonne CO2 Equivalent
Liechtenstein,2004,229.296321626453,CO2 Emissions,Kilotonne CO2 Equivalent
Liechtenstein,2003,229.265875097937,CO2 Emissions,Kilotonne CO2 Equivalent
Liechtenstein,2002,219.947204551546,CO2 Emissions,Kilotonne CO2 Equivalent
Liechtenstein,2001,214.585310816839,CO2 Emissions,Kilotonne CO2 Equivalent
Liechtenstein,2000,216.750456413769,CO2 Emissions,Kilotonne CO2 Equivalent
Liechtenstein,1999,226.448838014394,CO2 Emissions,Kilotonne CO2 Equivalent
Liechtenstein,1998,229.11710392684,CO2 Emissions,Kilotonne CO2 Equivalent
Liechtenstein,1997,218.235372862382,CO2 Emissions,Kilotonne CO2 Equivalent
Liechtenstein,1996,205.809089624326,CO2 Emissions,Kilotonne CO2 Equivalent
Liechtenstein,1995,204.05592043076,CO2 Emissions,Kilotonne CO2 Equivalent
Liechtenstein,1994,200.961153022994,CO2 Emissions,Kilotonne CO2 Equivalent
Liechtenstein,1993,214.867690812009,CO2 Emissions,Kilotonne CO2 Equivalent
Liechtenstein,1992,206.776032802858,CO2 Emissions,Kilotonne CO2 Equivalent
Liechtenstein,1991,206.146706845605,CO2 Emissions,Kilotonne CO2 Equivalent
Liechtenstein,1990,198.775112043709,CO2 Emissions,Kilotonne CO2 Equivalent
Lithuania,2014,12732.798863701,CO2 Emissions,Kilotonne CO2 Equivalent
Lithuania,2013,12987.8175314716,CO2 Emissions,Kilotonne CO2 Equivalent
Lithuania,2012,13975.5232139658,CO2 Emissions,Kilotonne CO2 Equivalent
Lithuania,2011,13919.0154984666,CO2 Emissions,Kilotonne CO2 Equivalent
Lithuania,2010,13618.9126645228,CO2 Emissions,Kilotonne CO2 Equivalent
Lithuania,2009,12727.12003622,CO2 Emissions,Kilotonne CO2 Equivalent
Lithuania,2008,14963.2547162584,CO2 Emissions,Kilotonne CO2 Equivalent
Lithuania,2007,15624.07633974,CO2 Emissions,Kilotonne CO2 Equivalent
Lithuania,2006,14303.032680413,CO2 Emissions,Kilotonne CO2 Equivalent
Lithuania,2005,13946.8843032497,CO2 Emissions,Kilotonne CO2 Equivalent
Lithuania,2004,13185.4933655222,CO2 Emissions,Kilotonne CO2 Equivalent
Lithuania,2003,12605.2382016521,CO2 Emissions,Kilotonne CO2 Equivalent
Lithuania,2002,12614.4250089828,CO2 Emissions,Kilotonne CO2 Equivalent
Lithuania,2001,12507.9666751041,CO2 Emissions,Kilotonne CO2 Equivalent
Lithuania,2000,11801.964898672,CO2 Emissions,Kilotonne CO2 Equivalent
Lithuania,1999,13422.1511465775,CO2 Emissions,Kilotonne CO2 Equivalent
Lithuania,1998,15901.5175726569,CO2 Emissions,Kilotonne CO2 Equivalent
Lithuania,1997,15086.2857611334,CO2 Emissions,Kilotonne CO2 Equivalent
Lithuania,1996,15676.8310317989,CO2 Emissions,Kilotonne CO2 Equivalent
Lithuania,1995,15022.5441346944,CO2 Emissions,Kilotonne CO2 Equivalent
Lithuania,1994,15765.4147628091,CO2 Emissions,Kilotonne CO2 Equivalent
Lithuania,1993,16347.1718255148,CO2 Emissions,Kilotonne CO2 Equivalent
Lithuania,1992,21207.8873890696,CO2 Emissions,Kilotonne CO2 Equivalent
Lithuania,1991,37908.6124957275,CO2 Emissions,Kilotonne CO2 Equivalent
Lithuania,1990,35812.8936845412,CO2 Emissions,Kilotonne CO2 Equivalent
Luxembourg,2014,9826.25327758284,CO2 Emissions,Kilotonne CO2 Equivalent
Luxembourg,2013,10303.0396071267,CO2 Emissions,Kilotonne CO2 Equivalent
Luxembourg,2012,10872.0644823704,CO2 Emissions,Kilotonne CO2 Equivalent
Luxembourg,2011,11168.5116663343,CO2 Emissions,Kilotonne CO2 Equivalent
Luxembourg,2010,11285.0274171344,CO2 Emissions,Kilotonne CO2 Equivalent
Luxembourg,2009,10725.5221348792,CO2 Emissions,Kilotonne CO2 Equivalent
Luxembourg,2008,11245.8724868627,CO2 Emissions,Kilotonne CO2 Equivalent
Luxembourg,2007,11398.7059208596,CO2 Emissions,Kilotonne CO2 Equivalent
Luxembourg,2006,11995.820174914,CO2 Emissions,Kilotonne CO2 Equivalent
Luxembourg,2005,12130.9137942819,CO2 Emissions,Kilotonne CO2 Equivalent
Luxembourg,2004,11871.1077184731,CO2 Emissions,Kilotonne CO2 Equivalent
Luxembourg,2003,10443.3832173203,CO2 Emissions,Kilotonne CO2 Equivalent
Luxembourg,2002,10068.1403163216,CO2 Emissions,Kilotonne CO2 Equivalent
Luxembourg,2001,9311.91612729174,CO2 Emissions,Kilotonne CO2 Equivalent
Luxembourg,2000,8798.1820808658,CO2 Emissions,Kilotonne CO2 Equivalent
Luxembourg,1999,7986.15588056852,CO2 Emissions,Kilotonne CO2 Equivalent
Luxembourg,1998,7619.36328997421,CO2 Emissions,Kilotonne CO2 Equivalent
Luxembourg,1997,8530.7453454746,CO2 Emissions,Kilotonne CO2 Equivalent
Luxembourg,1996,9217.19030053529,CO2 Emissions,Kilotonne CO2 Equivalent
Luxembourg,1995,9155.85264991365,CO2 Emissions,Kilotonne CO2 Equivalent
Luxembourg,1994,11560.5716944518,CO2 Emissions,Kilotonne CO2 Equivalent
Luxembourg,1993,12375.507079302,CO2 Emissions,Kilotonne CO2 Equivalent
Luxembourg,1992,12253.5715940463,CO2 Emissions,Kilotonne CO2 Equivalent
Luxembourg,1991,12467.5131948589,CO2 Emissions,Kilotonne CO2 Equivalent
Luxembourg,1990,11944.0073852812,CO2 Emissions,Kilotonne CO2 Equivalent
Malta,2014,2483.5367864507,CO2 Emissions,Kilotonne CO2 Equivalent
Malta,2013,2476.07442909592,CO2 Emissions,Kilotonne CO2 Equivalent
Malta,2012,2868.63812814327,CO2 Emissions,Kilotonne CO2 Equivalent
Malta,2011,2785.89656845722,CO2 Emissions,Kilotonne CO2 Equivalent
Malta,2010,2690.51803520544,CO2 Emissions,Kilotonne CO2 Equivalent
Malta,2009,2684.52129301397,CO2 Emissions,Kilotonne CO2 Equivalent
Malta,2008,2822.40616690519,CO2 Emissions,Kilotonne CO2 Equivalent
Malta,2007,2831.64226468627,CO2 Emissions,Kilotonne CO2 Equivalent
Malta,2006,2776.31430670588,CO2 Emissions,Kilotonne CO2 Equivalent
Malta,2005,2736.31293358517,CO2 Emissions,Kilotonne CO2 Equivalent
Malta,2004,2604.74483182786,CO2 Emissions,Kilotonne CO2 Equivalent
Malta,2003,2666.13432525932,CO2 Emissions,Kilotonne CO2 Equivalent
Malta,2002,2464.21222943374,CO2 Emissions,Kilotonne CO2 Equivalent
Malta,2001,2550.60406083421,CO2 Emissions,Kilotonne CO2 Equivalent
Malta,2000,2414.28381121499,CO2 Emissions,Kilotonne CO2 Equivalent
Malta,1999,2418.55556461069,CO2 Emissions,Kilotonne CO2 Equivalent
Malta,1998,2338.06278770006,CO2 Emissions,Kilotonne CO2 Equivalent
Malta,1997,2331.95473493565,CO2 Emissions,Kilotonne CO2 Equivalent
Malta,1996,2329.18169821771,CO2 Emissions,Kilotonne CO2 Equivalent
Malta,1995,2313.21608944717,CO2 Emissions,Kilotonne CO2 Equivalent
Malta,1994,2302.77027658996,CO2 Emissions,Kilotonne CO2 Equivalent
Malta,1993,2252.06276712832,CO2 Emissions,Kilotonne CO2 Equivalent
Malta,1992,2174.6344662953,CO2 Emissions,Kilotonne CO2 Equivalent
Malta,1991,2041.24609263112,CO2 Emissions,Kilotonne CO2 Equivalent
Malta,1990,1860.47364818374,CO2 Emissions,Kilotonne CO2 Equivalent
Monaco,2013,74.4309201897803,CO2 Emissions,Kilotonne CO2 Equivalent
Monaco,2012,75.1655688427013,CO2 Emissions,Kilotonne CO2 Equivalent
Monaco,2011,71.8818954508995,CO2 Emissions,Kilotonne CO2 Equivalent
Monaco,2010,75.4682651256747,CO2 Emissions,Kilotonne CO2 Equivalent
Monaco,2009,77.7719361035662,CO2 Emissions,Kilotonne CO2 Equivalent
Monaco,2008,81.376901087813,CO2 Emissions,Kilotonne CO2 Equivalent
Monaco,2007,82.7191922532151,CO2 Emissions,Kilotonne CO2 Equivalent
Monaco,2006,82.1239180016564,CO2 Emissions,Kilotonne CO2 Equivalent
Monaco,2005,88.7506912513649,CO2 Emissions,Kilotonne CO2 Equivalent
Monaco,2004,90.2005037527358,CO2 Emissions,Kilotonne CO2 Equivalent
Monaco,2003,95.2988549787458,CO2 Emissions,Kilotonne CO2 Equivalent
Monaco,2002,98.1612757195457,CO2 Emissions,Kilotonne CO2 Equivalent
Monaco,2001,98.5488680526432,CO2 Emissions,Kilotonne CO2 Equivalent
Monaco,2000,98.3243559267737,CO2 Emissions,Kilotonne CO2 Equivalent
Monaco,1999,100.659281930126,CO2 Emissions,Kilotonne CO2 Equivalent
Monaco,1998,99.8168591352245,CO2 Emissions,Kilotonne CO2 Equivalent
Monaco,1997,101.0844813444,CO2 Emissions,Kilotonne CO2 Equivalent
Monaco,1996,102.31953844658,CO2 Emissions,Kilotonne CO2 Equivalent
Monaco,1995,98.9904298934365,CO2 Emissions,Kilotonne CO2 Equivalent
Monaco,1994,101.872636286934,CO2 Emissions,Kilotonne CO2 Equivalent
Monaco,1993,100.881938455885,CO2 Emissions,Kilotonne CO2 Equivalent
Monaco,1992,101.742603038854,CO2 Emissions,Kilotonne CO2 Equivalent
Monaco,1991,96.1472045795796,CO2 Emissions,Kilotonne CO2 Equivalent
Monaco,1990,95.3851833205759,CO2 Emissions,Kilotonne CO2 Equivalent
Netherlands,2014,157789.581719585,CO2 Emissions,Kilotonne CO2 Equivalent
Netherlands,2013,165475.88439356,CO2 Emissions,Kilotonne CO2 Equivalent
Netherlands,2012,165665.023774753,CO2 Emissions,Kilotonne CO2 Equivalent
Netherlands,2011,169792.136541403,CO2 Emissions,Kilotonne CO2 Equivalent
Netherlands,2010,182529.786939532,CO2 Emissions,Kilotonne CO2 Equivalent
Netherlands,2009,170796.156580042,CO2 Emissions,Kilotonne CO2 Equivalent
Netherlands,2008,176174.418350642,CO2 Emissions,Kilotonne CO2 Equivalent
Netherlands,2007,173178.420395882,CO2 Emissions,Kilotonne CO2 Equivalent
Netherlands,2006,172772.892779103,CO2 Emissions,Kilotonne CO2 Equivalent
Netherlands,2005,177540.473199828,CO2 Emissions,Kilotonne CO2 Equivalent
Netherlands,2004,181546.25702136,CO2 Emissions,Kilotonne CO2 Equivalent
Netherlands,2003,179867.888967448,CO2 Emissions,Kilotonne CO2 Equivalent
Netherlands,2002,176462.400587543,CO2 Emissions,Kilotonne CO2 Equivalent
Netherlands,2001,177037.401595998,CO2 Emissions,Kilotonne CO2 Equivalent
Netherlands,2000,172059.812230581,CO2 Emissions,Kilotonne CO2 Equivalent
Netherlands,1999,171228.109552445,CO2 Emissions,Kilotonne CO2 Equivalent
Netherlands,1998,176617.168521043,CO2 Emissions,Kilotonne CO2 Equivalent
Netherlands,1997,175487.970753103,CO2 Emissions,Kilotonne CO2 Equivalent
Netherlands,1996,182573.582902116,CO2 Emissions,Kilotonne CO2 Equivalent
Netherlands,1995,173196.297429017,CO2 Emissions,Kilotonne CO2 Equivalent
Netherlands,1994,175008.703110698,CO2 Emissions,Kilotonne CO2 Equivalent
Netherlands,1993,171497.891064769,CO2 Emissions,Kilotonne CO2 Equivalent
Netherlands,1992,170975.242888508,CO2 Emissions,Kilotonne CO2 Equivalent
Netherlands,1991,171081.473914794,CO2 Emissions,Kilotonne CO2 Equivalent
Netherlands,1990,162497.559622722,CO2 Emissions,Kilotonne CO2 Equivalent
New Zealand,2014,35616.9853050414,CO2 Emissions,Kilotonne CO2 Equivalent
New Zealand,2013,35094.2867396817,CO2 Emissions,Kilotonne CO2 Equivalent
New Zealand,2012,35621.0260193518,CO2 Emissions,Kilotonne CO2 Equivalent
New Zealand,2011,34366.5826844218,CO2 Emissions,Kilotonne CO2 Equivalent
New Zealand,2010,35017.2413542609,CO2 Emissions,Kilotonne CO2 Equivalent
New Zealand,2009,34806.4020881589,CO2 Emissions,Kilotonne CO2 Equivalent
New Zealand,2008,37674.0517694367,CO2 Emissions,Kilotonne CO2 Equivalent
New Zealand,2007,36651.3714858119,CO2 Emissions,Kilotonne CO2 Equivalent
New Zealand,2006,37519.1047271712,CO2 Emissions,Kilotonne CO2 Equivalent
New Zealand,2005,37645.434299041,CO2 Emissions,Kilotonne CO2 Equivalent
New Zealand,2004,36063.663329171,CO2 Emissions,Kilotonne CO2 Equivalent
New Zealand,2003,36497.1710064703,CO2 Emissions,Kilotonne CO2 Equivalent
New Zealand,2002,34768.2781829264,CO2 Emissions,Kilotonne CO2 Equivalent
New Zealand,2001,34581.7227646535,CO2 Emissions,Kilotonne CO2 Equivalent
New Zealand,2000,32355.957023316,CO2 Emissions,Kilotonne CO2 Equivalent
New Zealand,1999,31523.1860916854,CO2 Emissions,Kilotonne CO2 Equivalent
New Zealand,1998,29927.5013796907,CO2 Emissions,Kilotonne CO2 Equivalent
New Zealand,1997,31363.4526194792,CO2 Emissions,Kilotonne CO2 Equivalent
New Zealand,1996,29368.2649922759,CO2 Emissions,Kilotonne CO2 Equivalent
New Zealand,1995,28143.4576273053,CO2 Emissions,Kilotonne CO2 Equivalent
New Zealand,1994,27879.0592141093,CO2 Emissions,Kilotonne CO2 Equivalent
New Zealand,1993,27697.2273476821,CO2 Emissions,Kilotonne CO2 Equivalent
New Zealand,1992,28099.6999900939,CO2 Emissions,Kilotonne CO2 Equivalent
New Zealand,1991,26108.064501553,CO2 Emissions,Kilotonne CO2 Equivalent
New Zealand,1990,25419.7716716116,CO2 Emissions,Kilotonne CO2 Equivalent
Norway,2014,43869.4510924803,CO2 Emissions,Kilotonne CO2 Equivalent
Norway,2013,44309.0559727695,CO2 Emissions,Kilotonne CO2 Equivalent
Norway,2012,44553.9656597819,CO2 Emissions,Kilotonne CO2 Equivalent
Norway,2011,44946.8693532922,CO2 Emissions,Kilotonne CO2 Equivalent
Norway,2010,45833.8920681508,CO2 Emissions,Kilotonne CO2 Equivalent
Norway,2009,43212.0924688473,CO2 Emissions,Kilotonne CO2 Equivalent
Norway,2008,44893.0941871551,CO2 Emissions,Kilotonne CO2 Equivalent
Norway,2007,45842.8095311711,CO2 Emissions,Kilotonne CO2 Equivalent
Norway,2006,43913.7448222241,CO2 Emissions,Kilotonne CO2 Equivalent
Norway,2005,43548.2302876495,CO2 Emissions,Kilotonne CO2 Equivalent
Norway,2004,44320.0048845842,CO2 Emissions,Kilotonne CO2 Equivalent
Norway,2003,43906.7096554175,CO2 Emissions,Kilotonne CO2 Equivalent
Norway,2002,42655.8748276072,CO2 Emissions,Kilotonne CO2 Equivalent
Norway,2001,43530.3487635507,CO2 Emissions,Kilotonne CO2 Equivalent
Norway,2000,42194.6191784625,CO2 Emissions,Kilotonne CO2 Equivalent
Norway,1999,42691.7563679429,CO2 Emissions,Kilotonne CO2 Equivalent
Norway,1998,41939.0379176034,CO2 Emissions,Kilotonne CO2 Equivalent
Norway,1997,41683.1333687712,CO2 Emissions,Kilotonne CO2 Equivalent
Norway,1996,41586.7085615304,CO2 Emissions,Kilotonne CO2 Equivalent
Norway,1995,38464.9066615123,CO2 Emissions,Kilotonne CO2 Equivalent
Norway,1994,38434.7651928654,CO2 Emissions,Kilotonne CO2 Equivalent
Norway,1993,36520.7838206741,CO2 Emissions,Kilotonne CO2 Equivalent
Norway,1992,34833.2478178252,CO2 Emissions,Kilotonne CO2 Equivalent
Norway,1991,34070.978364376,CO2 Emissions,Kilotonne CO2 Equivalent
Norway,1990,35694.8243978959,CO2 Emissions,Kilotonne CO2 Equivalent
Poland,2014,310307.297357959,CO2 Emissions,Kilotonne CO2 Equivalent
Poland,2013,322440.486501595,CO2 Emissions,Kilotonne CO2 Equivalent
Poland,2012,326597.790549729,CO2 Emissions,Kilotonne CO2 Equivalent
Poland,2011,333713.650695256,CO2 Emissions,Kilotonne CO2 Equivalent
Poland,2010,334026.154705205,CO2 Emissions,Kilotonne CO2 Equivalent
Poland,2009,315937.965878291,CO2 Emissions,Kilotonne CO2 Equivalent
Poland,2008,329338.171084879,CO2 Emissions,Kilotonne CO2 Equivalent
Poland,2007,336268.110889212,CO2 Emissions,Kilotonne CO2 Equivalent
Poland,2006,336500.578934838,CO2 Emissions,Kilotonne CO2 Equivalent
Poland,2005,323372.578397668,CO2 Emissions,Kilotonne CO2 Equivalent
Poland,2004,324279.449842642,CO2 Emissions,Kilotonne CO2 Equivalent
Poland,2003,320230.170467384,CO2 Emissions,Kilotonne CO2 Equivalent
Poland,2002,307535.642199397,CO2 Emissions,Kilotonne CO2 Equivalent
Poland,2001,315274.093567475,CO2 Emissions,Kilotonne CO2 Equivalent
Poland,2000,319120.405105406,CO2 Emissions,Kilotonne CO2 Equivalent
Poland,1999,329380.898350257,CO2 Emissions,Kilotonne CO2 Equivalent
Poland,1998,339145.82962033,CO2 Emissions,Kilotonne CO2 Equivalent
Poland,1997,368415.853280443,CO2 Emissions,Kilotonne CO2 Equivalent
Poland,1996,377308.59613738,CO2 Emissions,Kilotonne CO2 Equivalent
Poland,1995,363885.777573228,CO2 Emissions,Kilotonne CO2 Equivalent
Poland,1994,362012.958757259,CO2 Emissions,Kilotonne CO2 Equivalent
Poland,1993,366427.660913436,CO2 Emissions,Kilotonne CO2 Equivalent
Poland,1992,365865.15951878,CO2 Emissions,Kilotonne CO2 Equivalent
Poland,1991,375684.15694778,CO2 Emissions,Kilotonne CO2 Equivalent
Poland,1990,378782.539166168,CO2 Emissions,Kilotonne CO2 Equivalent
Portugal,2014,48353.6903302063,CO2 Emissions,Kilotonne CO2 Equivalent
Portugal,2013,48495.550477338,CO2 Emissions,Kilotonne CO2 Equivalent
Portugal,2012,50262.4224416189,CO2 Emissions,Kilotonne CO2 Equivalent
Portugal,2011,52150.653443811,CO2 Emissions,Kilotonne CO2 Equivalent
Portugal,2010,53583.8858598739,CO2 Emissions,Kilotonne CO2 Equivalent
Portugal,2009,58004.1969738053,CO2 Emissions,Kilotonne CO2 Equivalent
Portugal,2008,60550.0402031828,CO2 Emissions,Kilotonne CO2 Equivalent
Portugal,2007,62791.1477666385,CO2 Emissions,Kilotonne CO2 Equivalent
Portugal,2006,65465.41971559,CO2 Emissions,Kilotonne CO2 Equivalent
Portugal,2005,70034.5294076015,CO2 Emissions,Kilotonne CO2 Equivalent
Portugal,2004,67458.1591415789,CO2 Emissions,Kilotonne CO2 Equivalent
Portugal,2003,64697.2992169906,CO2 Emissions,Kilotonne CO2 Equivalent
Portugal,2002,69954.4945153443,CO2 Emissions,Kilotonne CO2 Equivalent
Portugal,2001,66113.7557093707,CO2 Emissions,Kilotonne CO2 Equivalent
Portugal,2000,66411.3299157974,CO2 Emissions,Kilotonne CO2 Equivalent
Portugal,1999,67612.8118918815,CO2 Emissions,Kilotonne CO2 Equivalent
Portugal,1998,59976.20991864,CO2 Emissions,Kilotonne CO2 Equivalent
Portugal,1997,55454.2110573498,CO2 Emissions,Kilotonne CO2 Equivalent
Portugal,1996,52348.4688110753,CO2 Emissions,Kilotonne CO2 Equivalent
Portugal,1995,55134.3294664048,CO2 Emissions,Kilotonne CO2 Equivalent
Portugal,1994,51303.2041493178,CO2 Emissions,Kilotonne CO2 Equivalent
Portugal,1993,50502.1225996005,CO2 Emissions,Kilotonne CO2 Equivalent
Portugal,1992,51850.5656733148,CO2 Emissions,Kilotonne CO2 Equivalent
Portugal,1991,47406.8424856753,CO2 Emissions,Kilotonne CO2 Equivalent
Portugal,1990,45809.0714101803,CO2 Emissions,Kilotonne CO2 Equivalent
Romania,2014,74046.4676268308,CO2 Emissions,Kilotonne CO2 Equivalent
Romania,2013,74083.358238036,CO2 Emissions,Kilotonne CO2 Equivalent
Romania,2012,84661.2305445011,CO2 Emissions,Kilotonne CO2 Equivalent
Romania,2011,86163.6343263804,CO2 Emissions,Kilotonne CO2 Equivalent
Romania,2010,80795.7740259277,CO2 Emissions,Kilotonne CO2 Equivalent
Romania,2009,85288.2940231284,CO2 Emissions,Kilotonne CO2 Equivalent
Romania,2008,101035.420806089,CO2 Emissions,Kilotonne CO2 Equivalent
Romania,2007,104540.350942151,CO2 Emissions,Kilotonne CO2 Equivalent
Romania,2006,106175.991142102,CO2 Emissions,Kilotonne CO2 Equivalent
Romania,2005,102414.252372896,CO2 Emissions,Kilotonne CO2 Equivalent
Romania,2004,104575.077756967,CO2 Emissions,Kilotonne CO2 Equivalent
Romania,2003,105737.481034365,CO2 Emissions,Kilotonne CO2 Equivalent
Romania,2002,100655.31311867,CO2 Emissions,Kilotonne CO2 Equivalent
Romania,2001,100377.986962722,CO2 Emissions,Kilotonne CO2 Equivalent
Romania,2000,95190.9034483113,CO2 Emissions,Kilotonne CO2 Equivalent
Romania,1999,90443.3507659838,CO2 Emissions,Kilotonne CO2 Equivalent
Romania,1998,106813.977529299,CO2 Emissions,Kilotonne CO2 Equivalent
Romania,1997,123515.853269646,CO2 Emissions,Kilotonne CO2 Equivalent
Romania,1996,131939.69450211,CO2 Emissions,Kilotonne CO2 Equivalent
Romania,1995,128587.003639727,CO2 Emissions,Kilotonne CO2 Equivalent
Romania,1994,122610.776956391,CO2 Emissions,Kilotonne CO2 Equivalent
Romania,1993,124819.100092444,CO2 Emissions,Kilotonne CO2 Equivalent
Romania,1992,132732.908743069,CO2 Emissions,Kilotonne CO2 Equivalent
Romania,1991,143586.607530198,CO2 Emissions,Kilotonne CO2 Equivalent
Romania,1990,174731.886787722,CO2 Emissions,Kilotonne CO2 Equivalent
Russian Federation,2014,1671568.65225681,CO2 Emissions,Kilotonne CO2 Equivalent
Russian Federation,2013,1666644.42307436,CO2 Emissions,Kilotonne CO2 Equivalent
Russian Federation,2012,1727489.10411795,CO2 Emissions,Kilotonne CO2 Equivalent
Russian Federation,2011,1717221.95058062,CO2 Emissions,Kilotonne CO2 Equivalent
Russian Federation,2010,1662592.25855081,CO2 Emissions,Kilotonne CO2 Equivalent
Russian Federation,2009,1576703.96685802,CO2 Emissions,Kilotonne CO2 Equivalent
Russian Federation,2008,1684999.82263502,CO2 Emissions,Kilotonne CO2 Equivalent
Russian Federation,2007,1653139.05550251,CO2 Emissions,Kilotonne CO2 Equivalent
Russian Federation,2006,1653289.19267186,CO2 Emissions,Kilotonne CO2 Equivalent
Russian Federation,2005,1593933.34385535,CO2 Emissions,Kilotonne CO2 Equivalent
Russian Federation,2004,1575180.85973468,CO2 Emissions,Kilotonne CO2 Equivalent
Russian Federation,2003,1568510.14348381,CO2 Emissions,Kilotonne CO2 Equivalent
Russian Federation,2002,1531200.21174359,CO2 Emissions,Kilotonne CO2 Equivalent
Russian Federation,2001,1542500.06477849,CO2 Emissions,Kilotonne CO2 Equivalent
Russian Federation,2000,1504182.72891476,CO2 Emissions,Kilotonne CO2 Equivalent
Russian Federation,1999,1512651.93084896,CO2 Emissions,Kilotonne CO2 Equivalent
Russian Federation,1998,1476588.92527691,CO2 Emissions,Kilotonne CO2 Equivalent
Russian Federation,1997,1502079.86636293,CO2 Emissions,Kilotonne CO2 Equivalent
Russian Federation,1996,1581293.21958917,CO2 Emissions,Kilotonne CO2 Equivalent
Russian Federation,1995,1629496.29767829,CO2 Emissions,Kilotonne CO2 Equivalent
Russian Federation,1994,1685494.54694021,CO2 Emissions,Kilotonne CO2 Equivalent
Russian Federation,1993,1909577.84022625,CO2 Emissions,Kilotonne CO2 Equivalent
Russian Federation,1992,2013175.48242406,CO2 Emissions,Kilotonne CO2 Equivalent
Russian Federation,1991,2433187.64541119,CO2 Emissions,Kilotonne CO2 Equivalent
Russian Federation,1990,2589725.30553003,CO2 Emissions,Kilotonne CO2 Equivalent
Slovakia,2014,33387.4287224285,CO2 Emissions,Kilotonne CO2 Equivalent
Slovakia,2013,35395.1548629239,CO2 Emissions,Kilotonne CO2 Equivalent
Slovakia,2012,35867.8962742317,CO2 Emissions,Kilotonne CO2 Equivalent
Slovakia,2011,37880.8531455433,CO2 Emissions,Kilotonne CO2 Equivalent
Slovakia,2010,38385.9425232062,CO2 Emissions,Kilotonne CO2 Equivalent
Slovakia,2009,37433.4334191131,CO2 Emissions,Kilotonne CO2 Equivalent
Slovakia,2008,41236.324036934,CO2 Emissions,Kilotonne CO2 Equivalent
Slovakia,2007,40725.2998364864,CO2 Emissions,Kilotonne CO2 Equivalent
Slovakia,2006,42320.4844795718,CO2 Emissions,Kilotonne CO2 Equivalent
Slovakia,2005,42581.0225015084,CO2 Emissions,Kilotonne CO2 Equivalent
Slovakia,2004,42576.9588896981,CO2 Emissions,Kilotonne CO2 Equivalent
Slovakia,2003,42060.5502497607,CO2 Emissions,Kilotonne CO2 Equivalent
Slovakia,2002,41593.5332476528,CO2 Emissions,Kilotonne CO2 Equivalent
Slovakia,2001,43468.0933515512,CO2 Emissions,Kilotonne CO2 Equivalent
Slovakia,2000,41155.0114506149,CO2 Emissions,Kilotonne CO2 Equivalent
Slovakia,1999,43181.3144851094,CO2 Emissions,Kilotonne CO2 Equivalent
Slovakia,1998,44016.9870017177,CO2 Emissions,Kilotonne CO2 Equivalent
Slovakia,1997,45040.2697406883,CO2 Emissions,Kilotonne CO2 Equivalent
Slovakia,1996,44978.9115789435,CO2 Emissions,Kilotonne CO2 Equivalent
Slovakia,1995,44679.5449583075,CO2 Emissions,Kilotonne CO2 Equivalent
Slovakia,1994,43638.4901175531,CO2 Emissions,Kilotonne CO2 Equivalent
Slovakia,1993,46467.5491941913,CO2 Emissions,Kilotonne CO2 Equivalent
Slovakia,1992,48979.1257649755,CO2 Emissions,Kilotonne CO2 Equivalent
Slovakia,1991,53447.4400150003,CO2 Emissions,Kilotonne CO2 Equivalent
Slovakia,1990,61837.5667856109,CO2 Emissions,Kilotonne CO2 Equivalent
Slovenia,2014,13489.9800352085,CO2 Emissions,Kilotonne CO2 Equivalent
Slovenia,2013,15148.7253832075,CO2 Emissions,Kilotonne CO2 Equivalent
Slovenia,2012,15800.18723876,CO2 Emissions,Kilotonne CO2 Equivalent
Slovenia,2011,16348.2391107374,CO2 Emissions,Kilotonne CO2 Equivalent
Slovenia,2010,16363.4297727931,CO2 Emissions,Kilotonne CO2 Equivalent
Slovenia,2009,16328.2103332782,CO2 Emissions,Kilotonne CO2 Equivalent
Slovenia,2008,18219.7304323115,CO2 Emissions,Kilotonne CO2 Equivalent
Slovenia,2007,17272.3791866788,CO2 Emissions,Kilotonne CO2 Equivalent
Slovenia,2006,17129.8019864058,CO2 Emissions,Kilotonne CO2 Equivalent
Slovenia,2005,16938.3242617391,CO2 Emissions,Kilotonne CO2 Equivalent
Slovenia,2004,16639.1710998347,CO2 Emissions,Kilotonne CO2 Equivalent
Slovenia,2003,16289.385897298,CO2 Emissions,Kilotonne CO2 Equivalent
Slovenia,2002,16526.3127114803,CO2 Emissions,Kilotonne CO2 Equivalent
Slovenia,2001,16384.7561407934,CO2 Emissions,Kilotonne CO2 Equivalent
Slovenia,2000,15460.154173141,CO2 Emissions,Kilotonne CO2 Equivalent
Slovenia,1999,15353.0714374852,CO2 Emissions,Kilotonne CO2 Equivalent
Slovenia,1998,15980.4778466171,CO2 Emissions,Kilotonne CO2 Equivalent
Slovenia,1997,16275.5596667516,CO2 Emissions,Kilotonne CO2 Equivalent
Slovenia,1996,15945.1761136753,CO2 Emissions,Kilotonne CO2 Equivalent
Slovenia,1995,15277.7447752259,CO2 Emissions,Kilotonne CO2 Equivalent
Slovenia,1994,14648.7255407292,CO2 Emissions,Kilotonne CO2 Equivalent
Slovenia,1993,14303.9936504337,CO2 Emissions,Kilotonne CO2 Equivalent
Slovenia,1992,14009.3986307298,CO2 Emissions,Kilotonne CO2 Equivalent
Slovenia,1991,14007.2826135476,CO2 Emissions,Kilotonne CO2 Equivalent
Slovenia,1990,15088.3050462456,CO2 Emissions,Kilotonne CO2 Equivalent
Spain,2014,253466.917957776,CO2 Emissions,Kilotonne CO2 Equivalent
Spain,2013,252259.690488153,CO2 Emissions,Kilotonne CO2 Equivalent
Spain,2012,279830.308257069,CO2 Emissions,Kilotonne CO2 Equivalent
Spain,2011,283918.679194864,CO2 Emissions,Kilotonne CO2 Equivalent
Spain,2010,283581.400657324,CO2 Emissions,Kilotonne CO2 Equivalent
Spain,2009,296617.991048484,CO2 Emissions,Kilotonne CO2 Equivalent
Spain,2008,335994.803720112,CO2 Emissions,Kilotonne CO2 Equivalent
Spain,2007,367292.283251434,CO2 Emissions,Kilotonne CO2 Equivalent
Spain,2006,360063.336319558,CO2 Emissions,Kilotonne CO2 Equivalent
Spain,2005,368745.068407983,CO2 Emissions,Kilotonne CO2 Equivalent
Spain,2004,353472.612328343,CO2 Emissions,Kilotonne CO2 Equivalent
Spain,2003,336672.422515549,CO2 Emissions,Kilotonne CO2 Equivalent
Spain,2002,332200.842752654,CO2 Emissions,Kilotonne CO2 Equivalent
Spain,2001,312395.403164009,CO2 Emissions,Kilotonne CO2 Equivalent
Spain,2000,311599.723883928,CO2 Emissions,Kilotonne CO2 Equivalent
Spain,1999,298531.027913034,CO2 Emissions,Kilotonne CO2 Equivalent
Spain,1998,274911.096949235,CO2 Emissions,Kilotonne CO2 Equivalent
Spain,1997,266391.92680196,CO2 Emissions,Kilotonne CO2 Equivalent
Spain,1996,253708.870128625,CO2 Emissions,Kilotonne CO2 Equivalent
Spain,1995,265725.3506663,CO2 Emissions,Kilotonne CO2 Equivalent
Spain,1994,252389.348341529,CO2 Emissions,Kilotonne CO2 Equivalent
Spain,1993,239938.287255991,CO2 Emissions,Kilotonne CO2 Equivalent
Spain,1992,248407.160135641,CO2 Emissions,Kilotonne CO2 Equivalent
Spain,1991,239725.183689106,CO2 Emissions,Kilotonne CO2 Equivalent
Spain,1990,230154.963134126,CO2 Emissions,Kilotonne CO2 Equivalent
Sweden,2014,43404.9031709849,CO2 Emissions,Kilotonne CO2 Equivalent
Sweden,2013,44899.1519357186,CO2 Emissions,Kilotonne CO2 Equivalent
Sweden,2012,46559.6400230299,CO2 Emissions,Kilotonne CO2 Equivalent
Sweden,2011,49133.5869433916,CO2 Emissions,Kilotonne CO2 Equivalent
Sweden,2010,53057.7346342268,CO2 Emissions,Kilotonne CO2 Equivalent
Sweden,2009,47267.4466673127,CO2 Emissions,Kilotonne CO2 Equivalent
Sweden,2008,50831.5768143801,CO2 Emissions,Kilotonne CO2 Equivalent
Sweden,2007,52911.7267272877,CO2 Emissions,Kilotonne CO2 Equivalent
Sweden,2006,53697.6559330674,CO2 Emissions,Kilotonne CO2 Equivalent
Sweden,2005,53859.2057258473,CO2 Emissions,Kilotonne CO2 Equivalent
Sweden,2004,56428.8031427144,CO2 Emissions,Kilotonne CO2 Equivalent
Sweden,2003,57203.5990740056,CO2 Emissions,Kilotonne CO2 Equivalent
Sweden,2002,56631.8961687906,CO2 Emissions,Kilotonne CO2 Equivalent
Sweden,2001,55686.7457499206,CO2 Emissions,Kilotonne CO2 Equivalent
Sweden,2000,54730.4244140378,CO2 Emissions,Kilotonne CO2 Equivalent
Sweden,1999,55861.2192155216,CO2 Emissions,Kilotonne CO2 Equivalent
Sweden,1998,58733.4063631372,CO2 Emissions,Kilotonne CO2 Equivalent
Sweden,1997,58154.5297192918,CO2 Emissions,Kilotonne CO2 Equivalent
Sweden,1996,63238.7859377907,CO2 Emissions,Kilotonne CO2 Equivalent
Sweden,1995,59318.672714076,CO2 Emissions,Kilotonne CO2 Equivalent
Sweden,1994,59876.998756461,CO2 Emissions,Kilotonne CO2 Equivalent
Sweden,1993,57425.9514469075,CO2 Emissions,Kilotonne CO2 Equivalent
Sweden,1992,57482.0646582609,CO2 Emissions,Kilotonne CO2 Equivalent
Sweden,1991,57755.634675433,CO2 Emissions,Kilotonne CO2 Equivalent
Sweden,1990,57546.5432515479,CO2 Emissions,Kilotonne CO2 Equivalent
Switzerland,2014,39265.0525915552,CO2 Emissions,Kilotonne CO2 Equivalent
Switzerland,2013,43181.6594395143,CO2 Emissions,Kilotonne CO2 Equivalent
Switzerland,2012,42241.5536052143,CO2 Emissions,Kilotonne CO2 Equivalent
Switzerland,2011,40973.1491672158,CO2 Emissions,Kilotonne CO2 Equivalent
Switzerland,2010,45027.0644798623,CO2 Emissions,Kilotonne CO2 Equivalent
Switzerland,2009,43509.0865581053,CO2 Emissions,Kilotonne CO2 Equivalent
Switzerland,2008,44676.9439665557,CO2 Emissions,Kilotonne CO2 Equivalent
Switzerland,2007,43360.3856976932,CO2 Emissions,Kilotonne CO2 Equivalent
Switzerland,2006,45351.1719954308,CO2 Emissions,Kilotonne CO2 Equivalent
Switzerland,2005,45778.0894571267,CO2 Emissions,Kilotonne CO2 Equivalent
Switzerland,2004,45149.667089312,CO2 Emissions,Kilotonne CO2 Equivalent
Switzerland,2003,44587.9802671018,CO2 Emissions,Kilotonne CO2 Equivalent
Switzerland,2002,43373.9855504706,CO2 Emissions,Kilotonne CO2 Equivalent
Switzerland,2001,45002.2787742299,CO2 Emissions,Kilotonne CO2 Equivalent
Switzerland,2000,43545.9597055165,CO2 Emissions,Kilotonne CO2 Equivalent
Switzerland,1999,44354.5431186679,CO2 Emissions,Kilotonne CO2 Equivalent
Switzerland,1998,44522.3714213249,CO2 Emissions,Kilotonne CO2 Equivalent
Switzerland,1997,42971.6244552183,CO2 Emissions,Kilotonne CO2 Equivalent
Switzerland,1996,44088.3349466694,CO2 Emissions,Kilotonne CO2 Equivalent
Switzerland,1995,43368.4571561622,CO2 Emissions,Kilotonne CO2 Equivalent
Switzerland,1994,42613.303737038,CO2 Emissions,Kilotonne CO2 Equivalent
Switzerland,1993,43556.2764199287,CO2 Emissions,Kilotonne CO2 Equivalent
Switzerland,1992,45974.7025405505,CO2 Emissions,Kilotonne CO2 Equivalent
Switzerland,1991,46144.809538993,CO2 Emissions,Kilotonne CO2 Equivalent
Switzerland,1990,44115.5340859731,CO2 Emissions,Kilotonne CO2 Equivalent
Turkey,2014,382213.401686307,CO2 Emissions,Kilotonne CO2 Equivalent
Turkey,2013,354961.042273042,CO2 Emissions,Kilotonne CO2 Equivalent
Turkey,2012,363126.007248006,CO2 Emissions,Kilotonne CO2 Equivalent
Turkey,2011,338094.408177677,CO2 Emissions,Kilotonne CO2 Equivalent
Turkey,2010,320356.658972933,CO2 Emissions,Kilotonne CO2 Equivalent
Turkey,2009,310580.701035275,CO2 Emissions,Kilotonne CO2 Equivalent
Turkey,2008,323536.545145816,CO2 Emissions,Kilotonne CO2 Equivalent
Turkey,2007,333166.418749646,CO2 Emissions,Kilotonne CO2 Equivalent
Turkey,2006,302195.954579745,CO2 Emissions,Kilotonne CO2 Equivalent
Turkey,2005,279130.740814477,CO2 Emissions,Kilotonne CO2 Equivalent
Turkey,2004,253172.078433031,CO2 Emissions,Kilotonne CO2 Equivalent
Turkey,2003,240902.462872633,CO2 Emissions,Kilotonne CO2 Equivalent
Turkey,2002,226365.412047989,CO2 Emissions,Kilotonne CO2 Equivalent
Turkey,2001,217469.503285608,CO2 Emissions,Kilotonne CO2 Equivalent
Turkey,2000,232549.18950468,CO2 Emissions,Kilotonne CO2 Equivalent
Turkey,1999,206388.619824108,CO2 Emissions,Kilotonne CO2 Equivalent
Turkey,1998,208365.343988278,CO2 Emissions,Kilotonne CO2 Equivalent
Turkey,1997,208480.069613411,CO2 Emissions,Kilotonne CO2 Equivalent
Turkey,1996,194751.7794059,CO2 Emissions,Kilotonne CO2 Equivalent
Turkey,1995,178812.409473623,CO2 Emissions,Kilotonne CO2 Equivalent
Turkey,1994,164623.553279146,CO2 Emissions,Kilotonne CO2 Equivalent
Turkey,1993,167443.152055541,CO2 Emissions,Kilotonne CO2 Equivalent
Turkey,1992,158571.546483621,CO2 Emissions,Kilotonne CO2 Equivalent
Turkey,1991,152335.174224314,CO2 Emissions,Kilotonne CO2 Equivalent
Turkey,1990,146750.63697943,CO2 Emissions,Kilotonne CO2 Equivalent
Ukraine,2014,247561.22104158,CO2 Emissions,Kilotonne CO2 Equivalent
Ukraine,2013,287436.404374375,CO2 Emissions,Kilotonne CO2 Equivalent
Ukraine,2012,295706.064347456,CO2 Emissions,Kilotonne CO2 Equivalent
Ukraine,2011,301273.502167972,CO2 Emissions,Kilotonne CO2 Equivalent
Ukraine,2010,287113.606385185,CO2 Emissions,Kilotonne CO2 Equivalent
Ukraine,2009,269598.421828219,CO2 Emissions,Kilotonne CO2 Equivalent
Ukraine,2008,317063.843729194,CO2 Emissions,Kilotonne CO2 Equivalent
Ukraine,2007,330087.250809744,CO2 Emissions,Kilotonne CO2 Equivalent
Ukraine,2006,325586.622022044,CO2 Emissions,Kilotonne CO2 Equivalent
Ukraine,2005,307341.483489843,CO2 Emissions,Kilotonne CO2 Equivalent
Ukraine,2004,296753.731531998,CO2 Emissions,Kilotonne CO2 Equivalent
Ukraine,2003,285720.47993753,CO2 Emissions,Kilotonne CO2 Equivalent
Ukraine,2002,281939.349721843,CO2 Emissions,Kilotonne CO2 Equivalent
Ukraine,2001,290774.709706588,CO2 Emissions,Kilotonne CO2 Equivalent
Ukraine,2000,271429.773920677,CO2 Emissions,Kilotonne CO2 Equivalent
Ukraine,1999,284109.569319534,CO2 Emissions,Kilotonne CO2 Equivalent
Ukraine,1998,309207.662874893,CO2 Emissions,Kilotonne CO2 Equivalent
Ukraine,1997,334208.702214892,CO2 Emissions,Kilotonne CO2 Equivalent
Ukraine,1996,344347.189394243,CO2 Emissions,Kilotonne CO2 Equivalent
Ukraine,1995,380871.283680675,CO2 Emissions,Kilotonne CO2 Equivalent
Ukraine,1994,409721.673978029,CO2 Emissions,Kilotonne CO2 Equivalent
Ukraine,1993,498504.838991931,CO2 Emissions,Kilotonne CO2 Equivalent
Ukraine,1992,577064.259624575,CO2 Emissions,Kilotonne CO2 Equivalent
Ukraine,1991,621305.236399432,CO2 Emissions,Kilotonne CO2 Equivalent
Ukraine,1990,693024.76655995,CO2 Emissions,Kilotonne CO2 Equivalent
United Kingdom,2014,434794.556933168,CO2 Emissions,Kilotonne CO2 Equivalent
United Kingdom,2013,475832.050586927,CO2 Emissions,Kilotonne CO2 Equivalent
United Kingdom,2012,484388.090389505,CO2 Emissions,Kilotonne CO2 Equivalent
United Kingdom,2011,464885.748926953,CO2 Emissions,Kilotonne CO2 Equivalent
United Kingdom,2010,507595.711988819,CO2 Emissions,Kilotonne CO2 Equivalent
United Kingdom,2009,489012.500484764,CO2 Emissions,Kilotonne CO2 Equivalent
United Kingdom,2008,539916.163191626,CO2 Emissions,Kilotonne CO2 Equivalent
United Kingdom,2007,553719.939024983,CO2 Emissions,Kilotonne CO2 Equivalent
United Kingdom,2006,562083.094783584,CO2 Emissions,Kilotonne CO2 Equivalent
United Kingdom,2005,563783.537554562,CO2 Emissions,Kilotonne CO2 Equivalent
United Kingdom,2004,566598.164015122,CO2 Emissions,Kilotonne CO2 Equivalent
United Kingdom,2003,565475.5203474,CO2 Emissions,Kilotonne CO2 Equivalent
United Kingdom,2002,554227.635799311,CO2 Emissions,Kilotonne CO2 Equivalent
United Kingdom,2001,570697.030328595,CO2 Emissions,Kilotonne CO2 Equivalent
United Kingdom,2000,561280.866183966,CO2 Emissions,Kilotonne CO2 Equivalent
United Kingdom,1999,553827.549146135,CO2 Emissions,Kilotonne CO2 Equivalent
United Kingdom,1998,561253.722845185,CO2 Emissions,Kilotonne CO2 Equivalent
United Kingdom,1997,557608.779401985,CO2 Emissions,Kilotonne CO2 Equivalent
United Kingdom,1996,582752.784369152,CO2 Emissions,Kilotonne CO2 Equivalent
United Kingdom,1995,561202.9539948,CO2 Emissions,Kilotonne CO2 Equivalent
United Kingdom,1994,569458.364876459,CO2 Emissions,Kilotonne CO2 Equivalent
United Kingdom,1993,574764.752712009,CO2 Emissions,Kilotonne CO2 Equivalent
United Kingdom,1992,589306.018141796,CO2 Emissions,Kilotonne CO2 Equivalent
United Kingdom,1991,604652.896877579,CO2 Emissions,Kilotonne CO2 Equivalent
United Kingdom,1990,596398.473207427,CO2 Emissions,Kilotonne CO2 Equivalent
United States of America,2014,5556006.57780565,CO2 Emissions,Kilotonne CO2 Equivalent
United States of America,2013,5502550.71398641,CO2 Emissions,Kilotonne CO2 Equivalent
United States of America,2012,5349220.94664921,CO2 Emissions,Kilotonne CO2 Equivalent
United States of America,2011,5559507.66443653,CO2 Emissions,Kilotonne CO2 Equivalent
United States of America,2010,5688756.00501015,CO2 Emissions,Kilotonne CO2 Equivalent
United States of America,2009,5488320.28042503,CO2 Emissions,Kilotonne CO2 Equivalent
United States of America,2008,5923201.37582301,CO2 Emissions,Kilotonne CO2 Equivalent
United States of America,2007,6121653.86307212,CO2 Emissions,Kilotonne CO2 Equivalent
United States of America,2006,6042393.61487176,CO2 Emissions,Kilotonne CO2 Equivalent
United States of America,2005,6122746.6118598,CO2 Emissions,Kilotonne CO2 Equivalent
United States of America,2004,6096978.36306809,CO2 Emissions,Kilotonne CO2 Equivalent
United States of America,2003,5982289.16712555,CO2 Emissions,Kilotonne CO2 Equivalent
United States of America,2002,5935738.78360961,CO2 Emissions,Kilotonne CO2 Equivalent
United States of America,2001,5894462.94151346,CO2 Emissions,Kilotonne CO2 Equivalent
United States of America,2000,5992438.03977823,CO2 Emissions,Kilotonne CO2 Equivalent
United States of America,1999,5818972.3854139,CO2 Emissions,Kilotonne CO2 Equivalent
United States of America,1998,5744672.1958021,CO2 Emissions,Kilotonne CO2 Equivalent
United States of America,1997,5704996.86860223,CO2 Emissions,Kilotonne CO2 Equivalent
United States of America,1996,5630113.71546884,CO2 Emissions,Kilotonne CO2 Equivalent
United States of America,1995,5441599.22972902,CO2 Emissions,Kilotonne CO2 Equivalent
United States of America,1994,5377492.21747199,CO2 Emissions,Kilotonne CO2 Equivalent
United States of America,1993,5284758.62020545,CO2 Emissions,Kilotonne CO2 Equivalent
United States of America,1992,5170274.35048577,CO2 Emissions,Kilotonne CO2 Equivalent
United States of America,1991,5064879.75034285,CO2 Emissions,Kilotonne CO2 Equivalent
United States of America,1990,5115095.04749812,CO2 Emissions,Kilotonne CO2 Equivalent
Australia,2014,522397.090711347,GHG Emissions with CO2,Kilotonne CO2 Equivalent
Australia,2013,526882.667266593,GHG Emissions with CO2,Kilotonne CO2 Equivalent
Australia,2012,537377.571452805,GHG Emissions with CO2,Kilotonne CO2 Equivalent
Australia,2011,534089.798684709,GHG Emissions with CO2,Kilotonne CO2 Equivalent
Australia,2010,533917.43629539,GHG Emissions with CO2,Kilotonne CO2 Equivalent
Australia,2009,537889.892623617,GHG Emissions with CO2,Kilotonne CO2 Equivalent
Australia,2008,533693.508207377,GHG Emissions with CO2,Kilotonne CO2 Equivalent
Australia,2007,529842.870342484,GHG Emissions with CO2,Kilotonne CO2 Equivalent
Australia,2006,522517.191663285,GHG Emissions with CO2,Kilotonne CO2 Equivalent
Australia,2005,518850.759462375,GHG Emissions with CO2,Kilotonne CO2 Equivalent
Australia,2004,511710.242020824,GHG Emissions with CO2,Kilotonne CO2 Equivalent
Australia,2003,495154.085966803,GHG Emissions with CO2,Kilotonne CO2 Equivalent
Australia,2002,494740.100776734,GHG Emissions with CO2,Kilotonne CO2 Equivalent
Australia,2001,491441.695937142,GHG Emissions with CO2,Kilotonne CO2 Equivalent
Australia,2000,483445.826664823,GHG Emissions with CO2,Kilotonne CO2 Equivalent
Australia,1999,472245.9907776,GHG Emissions with CO2,Kilotonne CO2 Equivalent
Australia,1998,466382.112471814,GHG Emissions with CO2,Kilotonne CO2 Equivalent
Australia,1997,451721.717814666,GHG Emissions with CO2,Kilotonne CO2 Equivalent
Australia,1996,439803.962228252,GHG Emissions with CO2,Kilotonne CO2 Equivalent
Australia,1995,433478.650825855,GHG Emissions with CO2,Kilotonne CO2 Equivalent
Australia,1994,424092.95937256,GHG Emissions with CO2,Kilotonne CO2 Equivalent
Australia,1993,423764.932564252,GHG Emissions with CO2,Kilotonne CO2 Equivalent
Australia,1992,423080.108191254,GHG Emissions with CO2,Kilotonne CO2 Equivalent
Australia,1991,418674.057493862,GHG Emissions with CO2,Kilotonne CO2 Equivalent
Australia,1990,418623.049562649,GHG Emissions with CO2,Kilotonne CO2 Equivalent
Austria,2014,76332.6185859917,GHG Emissions with CO2,Kilotonne CO2 Equivalent
Austria,2013,80042.5418408096,GHG Emissions with CO2,Kilotonne CO2 Equivalent
Austria,2012,79897.1151021792,GHG Emissions with CO2,Kilotonne CO2 Equivalent
Austria,2011,82626.6380188969,GHG Emissions with CO2,Kilotonne CO2 Equivalent
Austria,2010,84946.0197097698,GHG Emissions with CO2,Kilotonne CO2 Equivalent
Austria,2009,80190.6514378182,GHG Emissions with CO2,Kilotonne CO2 Equivalent
Austria,2008,87101.134677129,GHG Emissions with CO2,Kilotonne CO2 Equivalent
Austria,2007,87241.1545305627,GHG Emissions with CO2,Kilotonne CO2 Equivalent
Austria,2006,89981.0212829735,GHG Emissions with CO2,Kilotonne CO2 Equivalent
Austria,2005,92810.4871969534,GHG Emissions with CO2,Kilotonne CO2 Equivalent
Austria,2004,91835.8942410282,GHG Emissions with CO2,Kilotonne CO2 Equivalent
Austria,2003,92018.4811411606,GHG Emissions with CO2,Kilotonne CO2 Equivalent
Austria,2002,86129.5464386255,GHG Emissions with CO2,Kilotonne CO2 Equivalent
Austria,2001,84380.8068854374,GHG Emissions with CO2,Kilotonne CO2 Equivalent
Austria,2000,80429.3433929845,GHG Emissions with CO2,Kilotonne CO2 Equivalent
Austria,1999,80106.7171759132,GHG Emissions with CO2,Kilotonne CO2 Equivalent
Austria,1998,81770.8395563128,GHG Emissions with CO2,Kilotonne CO2 Equivalent
Austria,1997,82474.3920310851,GHG Emissions with CO2,Kilotonne CO2 Equivalent
Austria,1996,83008.8063000899,GHG Emissions with CO2,Kilotonne CO2 Equivalent
Austria,1995,79813.0345359956,GHG Emissions with CO2,Kilotonne CO2 Equivalent
Austria,1994,76503.4852878471,GHG Emissions with CO2,Kilotonne CO2 Equivalent
Austria,1993,75988.2270431512,GHG Emissions with CO2,Kilotonne CO2 Equivalent
Austria,1992,75930.9957651566,GHG Emissions with CO2,Kilotonne CO2 Equivalent
Austria,1991,82636.9034660686,GHG Emissions with CO2,Kilotonne CO2 Equivalent
Austria,1990,78844.6272595357,GHG Emissions with CO2,Kilotonne CO2 Equivalent
Belarus,2014,91895.646557818,GHG Emissions with CO2,Kilotonne CO2 Equivalent
Belarus,2013,93037.24544666,GHG Emissions with CO2,Kilotonne CO2 Equivalent
Belarus,2012,90925.114581937,GHG Emissions with CO2,Kilotonne CO2 Equivalent
Belarus,2011,91671.727009572,GHG Emissions with CO2,Kilotonne CO2 Equivalent
Belarus,2010,91183.549358156,GHG Emissions with CO2,Kilotonne CO2 Equivalent
Belarus,2009,89223.65625899,GHG Emissions with CO2,Kilotonne CO2 Equivalent
Belarus,2008,92364.348971776,GHG Emissions with CO2,Kilotonne CO2 Equivalent
Belarus,2007,88920.641948088,GHG Emissions with CO2,Kilotonne CO2 Equivalent
Belarus,2006,89449.655446278,GHG Emissions with CO2,Kilotonne CO2 Equivalent
Belarus,2005,85596.098699522,GHG Emissions with CO2,Kilotonne CO2 Equivalent
Belarus,2004,83688.299567336,GHG Emissions with CO2,Kilotonne CO2 Equivalent
Belarus,2003,79158.718822027,GHG Emissions with CO2,Kilotonne CO2 Equivalent
Belarus,2002,76683.86788515,GHG Emissions with CO2,Kilotonne CO2 Equivalent
Belarus,2001,77921.8275915,GHG Emissions with CO2,Kilotonne CO2 Equivalent
Belarus,2000,77959.724959323,GHG Emissions with CO2,Kilotonne CO2 Equivalent
Belarus,1999,79497.84205671,GHG Emissions with CO2,Kilotonne CO2 Equivalent
Belarus,1998,82668.831561971,GHG Emissions with CO2,Kilotonne CO2 Equivalent
Belarus,1997,86282.505937182,GHG Emissions with CO2,Kilotonne CO2 Equivalent
Belarus,1996,82375.194219344,GHG Emissions with CO2,Kilotonne CO2 Equivalent
Belarus,1995,80369.782345399,GHG Emissions with CO2,Kilotonne CO2 Equivalent
Belarus,1994,88206.3567402,GHG Emissions with CO2,Kilotonne CO2 Equivalent
Belarus,1993,103951.525256019,GHG Emissions with CO2,Kilotonne CO2 Equivalent
Belarus,1992,116588.686464578,GHG Emissions with CO2,Kilotonne CO2 Equivalent
Belarus,1991,125601.052927806,GHG Emissions with CO2,Kilotonne CO2 Equivalent
Belarus,1990,133457.162012087,GHG Emissions with CO2,Kilotonne CO2 Equivalent
Belgium,2014,113866.619000541,GHG Emissions with CO2,Kilotonne CO2 Equivalent
Belgium,2013,119375.301515447,GHG Emissions with CO2,Kilotonne CO2 Equivalent
Belgium,2012,118761.338189887,GHG Emissions with CO2,Kilotonne CO2 Equivalent
Belgium,2011,122833.395512317,GHG Emissions with CO2,Kilotonne CO2 Equivalent
Belgium,2010,133258.405661738,GHG Emissions with CO2,Kilotonne CO2 Equivalent
Belgium,2009,125811.802030467,GHG Emissions with CO2,Kilotonne CO2 Equivalent
Belgium,2008,138749.626056865,GHG Emissions with CO2,Kilotonne CO2 Equivalent
Belgium,2007,136451.339269181,GHG Emissions with CO2,Kilotonne CO2 Equivalent
Belgium,2006,141046.707506786,GHG Emissions with CO2,Kilotonne CO2 Equivalent
Belgium,2005,144803.082030313,GHG Emissions with CO2,Kilotonne CO2 Equivalent
Belgium,2004,148971.404765463,GHG Emissions with CO2,Kilotonne CO2 Equivalent
Belgium,2003,147579.069694206,GHG Emissions with CO2,Kilotonne CO2 Equivalent
Belgium,2002,147240.36528013,GHG Emissions with CO2,Kilotonne CO2 Equivalent
Belgium,2001,147626.133486262,GHG Emissions with CO2,Kilotonne CO2 Equivalent
Belgium,2000,149213.017245465,GHG Emissions with CO2,Kilotonne CO2 Equivalent
Belgium,1999,148062.443619472,GHG Emissions with CO2,Kilotonne CO2 Equivalent
Belgium,1998,154340.392867866,GHG Emissions with CO2,Kilotonne CO2 Equivalent
Belgium,1997,149163.455913832,GHG Emissions with CO2,Kilotonne CO2 Equivalent
Belgium,1996,157656.68711628,GHG Emissions with CO2,Kilotonne CO2 Equivalent
Belgium,1995,154020.293703539,GHG Emissions with CO2,Kilotonne CO2 Equivalent
Belgium,1994,151882.372526596,GHG Emissions with CO2,Kilotonne CO2 Equivalent
Belgium,1993,147393.394631085,GHG Emissions with CO2,Kilotonne CO2 Equivalent
Belgium,1992,148384.726816956,GHG Emissions with CO2,Kilotonne CO2 Equivalent
Belgium,1991,148825.699408439,GHG Emissions with CO2,Kilotonne CO2 Equivalent
Belgium,1990,146021.236760582,GHG Emissions with CO2,Kilotonne CO2 Equivalent
Canada,2014,747171.872611087,GHG Emissions with CO2,Kilotonne CO2 Equivalent
Canada,2013,737423.135272495,GHG Emissions with CO2,Kilotonne CO2 Equivalent
Canada,2012,729475.888683575,GHG Emissions with CO2,Kilotonne CO2 Equivalent
Canada,2011,722862.506881868,GHG Emissions with CO2,Kilotonne CO2 Equivalent
Canada,2010,718178.080242569,GHG Emissions with CO2,Kilotonne CO2 Equivalent
Canada,2009,702098.419634983,GHG Emissions with CO2,Kilotonne CO2 Equivalent
Canada,2008,743519.658507859,GHG Emissions with CO2,Kilotonne CO2 Equivalent
Canada,2007,766021.806890764,GHG Emissions with CO2,Kilotonne CO2 Equivalent
Canada,2006,746308.214382233,GHG Emissions with CO2,Kilotonne CO2 Equivalent
Canada,2005,753897.578284867,GHG Emissions with CO2,Kilotonne CO2 Equivalent
Canada,2004,769691.185364662,GHG Emissions with CO2,Kilotonne CO2 Equivalent
Canada,2003,766107.894942836,GHG Emissions with CO2,Kilotonne CO2 Equivalent
Canada,2002,752124.480865682,GHG Emissions with CO2,Kilotonne CO2 Equivalent
Canada,2001,737198.311959851,GHG Emissions with CO2,Kilotonne CO2 Equivalent
Canada,2000,745991.030964409,GHG Emissions with CO2,Kilotonne CO2 Equivalent
Canada,1999,729415.115205006,GHG Emissions with CO2,Kilotonne CO2 Equivalent
Canada,1998,728148.99665231,GHG Emissions with CO2,Kilotonne CO2 Equivalent
Canada,1997,702636.426437771,GHG Emissions with CO2,Kilotonne CO2 Equivalent
Canada,1996,690743.642261192,GHG Emissions with CO2,Kilotonne CO2 Equivalent
Canada,1995,688384.405366886,GHG Emissions with CO2,Kilotonne CO2 Equivalent
Canada,1994,652999.137826791,GHG Emissions with CO2,Kilotonne CO2 Equivalent
Canada,1993,631353.636876568,GHG Emissions with CO2,Kilotonne CO2 Equivalent
Canada,1992,625134.003492663,GHG Emissions with CO2,Kilotonne CO2 Equivalent
Canada,1991,611861.12927,GHG Emissions with CO2,Kilotonne CO2 Equivalent
Canada,1990,616908.110877472,GHG Emissions with CO2,Kilotonne CO2 Equivalent
Croatia,2014,22898.8781594815,GHG Emissions with CO2,Kilotonne CO2 Equivalent
Croatia,2013,23770.5527686019,GHG Emissions with CO2,Kilotonne CO2 Equivalent
Croatia,2012,24734.6498197466,GHG Emissions with CO2,Kilotonne CO2 Equivalent
Croatia,2011,26773.8263390969,GHG Emissions with CO2,Kilotonne CO2 Equivalent
Croatia,2010,27280.229834957,GHG Emissions with CO2,Kilotonne CO2 Equivalent
Croatia,2009,27909.1256955995,GHG Emissions with CO2,Kilotonne CO2 Equivalent
Croatia,2008,29825.9471994577,GHG Emissions with CO2,Kilotonne CO2 Equivalent
Croatia,2007,30972.9120898759,GHG Emissions with CO2,Kilotonne CO2 Equivalent
Croatia,2006,29555.682228908,GHG Emissions with CO2,Kilotonne CO2 Equivalent
Croatia,2005,29285.7515786302,GHG Emissions with CO2,Kilotonne CO2 Equivalent
Croatia,2004,28875.9847673693,GHG Emissions with CO2,Kilotonne CO2 Equivalent
Croatia,2003,28782.8213260193,GHG Emissions with CO2,Kilotonne CO2 Equivalent
Croatia,2002,27420.0965723045,GHG Emissions with CO2,Kilotonne CO2 Equivalent
Croatia,2001,26394.0456777833,GHG Emissions with CO2,Kilotonne CO2 Equivalent
Croatia,2000,25172.9628559273,GHG Emissions with CO2,Kilotonne CO2 Equivalent
Croatia,1999,25519.0833654255,GHG Emissions with CO2,Kilotonne CO2 Equivalent
Croatia,1998,24459.7108462523,GHG Emissions with CO2,Kilotonne CO2 Equivalent
Croatia,1997,24126.2737653358,GHG Emissions with CO2,Kilotonne CO2 Equivalent
Croatia,1996,22882.9631499268,GHG Emissions with CO2,Kilotonne CO2 Equivalent
Croatia,1995,22296.1672493651,GHG Emissions with CO2,Kilotonne CO2 Equivalent
Croatia,1994,21712.7639767596,GHG Emissions with CO2,Kilotonne CO2 Equivalent
Croatia,1993,22658.2944835065,GHG Emissions with CO2,Kilotonne CO2 Equivalent
Croatia,1992,22538.033900319,GHG Emissions with CO2,Kilotonne CO2 Equivalent
Croatia,1991,24408.6837858286,GHG Emissions with CO2,Kilotonne CO2 Equivalent
Croatia,1990,31204.6312635073,GHG Emissions with CO2,Kilotonne CO2 Equivalent
Cyprus,2014,8453.76741329697,GHG Emissions with CO2,Kilotonne CO2 Equivalent
Cyprus,2013,8020.09846997047,GHG Emissions with CO2,Kilotonne CO2 Equivalent
Cyprus,2012,8769.36602589842,GHG Emissions with CO2,Kilotonne CO2 Equivalent
Cyprus,2011,9296.16313035284,GHG Emissions with CO2,Kilotonne CO2 Equivalent
Cyprus,2010,9571.65722046227,GHG Emissions with CO2,Kilotonne CO2 Equivalent
Cyprus,2009,9872.18368832317,GHG Emissions with CO2,Kilotonne CO2 Equivalent
Cyprus,2008,10093.2699679916,GHG Emissions with CO2,Kilotonne CO2 Equivalent
Cyprus,2007,9913.23461665865,GHG Emissions with CO2,Kilotonne CO2 Equivalent
Cyprus,2006,9567.54719307495,GHG Emissions with CO2,Kilotonne CO2 Equivalent
Cyprus,2005,9307.98055927861,GHG Emissions with CO2,Kilotonne CO2 Equivalent
Cyprus,2004,9144.37142221279,GHG Emissions with CO2,Kilotonne CO2 Equivalent
Cyprus,2003,8914.58309273857,GHG Emissions with CO2,Kilotonne CO2 Equivalent
Cyprus,2002,8519.08140283278,GHG Emissions with CO2,Kilotonne CO2 Equivalent
Cyprus,2001,8282.54807082145,GHG Emissions with CO2,Kilotonne CO2 Equivalent
Cyprus,2000,8326.88573407511,GHG Emissions with CO2,Kilotonne CO2 Equivalent
Cyprus,1999,8059.08339104404,GHG Emissions with CO2,Kilotonne CO2 Equivalent
Cyprus,1998,7799.55925734513,GHG Emissions with CO2,Kilotonne CO2 Equivalent
Cyprus,1997,7473.09509160237,GHG Emissions with CO2,Kilotonne CO2 Equivalent
Cyprus,1996,7343.53788019567,GHG Emissions with CO2,Kilotonne CO2 Equivalent
Cyprus,1995,7046.93261063203,GHG Emissions with CO2,Kilotonne CO2 Equivalent
Cyprus,1994,7103.13267836446,GHG Emissions with CO2,Kilotonne CO2 Equivalent
Cyprus,1993,6858.74068732256,GHG Emissions with CO2,Kilotonne CO2 Equivalent
Cyprus,1992,6559.3306354766,GHG Emissions with CO2,Kilotonne CO2 Equivalent
Cyprus,1991,6121.529001151,GHG Emissions with CO2,Kilotonne CO2 Equivalent
Cyprus,1990,5624.6499220004,GHG Emissions with CO2,Kilotonne CO2 Equivalent
Czech Republic,2014,125033.10582198,GHG Emissions with CO2,Kilotonne CO2 Equivalent
Czech Republic,2013,129786.733647197,GHG Emissions with CO2,Kilotonne CO2 Equivalent
Czech Republic,2012,133778.906336159,GHG Emissions with CO2,Kilotonne CO2 Equivalent
Czech Republic,2011,137948.618700005,GHG Emissions with CO2,Kilotonne CO2 Equivalent
Czech Republic,2010,139148.951861755,GHG Emissions with CO2,Kilotonne CO2 Equivalent
Czech Republic,2009,137086.77903594,GHG Emissions with CO2,Kilotonne CO2 Equivalent
Czech Republic,2008,145567.080699127,GHG Emissions with CO2,Kilotonne CO2 Equivalent
Czech Republic,2007,150213.502592063,GHG Emissions with CO2,Kilotonne CO2 Equivalent
Czech Republic,2006,149389.776089742,GHG Emissions with CO2,Kilotonne CO2 Equivalent
Czech Republic,2005,147600.476572277,GHG Emissions with CO2,Kilotonne CO2 Equivalent
Czech Republic,2004,149733.015180822,GHG Emissions with CO2,Kilotonne CO2 Equivalent
Czech Republic,2003,148967.238483566,GHG Emissions with CO2,Kilotonne CO2 Equivalent
Czech Republic,2002,145622.965867921,GHG Emissions with CO2,Kilotonne CO2 Equivalent
Czech Republic,2001,149273.387344918,GHG Emissions with CO2,Kilotonne CO2 Equivalent
Czech Republic,2000,149753.57653768,GHG Emissions with CO2,Kilotonne CO2 Equivalent
Czech Republic,1999,140428.949751359,GHG Emissions with CO2,Kilotonne CO2 Equivalent
Czech Republic,1998,149574.351299437,GHG Emissions with CO2,Kilotonne CO2 Equivalent
Czech Republic,1997,155548.726287072,GHG Emissions with CO2,Kilotonne CO2 Equivalent
Czech Republic,1996,159496.56013386,GHG Emissions with CO2,Kilotonne CO2 Equivalent
Czech Republic,1995,157350.40343243,GHG Emissions with CO2,Kilotonne CO2 Equivalent
Czech Republic,1994,156919.265024264,GHG Emissions with CO2,Kilotonne CO2 Equivalent
Czech Republic,1993,164865.692577199,GHG Emissions with CO2,Kilotonne CO2 Equivalent
Czech Republic,1992,172740.62628144,GHG Emissions with CO2,Kilotonne CO2 Equivalent
Czech Republic,1991,179630.548190822,GHG Emissions with CO2,Kilotonne CO2 Equivalent
Czech Republic,1990,198621.240805831,GHG Emissions with CO2,Kilotonne CO2 Equivalent
Denmark,2014,51206.6723882224,GHG Emissions with CO2,Kilotonne CO2 Equivalent
Denmark,2013,55435.0429033332,GHG Emissions with CO2,Kilotonne CO2 Equivalent
Denmark,2012,53408.4070224009,GHG Emissions with CO2,Kilotonne CO2 Equivalent
Denmark,2011,58244.3622922872,GHG Emissions with CO2,Kilotonne CO2 Equivalent
Denmark,2010,63499.8366628903,GHG Emissions with CO2,Kilotonne CO2 Equivalent
Denmark,2009,63066.657814688,GHG Emissions with CO2,Kilotonne CO2 Equivalent
Denmark,2008,65963.7633642098,GHG Emissions with CO2,Kilotonne CO2 Equivalent
Denmark,2007,69661.1796452394,GHG Emissions with CO2,Kilotonne CO2 Equivalent
Denmark,2006,74321.3576577687,GHG Emissions with CO2,Kilotonne CO2 Equivalent
Denmark,2005,66594.6809530195,GHG Emissions with CO2,Kilotonne CO2 Equivalent
Denmark,2004,71072.6799034672,GHG Emissions with CO2,Kilotonne CO2 Equivalent
Denmark,2003,77212.6403786028,GHG Emissions with CO2,Kilotonne CO2 Equivalent
Denmark,2002,72260.1099393143,GHG Emissions with CO2,Kilotonne CO2 Equivalent
Denmark,2001,72757.1164028408,GHG Emissions with CO2,Kilotonne CO2 Equivalent
Denmark,2000,71007.9297239399,GHG Emissions with CO2,Kilotonne CO2 Equivalent
Denmark,1999,75520.2701761614,GHG Emissions with CO2,Kilotonne CO2 Equivalent
Denmark,1998,78033.5456150595,GHG Emissions with CO2,Kilotonne CO2 Equivalent
Denmark,1997,82264.6688681631,GHG Emissions with CO2,Kilotonne CO2 Equivalent
Denmark,1996,91956.1004876897,GHG Emissions with CO2,Kilotonne CO2 Equivalent
Denmark,1995,78984.8718855628,GHG Emissions with CO2,Kilotonne CO2 Equivalent
Denmark,1994,82064.6645053473,GHG Emissions with CO2,Kilotonne CO2 Equivalent
Denmark,1993,78138.1930583691,GHG Emissions with CO2,Kilotonne CO2 Equivalent
Denmark,1992,76260.9911320547,GHG Emissions with CO2,Kilotonne CO2 Equivalent
Denmark,1991,82163.9325216713,GHG Emissions with CO2,Kilotonne CO2 Equivalent
Denmark,1990,71470.183211674,GHG Emissions with CO2,Kilotonne CO2 Equivalent
Estonia,2014,21059.2401362604,GHG Emissions with CO2,Kilotonne CO2 Equivalent
Estonia,2013,21676.70632569,GHG Emissions with CO2,Kilotonne CO2 Equivalent
Estonia,2012,19423.3253615838,GHG Emissions with CO2,Kilotonne CO2 Equivalent
Estonia,2011,20485.0360389207,GHG Emissions with CO2,Kilotonne CO2 Equivalent
Estonia,2010,19911.6818808835,GHG Emissions with CO2,Kilotonne CO2 Equivalent
Estonia,2009,16181.965393366,GHG Emissions with CO2,Kilotonne CO2 Equivalent
Estonia,2008,19374.623993778,GHG Emissions with CO2,Kilotonne CO2 Equivalent
Estonia,2007,20816.9352876355,GHG Emissions with CO2,Kilotonne CO2 Equivalent
Estonia,2006,17686.4656016219,GHG Emissions with CO2,Kilotonne CO2 Equivalent
Estonia,2005,18297.6746871499,GHG Emissions with CO2,Kilotonne CO2 Equivalent
Estonia,2004,19055.487479688,GHG Emissions with CO2,Kilotonne CO2 Equivalent
Estonia,2003,18782.3647025788,GHG Emissions with CO2,Kilotonne CO2 Equivalent
Estonia,2002,16930.0907302884,GHG Emissions with CO2,Kilotonne CO2 Equivalent
Estonia,2001,17473.0230485506,GHG Emissions with CO2,Kilotonne CO2 Equivalent
Estonia,2000,17061.8525770349,GHG Emissions with CO2,Kilotonne CO2 Equivalent
Estonia,1999,17358.5004723794,GHG Emissions with CO2,Kilotonne CO2 Equivalent
Estonia,1998,18705.8234879671,GHG Emissions with CO2,Kilotonne CO2 Equivalent
Estonia,1997,20262.1584010382,GHG Emissions with CO2,Kilotonne CO2 Equivalent
Estonia,1996,20631.7526567215,GHG Emissions with CO2,Kilotonne CO2 Equivalent
Estonia,1995,19934.7905834531,GHG Emissions with CO2,Kilotonne CO2 Equivalent
Estonia,1994,21713.1632575004,GHG Emissions with CO2,Kilotonne CO2 Equivalent
Estonia,1993,21001.9712440401,GHG Emissions with CO2,Kilotonne CO2 Equivalent
Estonia,1992,26876.4806469349,GHG Emissions with CO2,Kilotonne CO2 Equivalent
Estonia,1991,36794.5625866692,GHG Emissions with CO2,Kilotonne CO2 Equivalent
Estonia,1990,39965.168718297,GHG Emissions with CO2,Kilotonne CO2 Equivalent
European Union,2014,4282156.78219673,GHG Emissions with CO2,Kilotonne CO2 Equivalent
European Union,2013,4467372.63610733,GHG Emissions with CO2,Kilotonne CO2 Equivalent
European Union,2012,4558269.85664379,GHG Emissions with CO2,Kilotonne CO2 Equivalent
European Union,2011,4624392.11759198,GHG Emissions with CO2,Kilotonne CO2 Equivalent
European Union,2010,4780148.28251479,GHG Emissions with CO2,Kilotonne CO2 Equivalent
European Union,2009,4672791.93065256,GHG Emissions with CO2,Kilotonne CO2 Equivalent
European Union,2008,5036304.23974741,GHG Emissions with CO2,Kilotonne CO2 Equivalent
European Union,2007,5146226.25568874,GHG Emissions with CO2,Kilotonne CO2 Equivalent
European Union,2006,5205374.69658918,GHG Emissions with CO2,Kilotonne CO2 Equivalent
European Union,2005,5216650.60775163,GHG Emissions with CO2,Kilotonne CO2 Equivalent
European Union,2004,5256647.34264488,GHG Emissions with CO2,Kilotonne CO2 Equivalent
European Union,2003,5261522.70683387,GHG Emissions with CO2,Kilotonne CO2 Equivalent
European Union,2002,5174907.8662694,GHG Emissions with CO2,Kilotonne CO2 Equivalent
European Union,2001,5218920.54800064,GHG Emissions with CO2,Kilotonne CO2 Equivalent
European Union,2000,5167968.22245281,GHG Emissions with CO2,Kilotonne CO2 Equivalent
European Union,1999,5159735.32348517,GHG Emissions with CO2,Kilotonne CO2 Equivalent
European Union,1998,5272462.07000893,GHG Emissions with CO2,Kilotonne CO2 Equivalent
European Union,1997,5320564.7231037,GHG Emissions with CO2,Kilotonne CO2 Equivalent
European Union,1996,5420397.75007095,GHG Emissions with CO2,Kilotonne CO2 Equivalent
European Union,1995,5313164.01533885,GHG Emissions with CO2,Kilotonne CO2 Equivalent
European Union,1994,5262577.90581552,GHG Emissions with CO2,Kilotonne CO2 Equivalent
European Union,1993,5287674.68439199,GHG Emissions with CO2,Kilotonne CO2 Equivalent
European Union,1992,5386789.04575116,GHG Emissions with CO2,Kilotonne CO2 Equivalent
European Union,1991,5566394.79309925,GHG Emissions with CO2,Kilotonne CO2 Equivalent
European Union,1990,5664845.83754834,GHG Emissions with CO2,Kilotonne CO2 Equivalent
Finland,2014,59105.0771867268,GHG Emissions with CO2,Kilotonne CO2 Equivalent
Finland,2013,63276.8885138436,GHG Emissions with CO2,Kilotonne CO2 Equivalent
Finland,2012,62403.7480573425,GHG Emissions with CO2,Kilotonne CO2 Equivalent
Finland,2011,68033.9654261421,GHG Emissions with CO2,Kilotonne CO2 Equivalent
Finland,2010,75930.9702322258,GHG Emissions with CO2,Kilotonne CO2 Equivalent
Finland,2009,67670.2911623919,GHG Emissions with CO2,Kilotonne CO2 Equivalent
Finland,2008,71324.5754374347,GHG Emissions with CO2,Kilotonne CO2 Equivalent
Finland,2007,79212.739202928,GHG Emissions with CO2,Kilotonne CO2 Equivalent
Finland,2006,80739.0685181776,GHG Emissions with CO2,Kilotonne CO2 Equivalent
Finland,2005,69548.8578469739,GHG Emissions with CO2,Kilotonne CO2 Equivalent
Finland,2004,81433.9721913076,GHG Emissions with CO2,Kilotonne CO2 Equivalent
Finland,2003,85219.2986612438,GHG Emissions with CO2,Kilotonne CO2 Equivalent
Finland,2002,77740.9602079674,GHG Emissions with CO2,Kilotonne CO2 Equivalent
Finland,2001,75324.0562236299,GHG Emissions with CO2,Kilotonne CO2 Equivalent
Finland,2000,70009.504589963,GHG Emissions with CO2,Kilotonne CO2 Equivalent
Finland,1999,71916.2671877857,GHG Emissions with CO2,Kilotonne CO2 Equivalent
Finland,1998,72547.8010697551,GHG Emissions with CO2,Kilotonne CO2 Equivalent
Finland,1997,76216.9343799597,GHG Emissions with CO2,Kilotonne CO2 Equivalent
Finland,1996,77635.8988543123,GHG Emissions with CO2,Kilotonne CO2 Equivalent
Finland,1995,71848.4217814197,GHG Emissions with CO2,Kilotonne CO2 Equivalent
Finland,1994,75401.5416216613,GHG Emissions with CO2,Kilotonne CO2 Equivalent
Finland,1993,69898.9316762607,GHG Emissions with CO2,Kilotonne CO2 Equivalent
Finland,1992,67657.2551627947,GHG Emissions with CO2,Kilotonne CO2 Equivalent
Finland,1991,69069.9524625108,GHG Emissions with CO2,Kilotonne CO2 Equivalent
Finland,1990,71338.5623970918,GHG Emissions with CO2,Kilotonne CO2 Equivalent
France,2014,465369.527335374,GHG Emissions with CO2,Kilotonne CO2 Equivalent
France,2013,492151.894024428,GHG Emissions with CO2,Kilotonne CO2 Equivalent
France,2012,493928.804352035,GHG Emissions with CO2,Kilotonne CO2 Equivalent
France,2011,492623.158183279,GHG Emissions with CO2,Kilotonne CO2 Equivalent
France,2010,519972.333135512,GHG Emissions with CO2,Kilotonne CO2 Equivalent
France,2009,511294.613817561,GHG Emissions with CO2,Kilotonne CO2 Equivalent
France,2008,531834.046777706,GHG Emissions with CO2,Kilotonne CO2 Equivalent
France,2007,538725.788205634,GHG Emissions with CO2,Kilotonne CO2 Equivalent
France,2006,547645.150476835,GHG Emissions with CO2,Kilotonne CO2 Equivalent
France,2005,559398.805733464,GHG Emissions with CO2,Kilotonne CO2 Equivalent
France,2004,556057.006749307,GHG Emissions with CO2,Kilotonne CO2 Equivalent
France,2003,558762.915662396,GHG Emissions with CO2,Kilotonne CO2 Equivalent
France,2002,552270.72601065,GHG Emissions with CO2,Kilotonne CO2 Equivalent
France,2001,558213.520700282,GHG Emissions with CO2,Kilotonne CO2 Equivalent
France,2000,558215.972749139,GHG Emissions with CO2,Kilotonne CO2 Equivalent
France,1999,562048.359040888,GHG Emissions with CO2,Kilotonne CO2 Equivalent
France,1998,575083.630670721,GHG Emissions with CO2,Kilotonne CO2 Equivalent
France,1997,558839.49049853,GHG Emissions with CO2,Kilotonne CO2 Equivalent
France,1996,565422.012593217,GHG Emissions with CO2,Kilotonne CO2 Equivalent
France,1995,550558.098519151,GHG Emissions with CO2,Kilotonne CO2 Equivalent
France,1994,542394.753754973,GHG Emissions with CO2,Kilotonne CO2 Equivalent
France,1993,543333.149958896,GHG Emissions with CO2,Kilotonne CO2 Equivalent
France,1992,565981.292931607,GHG Emissions with CO2,Kilotonne CO2 Equivalent
France,1991,577151.660719953,GHG Emissions with CO2,Kilotonne CO2 Equivalent
France,1990,551057.029623151,GHG Emissions with CO2,Kilotonne CO2 Equivalent
Germany,2014,901763.938802623,GHG Emissions with CO2,Kilotonne CO2 Equivalent
Germany,2013,945150.947996296,GHG Emissions with CO2,Kilotonne CO2 Equivalent
Germany,2012,926338.361640261,GHG Emissions with CO2,Kilotonne CO2 Equivalent
Germany,2011,921829.743532604,GHG Emissions with CO2,Kilotonne CO2 Equivalent
Germany,2010,941038.691230732,GHG Emissions with CO2,Kilotonne CO2 Equivalent
Germany,2009,906423.028725622,GHG Emissions with CO2,Kilotonne CO2 Equivalent
Germany,2008,973942.17132529,GHG Emissions with CO2,Kilotonne CO2 Equivalent
Germany,2007,971998.326214991,GHG Emissions with CO2,Kilotonne CO2 Equivalent
Germany,2006,999043.900402691,GHG Emissions with CO2,Kilotonne CO2 Equivalent
Germany,2005,991848.687081523,GHG Emissions with CO2,Kilotonne CO2 Equivalent
Germany,2004,1017294.02960564,GHG Emissions with CO2,Kilotonne CO2 Equivalent
Germany,2003,1033727.65586751,GHG Emissions with CO2,Kilotonne CO2 Equivalent
Germany,2002,1036942.43863737,GHG Emissions with CO2,Kilotonne CO2 Equivalent
Germany,2001,1058070.10262725,GHG Emissions with CO2,Kilotonne CO2 Equivalent
Germany,2000,1043294.43431627,GHG Emissions with CO2,Kilotonne CO2 Equivalent
Germany,1999,1045419.70899266,GHG Emissions with CO2,Kilotonne CO2 Equivalent
Germany,1998,1078643.50204424,GHG Emissions with CO2,Kilotonne CO2 Equivalent
Germany,1997,1104243.75369149,GHG Emissions with CO2,Kilotonne CO2 Equivalent
Germany,1996,1138767.65811376,GHG Emissions with CO2,Kilotonne CO2 Equivalent
Germany,1995,1120943.90480089,GHG Emissions with CO2,Kilotonne CO2 Equivalent
Germany,1994,1124257.53296309,GHG Emissions with CO2,Kilotonne CO2 Equivalent
Germany,1993,1143674.9023058,GHG Emissions with CO2,Kilotonne CO2 Equivalent
Germany,1992,1152900.32820838,GHG Emissions with CO2,Kilotonne CO2 Equivalent
Germany,1991,1203219.25595579,GHG Emissions with CO2,Kilotonne CO2 Equivalent
Germany,1990,1249828.64870129,GHG Emissions with CO2,Kilotonne CO2 Equivalent
Greece,2014,101298.184084813,GHG Emissions with CO2,Kilotonne CO2 Equivalent
Greece,2013,104564.031249294,GHG Emissions with CO2,Kilotonne CO2 Equivalent
Greece,2012,112086.436424032,GHG Emissions with CO2,Kilotonne CO2 Equivalent
Greece,2011,115576.783290434,GHG Emissions with CO2,Kilotonne CO2 Equivalent
Greece,2010,118626.517522768,GHG Emissions with CO2,Kilotonne CO2 Equivalent
Greece,2009,124697.195300591,GHG Emissions with CO2,Kilotonne CO2 Equivalent
Greece,2008,131199.951864063,GHG Emissions with CO2,Kilotonne CO2 Equivalent
Greece,2007,134852.84227531,GHG Emissions with CO2,Kilotonne CO2 Equivalent
Greece,2006,132065.256674574,GHG Emissions with CO2,Kilotonne CO2 Equivalent
Greece,2005,135924.226108271,GHG Emissions with CO2,Kilotonne CO2 Equivalent
Greece,2004,132286.023570031,GHG Emissions with CO2,Kilotonne CO2 Equivalent
Greece,2003,131655.183439536,GHG Emissions with CO2,Kilotonne CO2 Equivalent
Greece,2002,128160.998223235,GHG Emissions with CO2,Kilotonne CO2 Equivalent
Greece,2001,128248.682487832,GHG Emissions with CO2,Kilotonne CO2 Equivalent
Greece,2000,127570.605011918,GHG Emissions with CO2,Kilotonne CO2 Equivalent
Greece,1999,124462.644048816,GHG Emissions with CO2,Kilotonne CO2 Equivalent
Greece,1998,124288.89384458,GHG Emissions with CO2,Kilotonne CO2 Equivalent
Greece,1997,118682.453532314,GHG Emissions with CO2,Kilotonne CO2 Equivalent
Greece,1996,113843.045790288,GHG Emissions with CO2,Kilotonne CO2 Equivalent
Greece,1995,110704.111282453,GHG Emissions with CO2,Kilotonne CO2 Equivalent
Greece,1994,108402.558432157,GHG Emissions with CO2,Kilotonne CO2 Equivalent
Greece,1993,105565.321078537,GHG Emissions with CO2,Kilotonne CO2 Equivalent
Greece,1992,106017.53859281,GHG Emissions with CO2,Kilotonne CO2 Equivalent
Greece,1991,104767.844628879,GHG Emissions with CO2,Kilotonne CO2 Equivalent
Greece,1990,104716.492083172,GHG Emissions with CO2,Kilotonne CO2 Equivalent
Hungary,2014,57225.1552772286,GHG Emissions with CO2,Kilotonne CO2 Equivalent
Hungary,2013,57553.8333024652,GHG Emissions with CO2,Kilotonne CO2 Equivalent
Hungary,2012,60106.8999728075,GHG Emissions with CO2,Kilotonne CO2 Equivalent
Hungary,2011,63808.0141618832,GHG Emissions with CO2,Kilotonne CO2 Equivalent
Hungary,2010,65523.6895395564,GHG Emissions with CO2,Kilotonne CO2 Equivalent
Hungary,2009,65082.9235143586,GHG Emissions with CO2,Kilotonne CO2 Equivalent
Hungary,2008,71340.3700337963,GHG Emissions with CO2,Kilotonne CO2 Equivalent
Hungary,2007,73091.6196133009,GHG Emissions with CO2,Kilotonne CO2 Equivalent
Hungary,2006,74880.3052319845,GHG Emissions with CO2,Kilotonne CO2 Equivalent
Hungary,2005,75933.2770395626,GHG Emissions with CO2,Kilotonne CO2 Equivalent
Hungary,2004,76126.4666292177,GHG Emissions with CO2,Kilotonne CO2 Equivalent
Hungary,2003,77192.4005780412,GHG Emissions with CO2,Kilotonne CO2 Equivalent
Hungary,2002,74153.5781963387,GHG Emissions with CO2,Kilotonne CO2 Equivalent
Hungary,2001,75679.3479805696,GHG Emissions with CO2,Kilotonne CO2 Equivalent
Hungary,2000,73556.6927025833,GHG Emissions with CO2,Kilotonne CO2 Equivalent
Hungary,1999,76610.4957421574,GHG Emissions with CO2,Kilotonne CO2 Equivalent
Hungary,1998,76067.0556888398,GHG Emissions with CO2,Kilotonne CO2 Equivalent
Hungary,1997,76553.8079993098,GHG Emissions with CO2,Kilotonne CO2 Equivalent
Hungary,1996,78015.9644529897,GHG Emissions with CO2,Kilotonne CO2 Equivalent
Hungary,1995,75705.7802126216,GHG Emissions with CO2,Kilotonne CO2 Equivalent
Hungary,1994,77026.1174095609,GHG Emissions with CO2,Kilotonne CO2 Equivalent
Hungary,1993,78134.8873778491,GHG Emissions with CO2,Kilotonne CO2 Equivalent
Hungary,1992,77312.1715997952,GHG Emissions with CO2,Kilotonne CO2 Equivalent
Hungary,1991,87301.0680049181,GHG Emissions with CO2,Kilotonne CO2 Equivalent
Hungary,1990,94133.9719251175,GHG Emissions with CO2,Kilotonne CO2 Equivalent
Iceland,2014,4596.84732943327,GHG Emissions with CO2,Kilotonne CO2 Equivalent
Iceland,2013,4534.66283487721,GHG Emissions with CO2,Kilotonne CO2 Equivalent
Iceland,2012,4550.40347978486,GHG Emissions with CO2,Kilotonne CO2 Equivalent
Iceland,2011,4520.22086357683,GHG Emissions with CO2,Kilotonne CO2 Equivalent
Iceland,2010,4730.35142972401,GHG Emissions with CO2,Kilotonne CO2 Equivalent
Iceland,2009,4855.77230906749,GHG Emissions with CO2,Kilotonne CO2 Equivalent
Iceland,2008,5140.33616340343,GHG Emissions with CO2,Kilotonne CO2 Equivalent
Iceland,2007,4714.81830853324,GHG Emissions with CO2,Kilotonne CO2 Equivalent
Iceland,2006,4454.03498592419,GHG Emissions with CO2,Kilotonne CO2 Equivalent
Iceland,2005,3897.68783769588,GHG Emissions with CO2,Kilotonne CO2 Equivalent
Iceland,2004,3940.12141564936,GHG Emissions with CO2,Kilotonne CO2 Equivalent
Iceland,2003,3918.59269639407,GHG Emissions with CO2,Kilotonne CO2 Equivalent
Iceland,2002,3936.90100504714,GHG Emissions with CO2,Kilotonne CO2 Equivalent
Iceland,2001,3911.35024253636,GHG Emissions with CO2,Kilotonne CO2 Equivalent
Iceland,2000,3962.77280646566,GHG Emissions with CO2,Kilotonne CO2 Equivalent
Iceland,1999,3980.84934134933,GHG Emissions with CO2,Kilotonne CO2 Equivalent
Iceland,1998,3754.77436474695,GHG Emissions with CO2,Kilotonne CO2 Equivalent
Iceland,1997,3610.85799066624,GHG Emissions with CO2,Kilotonne CO2 Equivalent
Iceland,1996,3472.18388343879,GHG Emissions with CO2,Kilotonne CO2 Equivalent
Iceland,1995,3389.0009683746,GHG Emissions with CO2,Kilotonne CO2 Equivalent
Iceland,1994,3328.37101989366,GHG Emissions with CO2,Kilotonne CO2 Equivalent
Iceland,1993,3392.56305838494,GHG Emissions with CO2,Kilotonne CO2 Equivalent
Iceland,1992,3341.98723972385,GHG Emissions with CO2,Kilotonne CO2 Equivalent
Iceland,1991,3463.43779029116,GHG Emissions with CO2,Kilotonne CO2 Equivalent
Iceland,1990,3633.55800889373,GHG Emissions with CO2,Kilotonne CO2 Equivalent
Ireland,2014,58253.6714019415,GHG Emissions with CO2,Kilotonne CO2 Equivalent
Ireland,2013,58546.7272589838,GHG Emissions with CO2,Kilotonne CO2 Equivalent
Ireland,2012,58685.2118354953,GHG Emissions with CO2,Kilotonne CO2 Equivalent
Ireland,2011,58194.6676181813,GHG Emissions with CO2,Kilotonne CO2 Equivalent
Ireland,2010,62299.0120650796,GHG Emissions with CO2,Kilotonne CO2 Equivalent
Ireland,2009,62859.3798059974,GHG Emissions with CO2,Kilotonne CO2 Equivalent
Ireland,2008,68451.001732038,GHG Emissions with CO2,Kilotonne CO2 Equivalent
Ireland,2007,69083.1959001752,GHG Emissions with CO2,Kilotonne CO2 Equivalent
Ireland,2006,69795.1672441566,GHG Emissions with CO2,Kilotonne CO2 Equivalent
Ireland,2005,70396.3261440834,GHG Emissions with CO2,Kilotonne CO2 Equivalent
Ireland,2004,68932.6740278551,GHG Emissions with CO2,Kilotonne CO2 Equivalent
Ireland,2003,69613.7986917386,GHG Emissions with CO2,Kilotonne CO2 Equivalent
Ireland,2002,69371.2338166882,GHG Emissions with CO2,Kilotonne CO2 Equivalent
Ireland,2001,71393.9183948119,GHG Emissions with CO2,Kilotonne CO2 Equivalent
Ireland,2000,69324.9552166344,GHG Emissions with CO2,Kilotonne CO2 Equivalent
Ireland,1999,67141.7469205449,GHG Emissions with CO2,Kilotonne CO2 Equivalent
Ireland,1998,66003.2455858899,GHG Emissions with CO2,Kilotonne CO2 Equivalent
Ireland,1997,63517.3013839311,GHG Emissions with CO2,Kilotonne CO2 Equivalent
Ireland,1996,62002.1478800234,GHG Emissions with CO2,Kilotonne CO2 Equivalent
Ireland,1995,59872.746870335,GHG Emissions with CO2,Kilotonne CO2 Equivalent
Ireland,1994,58450.5970202985,GHG Emissions with CO2,Kilotonne CO2 Equivalent
Ireland,1993,57164.075772468,GHG Emissions with CO2,Kilotonne CO2 Equivalent
Ireland,1992,56889.4175160503,GHG Emissions with CO2,Kilotonne CO2 Equivalent
Ireland,1991,56905.9454357891,GHG Emissions with CO2,Kilotonne CO2 Equivalent
Ireland,1990,56168.5479342269,GHG Emissions with CO2,Kilotonne CO2 Equivalent
Italy,2014,418587.214852809,GHG Emissions with CO2,Kilotonne CO2 Equivalent
Italy,2013,438887.369554579,GHG Emissions with CO2,Kilotonne CO2 Equivalent
Italy,2012,468717.915842693,GHG Emissions with CO2,Kilotonne CO2 Equivalent
Italy,2011,494789.584565051,GHG Emissions with CO2,Kilotonne CO2 Equivalent
Italy,2010,508424.0983053,GHG Emissions with CO2,Kilotonne CO2 Equivalent
Italy,2009,498894.655103401,GHG Emissions with CO2,Kilotonne CO2 Equivalent
Italy,2008,549452.72907469,GHG Emissions with CO2,Kilotonne CO2 Equivalent
Italy,2007,561137.586097384,GHG Emissions with CO2,Kilotonne CO2 Equivalent
Italy,2006,569054.804550053,GHG Emissions with CO2,Kilotonne CO2 Equivalent
Italy,2005,578904.440304856,GHG Emissions with CO2,Kilotonne CO2 Equivalent
Italy,2004,580725.580159886,GHG Emissions with CO2,Kilotonne CO2 Equivalent
Italy,2003,578126.368278315,GHG Emissions with CO2,Kilotonne CO2 Equivalent
Italy,2002,561887.952427875,GHG Emissions with CO2,Kilotonne CO2 Equivalent
Italy,2001,561600.32756657,GHG Emissions with CO2,Kilotonne CO2 Equivalent
Italy,2000,554479.28974574,GHG Emissions with CO2,Kilotonne CO2 Equivalent
Italy,1999,549495.230489239,GHG Emissions with CO2,Kilotonne CO2 Equivalent
Italy,1998,543800.430206334,GHG Emissions with CO2,Kilotonne CO2 Equivalent
Italy,1997,532739.930388069,GHG Emissions with CO2,Kilotonne CO2 Equivalent
Italy,1996,526825.535705134,GHG Emissions with CO2,Kilotonne CO2 Equivalent
Italy,1995,533449.768572357,GHG Emissions with CO2,Kilotonne CO2 Equivalent
Italy,1994,505566.538694119,GHG Emissions with CO2,Kilotonne CO2 Equivalent
Italy,1993,513611.618341214,GHG Emissions with CO2,Kilotonne CO2 Equivalent
Italy,1992,519982.778404742,GHG Emissions with CO2,Kilotonne CO2 Equivalent
Italy,1991,523489.80881579,GHG Emissions with CO2,Kilotonne CO2 Equivalent
Italy,1990,521920.60052839,GHG Emissions with CO2,Kilotonne CO2 Equivalent
Japan,2014,1363862.30512511,GHG Emissions with CO2,Kilotonne CO2 Equivalent
Japan,2013,1407883.22553504,GHG Emissions with CO2,Kilotonne CO2 Equivalent
Japan,2012,1390339.97259376,GHG Emissions with CO2,Kilotonne CO2 Equivalent
Japan,2011,1354616.00721129,GHG Emissions with CO2,Kilotonne CO2 Equivalent
Japan,2010,1304902.64207128,GHG Emissions with CO2,Kilotonne CO2 Equivalent
Japan,2009,1251003.58354902,GHG Emissions with CO2,Kilotonne CO2 Equivalent
Japan,2008,1327168.52855642,GHG Emissions with CO2,Kilotonne CO2 Equivalent
Japan,2007,1412795.07423849,GHG Emissions with CO2,Kilotonne CO2 Equivalent
Japan,2006,1377861.93887303,GHG Emissions with CO2,Kilotonne CO2 Equivalent
Japan,2005,1397101.81894679,GHG Emissions with CO2,Kilotonne CO2 Equivalent
Japan,2004,1389593.18778594,GHG Emissions with CO2,Kilotonne CO2 Equivalent
Japan,2003,1392702.14578963,GHG Emissions with CO2,Kilotonne CO2 Equivalent
Japan,2002,1390331.14112579,GHG Emissions with CO2,Kilotonne CO2 Equivalent
Japan,2001,1358715.50795218,GHG Emissions with CO2,Kilotonne CO2 Equivalent
Japan,2000,1386713.84350075,GHG Emissions with CO2,Kilotonne CO2 Equivalent
Japan,1999,1367886.0892359,GHG Emissions with CO2,Kilotonne CO2 Equivalent
Japan,1998,1345840.23839735,GHG Emissions with CO2,Kilotonne CO2 Equivalent
Japan,1997,1389906.99374062,GHG Emissions with CO2,Kilotonne CO2 Equivalent
Japan,1996,1393109.43817066,GHG Emissions with CO2,Kilotonne CO2 Equivalent
Japan,1995,1379924.54422522,GHG Emissions with CO2,Kilotonne CO2 Equivalent
Japan,1994,1358267.67798852,GHG Emissions with CO2,Kilotonne CO2 Equivalent
Japan,1993,1285876.65515278,GHG Emissions with CO2,Kilotonne CO2 Equivalent
Japan,1992,1294404.60265308,GHG Emissions with CO2,Kilotonne CO2 Equivalent
Japan,1991,1280937.69911164,GHG Emissions with CO2,Kilotonne CO2 Equivalent
Japan,1990,1270742.94816386,GHG Emissions with CO2,Kilotonne CO2 Equivalent
Latvia,2014,11393.2936099759,GHG Emissions with CO2,Kilotonne CO2 Equivalent
Latvia,2013,11450.9295840751,GHG Emissions with CO2,Kilotonne CO2 Equivalent
Latvia,2012,11526.2094164812,GHG Emissions with CO2,Kilotonne CO2 Equivalent
Latvia,2011,11634.5688573925,GHG Emissions with CO2,Kilotonne CO2 Equivalent
Latvia,2010,12373.1196290852,GHG Emissions with CO2,Kilotonne CO2 Equivalent
Latvia,2009,11233.8071730256,GHG Emissions with CO2,Kilotonne CO2 Equivalent
Latvia,2008,11953.985644454,GHG Emissions with CO2,Kilotonne CO2 Equivalent
Latvia,2007,12376.9837710524,GHG Emissions with CO2,Kilotonne CO2 Equivalent
Latvia,2006,11911.3659591043,GHG Emissions with CO2,Kilotonne CO2 Equivalent
Latvia,2005,11395.9295574378,GHG Emissions with CO2,Kilotonne CO2 Equivalent
Latvia,2004,11175.5964659033,GHG Emissions with CO2,Kilotonne CO2 Equivalent
Latvia,2003,11185.6575178459,GHG Emissions with CO2,Kilotonne CO2 Equivalent
Latvia,2002,11032.0061926977,GHG Emissions with CO2,Kilotonne CO2 Equivalent
Latvia,2001,11060.0802288106,GHG Emissions with CO2,Kilotonne CO2 Equivalent
Latvia,2000,10460.6847806777,GHG Emissions with CO2,Kilotonne CO2 Equivalent
Latvia,1999,11037.6382632983,GHG Emissions with CO2,Kilotonne CO2 Equivalent
Latvia,1998,11831.066179426,GHG Emissions with CO2,Kilotonne CO2 Equivalent
Latvia,1997,12343.1909834203,GHG Emissions with CO2,Kilotonne CO2 Equivalent
Latvia,1996,12908.4610704903,GHG Emissions with CO2,Kilotonne CO2 Equivalent
Latvia,1995,12859.1564999065,GHG Emissions with CO2,Kilotonne CO2 Equivalent
Latvia,1994,14279.7116000069,GHG Emissions with CO2,Kilotonne CO2 Equivalent
Latvia,1993,16186.0399405636,GHG Emissions with CO2,Kilotonne CO2 Equivalent
Latvia,1992,19621.763908644,GHG Emissions with CO2,Kilotonne CO2 Equivalent
Latvia,1991,24414.1717241305,GHG Emissions with CO2,Kilotonne CO2 Equivalent
Latvia,1990,26397.4022352212,GHG Emissions with CO2,Kilotonne CO2 Equivalent
Lithuania,2014,19777.7498061516,GHG Emissions with CO2,Kilotonne CO2 Equivalent
Lithuania,2013,19850.8289546557,GHG Emissions with CO2,Kilotonne CO2 Equivalent
Lithuania,2012,21112.6763800759,GHG Emissions with CO2,Kilotonne CO2 Equivalent
Lithuania,2011,21254.4575123996,GHG Emissions with CO2,Kilotonne CO2 Equivalent
Lithuania,2010,20755.1347198455,GHG Emissions with CO2,Kilotonne CO2 Equivalent
Lithuania,2009,19935.9190758773,GHG Emissions with CO2,Kilotonne CO2 Equivalent
Lithuania,2008,24394.5306728545,GHG Emissions with CO2,Kilotonne CO2 Equivalent
Lithuania,2007,25352.3510528305,GHG Emissions with CO2,Kilotonne CO2 Equivalent
Lithuania,2006,23378.4488497179,GHG Emissions with CO2,Kilotonne CO2 Equivalent
Lithuania,2005,23036.138291882,GHG Emissions with CO2,Kilotonne CO2 Equivalent
Lithuania,2004,21984.4112122192,GHG Emissions with CO2,Kilotonne CO2 Equivalent
Lithuania,2003,21203.0139068568,GHG Emissions with CO2,Kilotonne CO2 Equivalent
Lithuania,2002,20985.9500974461,GHG Emissions with CO2,Kilotonne CO2 Equivalent
Lithuania,2001,20565.3985771841,GHG Emissions with CO2,Kilotonne CO2 Equivalent
Lithuania,2000,19605.2843248219,GHG Emissions with CO2,Kilotonne CO2 Equivalent
Lithuania,1999,21233.0731787122,GHG Emissions with CO2,Kilotonne CO2 Equivalent
Lithuania,1998,23901.3798849324,GHG Emissions with CO2,Kilotonne CO2 Equivalent
Lithuania,1997,22971.1068622477,GHG Emissions with CO2,Kilotonne CO2 Equivalent
Lithuania,1996,23468.2376077676,GHG Emissions with CO2,Kilotonne CO2 Equivalent
Lithuania,1995,22400.5086396674,GHG Emissions with CO2,Kilotonne CO2 Equivalent
Lithuania,1994,23234.5799127642,GHG Emissions with CO2,Kilotonne CO2 Equivalent
Lithuania,1993,24548.3043848785,GHG Emissions with CO2,Kilotonne CO2 Equivalent
Lithuania,1992,30446.8235582429,GHG Emissions with CO2,Kilotonne CO2 Equivalent
Lithuania,1991,50233.7705660942,GHG Emissions with CO2,Kilotonne CO2 Equivalent
Lithuania,1990,48190.2820210941,GHG Emissions with CO2,Kilotonne CO2 Equivalent
Malta,2014,2982.64478757554,GHG Emissions with CO2,Kilotonne CO2 Equivalent
Malta,2013,2953.95831904028,GHG Emissions with CO2,Kilotonne CO2 Equivalent
Malta,2012,3324.49701604246,GHG Emissions with CO2,Kilotonne CO2 Equivalent
Malta,2011,3211.70609226187,GHG Emissions with CO2,Kilotonne CO2 Equivalent
Malta,2010,3098.80570626229,GHG Emissions with CO2,Kilotonne CO2 Equivalent
Malta,2009,3073.96151644768,GHG Emissions with CO2,Kilotonne CO2 Equivalent
Malta,2008,3182.27959841266,GHG Emissions with CO2,Kilotonne CO2 Equivalent
Malta,2007,3176.82792351988,GHG Emissions with CO2,Kilotonne CO2 Equivalent
Malta,2006,3090.68316868016,GHG Emissions with CO2,Kilotonne CO2 Equivalent
Malta,2005,2999.1644270709,GHG Emissions with CO2,Kilotonne CO2 Equivalent
Malta,2004,2845.49961194052,GHG Emissions with CO2,Kilotonne CO2 Equivalent
Malta,2003,2893.02628066671,GHG Emissions with CO2,Kilotonne CO2 Equivalent
Malta,2002,2687.48314208142,GHG Emissions with CO2,Kilotonne CO2 Equivalent
Malta,2001,2769.1247946209,GHG Emissions with CO2,Kilotonne CO2 Equivalent
Malta,2000,2625.80576878086,GHG Emissions with CO2,Kilotonne CO2 Equivalent
Malta,1999,2610.24691168289,GHG Emissions with CO2,Kilotonne CO2 Equivalent
Malta,1998,2524.14374984072,GHG Emissions with CO2,Kilotonne CO2 Equivalent
Malta,1997,2530.05916702989,GHG Emissions with CO2,Kilotonne CO2 Equivalent
Malta,1996,2518.24209485385,GHG Emissions with CO2,Kilotonne CO2 Equivalent
Malta,1995,2500.68600060887,GHG Emissions with CO2,Kilotonne CO2 Equivalent
Malta,1994,2483.68564592841,GHG Emissions with CO2,Kilotonne CO2 Equivalent
Malta,1993,2422.70680375731,GHG Emissions with CO2,Kilotonne CO2 Equivalent
Malta,1992,2333.93788053464,GHG Emissions with CO2,Kilotonne CO2 Equivalent
Malta,1991,2189.15593364156,GHG Emissions with CO2,Kilotonne CO2 Equivalent
Malta,1990,2000.25178238157,GHG Emissions with CO2,Kilotonne CO2 Equivalent
Monaco,2013,91.2561562041074,GHG Emissions with CO2,Kilotonne CO2 Equivalent
Monaco,2012,90.7498441303101,GHG Emissions with CO2,Kilotonne CO2 Equivalent
Monaco,2011,86.7282962617629,GHG Emissions with CO2,Kilotonne CO2 Equivalent
Monaco,2010,90.1461081643513,GHG Emissions with CO2,Kilotonne CO2 Equivalent
Monaco,2009,91.1792263693133,GHG Emissions with CO2,Kilotonne CO2 Equivalent
Monaco,2008,95.8557340654515,GHG Emissions with CO2,Kilotonne CO2 Equivalent
Monaco,2007,97.855057066224,GHG Emissions with CO2,Kilotonne CO2 Equivalent
Monaco,2006,94.2785958829561,GHG Emissions with CO2,Kilotonne CO2 Equivalent
Monaco,2005,101.10929267777,GHG Emissions with CO2,Kilotonne CO2 Equivalent
Monaco,2004,102.042738918889,GHG Emissions with CO2,Kilotonne CO2 Equivalent
Monaco,2003,106.126341833846,GHG Emissions with CO2,Kilotonne CO2 Equivalent
Monaco,2002,108.351072665333,GHG Emissions with CO2,Kilotonne CO2 Equivalent
Monaco,2001,107.9724435341,GHG Emissions with CO2,Kilotonne CO2 Equivalent
Monaco,2000,109.692366710798,GHG Emissions with CO2,Kilotonne CO2 Equivalent
Monaco,1999,108.516233169215,GHG Emissions with CO2,Kilotonne CO2 Equivalent
Monaco,1998,106.485663454616,GHG Emissions with CO2,Kilotonne CO2 Equivalent
Monaco,1997,106.719315768663,GHG Emissions with CO2,Kilotonne CO2 Equivalent
Monaco,1996,108.203360341535,GHG Emissions with CO2,Kilotonne CO2 Equivalent
Monaco,1995,103.766049795644,GHG Emissions with CO2,Kilotonne CO2 Equivalent
Monaco,1994,106.067732637872,GHG Emissions with CO2,Kilotonne CO2 Equivalent
Monaco,1993,105.050402905748,GHG Emissions with CO2,Kilotonne CO2 Equivalent
Monaco,1992,105.935293062565,GHG Emissions with CO2,Kilotonne CO2 Equivalent
Monaco,1991,100.369204056598,GHG Emissions with CO2,Kilotonne CO2 Equivalent
Monaco,1990,99.4136059156658,GHG Emissions with CO2,Kilotonne CO2 Equivalent
Netherlands,2014,187056.884436592,GHG Emissions with CO2,Kilotonne CO2 Equivalent
Netherlands,2013,195039.407791336,GHG Emissions with CO2,Kilotonne CO2 Equivalent
Netherlands,2012,195295.943888972,GHG Emissions with CO2,Kilotonne CO2 Equivalent
Netherlands,2011,200033.683495318,GHG Emissions with CO2,Kilotonne CO2 Equivalent
Netherlands,2010,213760.311617856,GHG Emissions with CO2,Kilotonne CO2 Equivalent
Netherlands,2009,201898.384983057,GHG Emissions with CO2,Kilotonne CO2 Equivalent
Netherlands,2008,207659.63094993,GHG Emissions with CO2,Kilotonne CO2 Equivalent
Netherlands,2007,208328.352303886,GHG Emissions with CO2,Kilotonne CO2 Equivalent
Netherlands,2006,209389.008146778,GHG Emissions with CO2,Kilotonne CO2 Equivalent
Netherlands,2005,214444.895424552,GHG Emissions with CO2,Kilotonne CO2 Equivalent
Netherlands,2004,219308.109761634,GHG Emissions with CO2,Kilotonne CO2 Equivalent
Netherlands,2003,218174.535289908,GHG Emissions with CO2,Kilotonne CO2 Equivalent
Netherlands,2002,218138.865670802,GHG Emissions with CO2,Kilotonne CO2 Equivalent
Netherlands,2001,220117.41766415,GHG Emissions with CO2,Kilotonne CO2 Equivalent
Netherlands,2000,220250.174203856,GHG Emissions with CO2,Kilotonne CO2 Equivalent
Netherlands,1999,222262.48522625,GHG Emissions with CO2,Kilotonne CO2 Equivalent
Netherlands,1998,235646.030611952,GHG Emissions with CO2,Kilotonne CO2 Equivalent
Netherlands,1997,235568.927566529,GHG Emissions with CO2,Kilotonne CO2 Equivalent
Netherlands,1996,243054.332894743,GHG Emissions with CO2,Kilotonne CO2 Equivalent
Netherlands,1995,232179.185332237,GHG Emissions with CO2,Kilotonne CO2 Equivalent
Netherlands,1994,235538.779189261,GHG Emissions with CO2,Kilotonne CO2 Equivalent
Netherlands,1993,231885.946678412,GHG Emissions with CO2,Kilotonne CO2 Equivalent
Netherlands,1992,230665.363789811,GHG Emissions with CO2,Kilotonne CO2 Equivalent
Netherlands,1991,229981.11534938,GHG Emissions with CO2,Kilotonne CO2 Equivalent
Netherlands,1990,222182.482223075,GHG Emissions with CO2,Kilotonne CO2 Equivalent
New Zealand,2014,81104.4290799241,GHG Emissions with CO2,Kilotonne CO2 Equivalent
New Zealand,2013,80298.3251469851,GHG Emissions with CO2,Kilotonne CO2 Equivalent
New Zealand,2012,80890.3639254294,GHG Emissions with CO2,Kilotonne CO2 Equivalent
New Zealand,2011,78941.5208964196,GHG Emissions with CO2,Kilotonne CO2 Equivalent
New Zealand,2010,78942.2908980154,GHG Emissions with CO2,Kilotonne CO2 Equivalent
New Zealand,2009,78624.7002877506,GHG Emissions with CO2,Kilotonne CO2 Equivalent
New Zealand,2008,81020.646149607,GHG Emissions with CO2,Kilotonne CO2 Equivalent
New Zealand,2007,81157.8794314686,GHG Emissions with CO2,Kilotonne CO2 Equivalent
New Zealand,2006,83696.7494402892,GHG Emissions with CO2,Kilotonne CO2 Equivalent
New Zealand,2005,83666.2879285929,GHG Emissions with CO2,Kilotonne CO2 Equivalent
New Zealand,2004,81648.8272771088,GHG Emissions with CO2,Kilotonne CO2 Equivalent
New Zealand,2003,82021.5878477474,GHG Emissions with CO2,Kilotonne CO2 Equivalent
New Zealand,2002,79616.9981055823,GHG Emissions with CO2,Kilotonne CO2 Equivalent
New Zealand,2001,79058.6235689067,GHG Emissions with CO2,Kilotonne CO2 Equivalent
New Zealand,2000,76384.6869460101,GHG Emissions with CO2,Kilotonne CO2 Equivalent
New Zealand,1999,74264.3360727654,GHG Emissions with CO2,Kilotonne CO2 Equivalent
New Zealand,1998,72205.1448935392,GHG Emissions with CO2,Kilotonne CO2 Equivalent
New Zealand,1997,74637.9895126178,GHG Emissions with CO2,Kilotonne CO2 Equivalent
New Zealand,1996,71834.4611971898,GHG Emissions with CO2,Kilotonne CO2 Equivalent
New Zealand,1995,69641.424602133,GHG Emissions with CO2,Kilotonne CO2 Equivalent
New Zealand,1994,68816.5832879109,GHG Emissions with CO2,Kilotonne CO2 Equivalent
New Zealand,1993,67631.7325014562,GHG Emissions with CO2,Kilotonne CO2 Equivalent
New Zealand,1992,67999.4999995816,GHG Emissions with CO2,Kilotonne CO2 Equivalent
New Zealand,1991,66822.617722031,GHG Emissions with CO2,Kilotonne CO2 Equivalent
New Zealand,1990,65828.3804799771,GHG Emissions with CO2,Kilotonne CO2 Equivalent
Norway,2014,53190.6071843461,GHG Emissions with CO2,Kilotonne CO2 Equivalent
Norway,2013,53585.6323909077,GHG Emissions with CO2,Kilotonne CO2 Equivalent
Norway,2012,53872.3085295614,GHG Emissions with CO2,Kilotonne CO2 Equivalent
Norway,2011,54308.6438462418,GHG Emissions with CO2,Kilotonne CO2 Equivalent
Norway,2010,55299.0969643191,GHG Emissions with CO2,Kilotonne CO2 Equivalent
Norway,2009,52699.8529291815,GHG Emissions with CO2,Kilotonne CO2 Equivalent
Norway,2008,55440.9768200456,GHG Emissions with CO2,Kilotonne CO2 Equivalent
Norway,2007,56966.3456187061,GHG Emissions with CO2,Kilotonne CO2 Equivalent
Norway,2006,55071.686061874,GHG Emissions with CO2,Kilotonne CO2 Equivalent
Norway,2005,55291.6168204172,GHG Emissions with CO2,Kilotonne CO2 Equivalent
Norway,2004,56214.0084775802,GHG Emissions with CO2,Kilotonne CO2 Equivalent
Norway,2003,55665.8918961297,GHG Emissions with CO2,Kilotonne CO2 Equivalent
Norway,2002,55060.5037050923,GHG Emissions with CO2,Kilotonne CO2 Equivalent
Norway,2001,56145.0027583016,GHG Emissions with CO2,Kilotonne CO2 Equivalent
Norway,2000,54883.3750109775,GHG Emissions with CO2,Kilotonne CO2 Equivalent
Norway,1999,55476.4362183585,GHG Emissions with CO2,Kilotonne CO2 Equivalent
Norway,1998,54499.0166279507,GHG Emissions with CO2,Kilotonne CO2 Equivalent
Norway,1997,54333.9463603583,GHG Emissions with CO2,Kilotonne CO2 Equivalent
Norway,1996,54411.0952561063,GHG Emissions with CO2,Kilotonne CO2 Equivalent
Norway,1995,51411.1492564084,GHG Emissions with CO2,Kilotonne CO2 Equivalent
Norway,1994,51704.4180201368,GHG Emissions with CO2,Kilotonne CO2 Equivalent
Norway,1993,49802.7844557724,GHG Emissions with CO2,Kilotonne CO2 Equivalent
Norway,1992,47778.6271571411,GHG Emissions with CO2,Kilotonne CO2 Equivalent
Norway,1991,49586.8891439841,GHG Emissions with CO2,Kilotonne CO2 Equivalent
Norway,1990,51921.7714051269,GHG Emissions with CO2,Kilotonne CO2 Equivalent
Poland,2014,380037.565871199,GHG Emissions with CO2,Kilotonne CO2 Equivalent
Poland,2013,393091.872196718,GHG Emissions with CO2,Kilotonne CO2 Equivalent
Poland,2012,396983.549366664,GHG Emissions with CO2,Kilotonne CO2 Equivalent
Poland,2011,403271.359627781,GHG Emissions with CO2,Kilotonne CO2 Equivalent
Poland,2010,403598.930904867,GHG Emissions with CO2,Kilotonne CO2 Equivalent
Poland,2009,384946.328786087,GHG Emissions with CO2,Kilotonne CO2 Equivalent
Poland,2008,403146.506212713,GHG Emissions with CO2,Kilotonne CO2 Equivalent
Poland,2007,411240.338790885,GHG Emissions with CO2,Kilotonne CO2 Equivalent
Poland,2006,411535.543517724,GHG Emissions with CO2,Kilotonne CO2 Equivalent
Poland,2005,397413.932819532,GHG Emissions with CO2,Kilotonne CO2 Equivalent
Poland,2004,397602.77053831,GHG Emissions with CO2,Kilotonne CO2 Equivalent
Poland,2003,393065.574037803,GHG Emissions with CO2,Kilotonne CO2 Equivalent
Poland,2002,379645.914159297,GHG Emissions with CO2,Kilotonne CO2 Equivalent
Poland,2001,389931.343995107,GHG Emissions with CO2,Kilotonne CO2 Equivalent
Poland,2000,392275.757410682,GHG Emissions with CO2,Kilotonne CO2 Equivalent
Poland,1999,404031.189896818,GHG Emissions with CO2,Kilotonne CO2 Equivalent
Poland,1998,415621.321964273,GHG Emissions with CO2,Kilotonne CO2 Equivalent
Poland,1997,448855.478154987,GHG Emissions with CO2,Kilotonne CO2 Equivalent
Poland,1996,458480.439643422,GHG Emissions with CO2,Kilotonne CO2 Equivalent
Poland,1995,445272.754045013,GHG Emissions with CO2,Kilotonne CO2 Equivalent
Poland,1994,443218.560379242,GHG Emissions with CO2,Kilotonne CO2 Equivalent
Poland,1993,448350.912134395,GHG Emissions with CO2,Kilotonne CO2 Equivalent
Poland,1992,447713.503956584,GHG Emissions with CO2,Kilotonne CO2 Equivalent
Poland,1991,462432.787739736,GHG Emissions with CO2,Kilotonne CO2 Equivalent
Poland,1990,472995.97389518,GHG Emissions with CO2,Kilotonne CO2 Equivalent
Portugal,2014,65747.8222315514,GHG Emissions with CO2,Kilotonne CO2 Equivalent
Portugal,2013,65884.8578139682,GHG Emissions with CO2,Kilotonne CO2 Equivalent
Portugal,2012,67681.248812994,GHG Emissions with CO2,Kilotonne CO2 Equivalent
Portugal,2011,69774.2213716337,GHG Emissions with CO2,Kilotonne CO2 Equivalent
Portugal,2010,71333.5980754193,GHG Emissions with CO2,Kilotonne CO2 Equivalent
Portugal,2009,75935.9020110487,GHG Emissions with CO2,Kilotonne CO2 Equivalent
Portugal,2008,78734.1165596236,GHG Emissions with CO2,Kilotonne CO2 Equivalent
Portugal,2007,81099.9493471506,GHG Emissions with CO2,Kilotonne CO2 Equivalent
Portugal,2006,83555.485883523,GHG Emissions with CO2,Kilotonne CO2 Equivalent
Portugal,2005,88584.4251282468,GHG Emissions with CO2,Kilotonne CO2 Equivalent
Portugal,2004,85995.0655168983,GHG Emissions with CO2,Kilotonne CO2 Equivalent
Portugal,2003,82929.5439878215,GHG Emissions with CO2,Kilotonne CO2 Equivalent
Portugal,2002,88155.8828098531,GHG Emissions with CO2,Kilotonne CO2 Equivalent
Portugal,2001,83843.3292797417,GHG Emissions with CO2,Kilotonne CO2 Equivalent
Portugal,2000,83930.8395604369,GHG Emissions with CO2,Kilotonne CO2 Equivalent
Portugal,1999,85194.9945192914,GHG Emissions with CO2,Kilotonne CO2 Equivalent
Portugal,1998,77195.2341542197,GHG Emissions with CO2,Kilotonne CO2 Equivalent
Portugal,1997,72195.8182101078,GHG Emissions with CO2,Kilotonne CO2 Equivalent
Portugal,1996,68834.1828234374,GHG Emissions with CO2,Kilotonne CO2 Equivalent
Portugal,1995,71368.4216628915,GHG Emissions with CO2,Kilotonne CO2 Equivalent
Portugal,1994,66935.8597846289,GHG Emissions with CO2,Kilotonne CO2 Equivalent
Portugal,1993,65623.2879006346,GHG Emissions with CO2,Kilotonne CO2 Equivalent
Portugal,1992,66979.8391330233,GHG Emissions with CO2,Kilotonne CO2 Equivalent
Portugal,1991,62349.6783718647,GHG Emissions with CO2,Kilotonne CO2 Equivalent
Portugal,1990,60552.0125545276,GHG Emissions with CO2,Kilotonne CO2 Equivalent
Romania,2014,111612.810604741,GHG Emissions with CO2,Kilotonne CO2 Equivalent
Romania,2013,111933.89585605,GHG Emissions with CO2,Kilotonne CO2 Equivalent
Romania,2012,122666.95430426,GHG Emissions with CO2,Kilotonne CO2 Equivalent
Romania,2011,124264.61705774,GHG Emissions with CO2,Kilotonne CO2 Equivalent
Romania,2010,119124.98108324,GHG Emissions with CO2,Kilotonne CO2 Equivalent
Romania,2009,125528.055603277,GHG Emissions with CO2,Kilotonne CO2 Equivalent
Romania,2008,143548.868953372,GHG Emissions with CO2,Kilotonne CO2 Equivalent
Romania,2007,148708.180463993,GHG Emissions with CO2,Kilotonne CO2 Equivalent
Romania,2006,151431.555316116,GHG Emissions with CO2,Kilotonne CO2 Equivalent
Romania,2005,149329.227887785,GHG Emissions with CO2,Kilotonne CO2 Equivalent
Romania,2004,151877.024946004,GHG Emissions with CO2,Kilotonne CO2 Equivalent
Romania,2003,153271.396474872,GHG Emissions with CO2,Kilotonne CO2 Equivalent
Romania,2002,148022.889172072,GHG Emissions with CO2,Kilotonne CO2 Equivalent
Romania,2001,149257.929059923,GHG Emissions with CO2,Kilotonne CO2 Equivalent
Romania,2000,142404.667364628,GHG Emissions with CO2,Kilotonne CO2 Equivalent
Romania,1999,136767.727856024,GHG Emissions with CO2,Kilotonne CO2 Equivalent
Romania,1998,155283.125768437,GHG Emissions with CO2,Kilotonne CO2 Equivalent
Romania,1997,175492.32678625,GHG Emissions with CO2,Kilotonne CO2 Equivalent
Romania,1996,187475.719181006,GHG Emissions with CO2,Kilotonne CO2 Equivalent
Romania,1995,185010.510955194,GHG Emissions with CO2,Kilotonne CO2 Equivalent
Romania,1994,178107.9044609,GHG Emissions with CO2,Kilotonne CO2 Equivalent
Romania,1993,182011.073556392,GHG Emissions with CO2,Kilotonne CO2 Equivalent
Romania,1992,190934.821941263,GHG Emissions with CO2,Kilotonne CO2 Equivalent
Romania,1991,208477.415365055,GHG Emissions with CO2,Kilotonne CO2 Equivalent
Romania,1990,254999.122937748,GHG Emissions with CO2,Kilotonne CO2 Equivalent
Russian Federation,2014,2648873.34719867,GHG Emissions with CO2,Kilotonne CO2 Equivalent
Russian Federation,2013,2643064.5998411,GHG Emissions with CO2,Kilotonne CO2 Equivalent
Russian Federation,2012,2700925.24004231,GHG Emissions with CO2,Kilotonne CO2 Equivalent
Russian Federation,2011,2665179.25767954,GHG Emissions with CO2,Kilotonne CO2 Equivalent
Russian Federation,2010,2602483.42792335,GHG Emissions with CO2,Kilotonne CO2 Equivalent
Russian Federation,2009,2481987.79247174,GHG Emissions with CO2,Kilotonne CO2 Equivalent
Russian Federation,2008,2616463.55390157,GHG Emissions with CO2,Kilotonne CO2 Equivalent
Russian Federation,2007,2584309.06044644,GHG Emissions with CO2,Kilotonne CO2 Equivalent
Russian Federation,2006,2574412.00965123,GHG Emissions with CO2,Kilotonne CO2 Equivalent
Russian Federation,2005,2501637.91007254,GHG Emissions with CO2,Kilotonne CO2 Equivalent
Russian Federation,2004,2471236.40549359,GHG Emissions with CO2,Kilotonne CO2 Equivalent
Russian Federation,2003,2422097.78719788,GHG Emissions with CO2,Kilotonne CO2 Equivalent
Russian Federation,2002,2342532.90912542,GHG Emissions with CO2,Kilotonne CO2 Equivalent
Russian Federation,2001,2334066.89048283,GHG Emissions with CO2,Kilotonne CO2 Equivalent
Russian Federation,2000,2274497.94442973,GHG Emissions with CO2,Kilotonne CO2 Equivalent
Russian Federation,1999,2261391.53957599,GHG Emissions with CO2,Kilotonne CO2 Equivalent
Russian Federation,1998,2229674.66572712,GHG Emissions with CO2,Kilotonne CO2 Equivalent
Russian Federation,1997,2261183.4663907,GHG Emissions with CO2,Kilotonne CO2 Equivalent
Russian Federation,1996,2354767.26191203,GHG Emissions with CO2,Kilotonne CO2 Equivalent
Russian Federation,1995,2429432.44370705,GHG Emissions with CO2,Kilotonne CO2 Equivalent
Russian Federation,1994,2511690.61824298,GHG Emissions with CO2,Kilotonne CO2 Equivalent
Russian Federation,1993,2809294.52481872,GHG Emissions with CO2,Kilotonne CO2 Equivalent
Russian Federation,1992,3002768.80020962,GHG Emissions with CO2,Kilotonne CO2 Equivalent
Russian Federation,1991,3535600.02489126,GHG Emissions with CO2,Kilotonne CO2 Equivalent
Russian Federation,1990,3767555.04426468,GHG Emissions with CO2,Kilotonne CO2 Equivalent
Slovakia,2014,40657.6017003132,GHG Emissions with CO2,Kilotonne CO2 Equivalent
Slovakia,2013,42792.4788996332,GHG Emissions with CO2,Kilotonne CO2 Equivalent
Slovakia,2012,43175.5884668369,GHG Emissions with CO2,Kilotonne CO2 Equivalent
Slovakia,2011,45604.0184269931,GHG Emissions with CO2,Kilotonne CO2 Equivalent
Slovakia,2010,46482.8737554074,GHG Emissions with CO2,Kilotonne CO2 Equivalent
Slovakia,2009,45557.6290204964,GHG Emissions with CO2,Kilotonne CO2 Equivalent
Slovakia,2008,50088.7365180064,GHG Emissions with CO2,Kilotonne CO2 Equivalent
Slovakia,2007,49405.0730814613,GHG Emissions with CO2,Kilotonne CO2 Equivalent
Slovakia,2006,51206.9149886339,GHG Emissions with CO2,Kilotonne CO2 Equivalent
Slovakia,2005,51287.3749784774,GHG Emissions with CO2,Kilotonne CO2 Equivalent
Slovakia,2004,51315.162528611,GHG Emissions with CO2,Kilotonne CO2 Equivalent
Slovakia,2003,50586.5760160679,GHG Emissions with CO2,Kilotonne CO2 Equivalent
Slovakia,2002,50144.7586875242,GHG Emissions with CO2,Kilotonne CO2 Equivalent
Slovakia,2001,52127.6656030658,GHG Emissions with CO2,Kilotonne CO2 Equivalent
Slovakia,2000,49712.4776565827,GHG Emissions with CO2,Kilotonne CO2 Equivalent
Slovakia,1999,51700.4255895351,GHG Emissions with CO2,Kilotonne CO2 Equivalent
Slovakia,1998,52993.843018462,GHG Emissions with CO2,Kilotonne CO2 Equivalent
Slovakia,1997,54396.9380264408,GHG Emissions with CO2,Kilotonne CO2 Equivalent
Slovakia,1996,54706.0658504021,GHG Emissions with CO2,Kilotonne CO2 Equivalent
Slovakia,1995,54405.5771330106,GHG Emissions with CO2,Kilotonne CO2 Equivalent
Slovakia,1994,53053.299044382,GHG Emissions with CO2,Kilotonne CO2 Equivalent
Slovakia,1993,55689.2829100671,GHG Emissions with CO2,Kilotonne CO2 Equivalent
Slovakia,1992,59204.279816753,GHG Emissions with CO2,Kilotonne CO2 Equivalent
Slovakia,1991,64644.5332374833,GHG Emissions with CO2,Kilotonne CO2 Equivalent
Slovakia,1990,74271.5106844523,GHG Emissions with CO2,Kilotonne CO2 Equivalent
Slovenia,2014,16582.3118962607,GHG Emissions with CO2,Kilotonne CO2 Equivalent
Slovenia,2013,18313.7815337237,GHG Emissions with CO2,Kilotonne CO2 Equivalent
Slovenia,2012,19035.4208792702,GHG Emissions with CO2,Kilotonne CO2 Equivalent
Slovenia,2011,19626.4639887411,GHG Emissions with CO2,Kilotonne CO2 Equivalent
Slovenia,2010,19618.7649294739,GHG Emissions with CO2,Kilotonne CO2 Equivalent
Slovenia,2009,19595.3672464151,GHG Emissions with CO2,Kilotonne CO2 Equivalent
Slovenia,2008,21523.5484179448,GHG Emissions with CO2,Kilotonne CO2 Equivalent
Slovenia,2007,20831.8365544054,GHG Emissions with CO2,Kilotonne CO2 Equivalent
Slovenia,2006,20694.9724736023,GHG Emissions with CO2,Kilotonne CO2 Equivalent
Slovenia,2005,20522.7384015046,GHG Emissions with CO2,Kilotonne CO2 Equivalent
Slovenia,2004,20198.4456736378,GHG Emissions with CO2,Kilotonne CO2 Equivalent
Slovenia,2003,19878.2471571766,GHG Emissions with CO2,Kilotonne CO2 Equivalent
Slovenia,2002,20159.895746672,GHG Emissions with CO2,Kilotonne CO2 Equivalent
Slovenia,2001,20010.7197823299,GHG Emissions with CO2,Kilotonne CO2 Equivalent
Slovenia,2000,19126.2291661025,GHG Emissions with CO2,Kilotonne CO2 Equivalent
Slovenia,1999,18892.7989721634,GHG Emissions with CO2,Kilotonne CO2 Equivalent
Slovenia,1998,19520.3865901311,GHG Emissions with CO2,Kilotonne CO2 Equivalent
Slovenia,1997,19794.466740047,GHG Emissions with CO2,Kilotonne CO2 Equivalent
Slovenia,1996,19440.2444733498,GHG Emissions with CO2,Kilotonne CO2 Equivalent
Slovenia,1995,18761.01803777,GHG Emissions with CO2,Kilotonne CO2 Equivalent
Slovenia,1994,18004.4453928209,GHG Emissions with CO2,Kilotonne CO2 Equivalent
Slovenia,1993,17605.5382076413,GHG Emissions with CO2,Kilotonne CO2 Equivalent
Slovenia,1992,17410.0681306423,GHG Emissions with CO2,Kilotonne CO2 Equivalent
Slovenia,1991,17311.5291336356,GHG Emissions with CO2,Kilotonne CO2 Equivalent
Slovenia,1990,18616.4490964463,GHG Emissions with CO2,Kilotonne CO2 Equivalent
Sweden,2014,54382.7372856202,GHG Emissions with CO2,Kilotonne CO2 Equivalent
Sweden,2013,55939.5232899326,GHG Emissions with CO2,Kilotonne CO2 Equivalent
Sweden,2012,57578.3590921027,GHG Emissions with CO2,Kilotonne CO2 Equivalent
Sweden,2011,60987.1477086748,GHG Emissions with CO2,Kilotonne CO2 Equivalent
Sweden,2010,64997.0873748557,GHG Emissions with CO2,Kilotonne CO2 Equivalent
Sweden,2009,59052.7638105561,GHG Emissions with CO2,Kilotonne CO2 Equivalent
Sweden,2008,63121.1224890111,GHG Emissions with CO2,Kilotonne CO2 Equivalent
Sweden,2007,65372.6535713726,GHG Emissions with CO2,Kilotonne CO2 Equivalent
Sweden,2006,66923.4245261691,GHG Emissions with CO2,Kilotonne CO2 Equivalent
Sweden,2005,66968.3027050278,GHG Emissions with CO2,Kilotonne CO2 Equivalent
Sweden,2004,69582.4418008926,GHG Emissions with CO2,Kilotonne CO2 Equivalent
Sweden,2003,70601.3604284107,GHG Emissions with CO2,Kilotonne CO2 Equivalent
Sweden,2002,70160.7817014108,GHG Emissions with CO2,Kilotonne CO2 Equivalent
Sweden,2001,69192.115810022,GHG Emissions with CO2,Kilotonne CO2 Equivalent
Sweden,2000,68868.7688476056,GHG Emissions with CO2,Kilotonne CO2 Equivalent
Sweden,1999,70181.7030568556,GHG Emissions with CO2,Kilotonne CO2 Equivalent
Sweden,1998,73085.864192708,GHG Emissions with CO2,Kilotonne CO2 Equivalent
Sweden,1997,72772.2987213703,GHG Emissions with CO2,Kilotonne CO2 Equivalent
Sweden,1996,77574.1002048805,GHG Emissions with CO2,Kilotonne CO2 Equivalent
Sweden,1995,74029.3603217318,GHG Emissions with CO2,Kilotonne CO2 Equivalent
Sweden,1994,74231.4889121949,GHG Emissions with CO2,Kilotonne CO2 Equivalent
Sweden,1993,71807.1907332996,GHG Emissions with CO2,Kilotonne CO2 Equivalent
Sweden,1992,71527.0503616345,GHG Emissions with CO2,Kilotonne CO2 Equivalent
Sweden,1991,72041.2548529878,GHG Emissions with CO2,Kilotonne CO2 Equivalent
Sweden,1990,71917.2595916878,GHG Emissions with CO2,Kilotonne CO2 Equivalent
Switzerland,2014,48737.8666610493,GHG Emissions with CO2,Kilotonne CO2 Equivalent
Switzerland,2013,52641.2178097103,GHG Emissions with CO2,Kilotonne CO2 Equivalent
Switzerland,2012,51759.6721418105,GHG Emissions with CO2,Kilotonne CO2 Equivalent
Switzerland,2011,50420.4743715341,GHG Emissions with CO2,Kilotonne CO2 Equivalent
Switzerland,2010,54498.086337724,GHG Emissions with CO2,Kilotonne CO2 Equivalent
Switzerland,2009,52900.817831085,GHG Emissions with CO2,Kilotonne CO2 Equivalent
Switzerland,2008,54210.033000036,GHG Emissions with CO2,Kilotonne CO2 Equivalent
Switzerland,2007,52679.9643373268,GHG Emissions with CO2,Kilotonne CO2 Equivalent
Switzerland,2006,54609.7557634477,GHG Emissions with CO2,Kilotonne CO2 Equivalent
Switzerland,2005,54987.570906894,GHG Emissions with CO2,Kilotonne CO2 Equivalent
Switzerland,2004,54308.7416200949,GHG Emissions with CO2,Kilotonne CO2 Equivalent
Switzerland,2003,53687.2737163904,GHG Emissions with CO2,Kilotonne CO2 Equivalent
Switzerland,2002,52481.142702361,GHG Emissions with CO2,Kilotonne CO2 Equivalent
Switzerland,2001,54082.8662797344,GHG Emissions with CO2,Kilotonne CO2 Equivalent
Switzerland,2000,52503.4061884284,GHG Emissions with CO2,Kilotonne CO2 Equivalent
Switzerland,1999,53236.2713352315,GHG Emissions with CO2,Kilotonne CO2 Equivalent
Switzerland,1998,53492.7538506534,GHG Emissions with CO2,Kilotonne CO2 Equivalent
Switzerland,1997,51912.0054489952,GHG Emissions with CO2,Kilotonne CO2 Equivalent
Switzerland,1996,53186.2855469605,GHG Emissions with CO2,Kilotonne CO2 Equivalent
Switzerland,1995,52478.7556320352,GHG Emissions with CO2,Kilotonne CO2 Equivalent
Switzerland,1994,51621.0235260782,GHG Emissions with CO2,Kilotonne CO2 Equivalent
Switzerland,1993,52653.1435325936,GHG Emissions with CO2,Kilotonne CO2 Equivalent
Switzerland,1992,55328.4188013381,GHG Emissions with CO2,Kilotonne CO2 Equivalent
Switzerland,1991,55639.7237950684,GHG Emissions with CO2,Kilotonne CO2 Equivalent
Switzerland,1990,53719.9849036934,GHG Emissions with CO2,Kilotonne CO2 Equivalent
Turkey,2014,467550.376938556,GHG Emissions with CO2,Kilotonne CO2 Equivalent
Turkey,2013,438819.583998087,GHG Emissions with CO2,Kilotonne CO2 Equivalent
Turkey,2012,447452.331322876,GHG Emissions with CO2,Kilotonne CO2 Equivalent
Turkey,2011,415868.814166092,GHG Emissions with CO2,Kilotonne CO2 Equivalent
Turkey,2010,395282.5101948,GHG Emissions with CO2,Kilotonne CO2 Equivalent
Turkey,2009,382513.418915312,GHG Emissions with CO2,Kilotonne CO2 Equivalent
Turkey,2008,393100.907685785,GHG Emissions with CO2,Kilotonne CO2 Equivalent
Turkey,2007,403392.48602378,GHG Emissions with CO2,Kilotonne CO2 Equivalent
Turkey,2006,371320.553164485,GHG Emissions with CO2,Kilotonne CO2 Equivalent
Turkey,2005,345231.79488074,GHG Emissions with CO2,Kilotonne CO2 Equivalent
Turkey,2004,316893.705222216,GHG Emissions with CO2,Kilotonne CO2 Equivalent
Turkey,2003,303694.424923634,GHG Emissions with CO2,Kilotonne CO2 Equivalent
Turkey,2002,287094.567920903,GHG Emissions with CO2,Kilotonne CO2 Equivalent
Turkey,2001,278784.945605068,GHG Emissions with CO2,Kilotonne CO2 Equivalent
Turkey,2000,296810.835017591,GHG Emissions with CO2,Kilotonne CO2 Equivalent
Turkey,1999,271357.95510034,GHG Emissions with CO2,Kilotonne CO2 Equivalent
Turkey,1998,271755.93253179,GHG Emissions with CO2,Kilotonne CO2 Equivalent
Turkey,1997,269942.502958794,GHG Emissions with CO2,Kilotonne CO2 Equivalent
Turkey,1996,256657.080416341,GHG Emissions with CO2,Kilotonne CO2 Equivalent
Turkey,1995,239039.791797548,GHG Emissions with CO2,Kilotonne CO2 Equivalent
Turkey,1994,224719.235237721,GHG Emissions with CO2,Kilotonne CO2 Equivalent
Turkey,1993,230628.999213425,GHG Emissions with CO2,Kilotonne CO2 Equivalent
Turkey,1992,220797.144315653,GHG Emissions with CO2,Kilotonne CO2 Equivalent
Turkey,1991,214128.322164344,GHG Emissions with CO2,Kilotonne CO2 Equivalent
Turkey,1990,207773.321142867,GHG Emissions with CO2,Kilotonne CO2 Equivalent
Ukraine,2014,354347.536691179,GHG Emissions with CO2,Kilotonne CO2 Equivalent
Ukraine,2013,401066.965549848,GHG Emissions with CO2,Kilotonne CO2 Equivalent
Ukraine,2012,409531.352681124,GHG Emissions with CO2,Kilotonne CO2 Equivalent
Ukraine,2011,421635.992874612,GHG Emissions with CO2,Kilotonne CO2 Equivalent
Ukraine,2010,401929.093345106,GHG Emissions with CO2,Kilotonne CO2 Equivalent
Ukraine,2009,384651.787849048,GHG Emissions with CO2,Kilotonne CO2 Equivalent
Ukraine,2008,442172.375153511,GHG Emissions with CO2,Kilotonne CO2 Equivalent
Ukraine,2007,455267.444575027,GHG Emissions with CO2,Kilotonne CO2 Equivalent
Ukraine,2006,452089.762758341,GHG Emissions with CO2,Kilotonne CO2 Equivalent
Ukraine,2005,435660.661700088,GHG Emissions with CO2,Kilotonne CO2 Equivalent
Ukraine,2004,427912.423607696,GHG Emissions with CO2,Kilotonne CO2 Equivalent
Ukraine,2003,417556.108545758,GHG Emissions with CO2,Kilotonne CO2 Equivalent
Ukraine,2002,417502.686515017,GHG Emissions with CO2,Kilotonne CO2 Equivalent
Ukraine,2001,433832.545959988,GHG Emissions with CO2,Kilotonne CO2 Equivalent
Ukraine,2000,413923.442159161,GHG Emissions with CO2,Kilotonne CO2 Equivalent
Ukraine,1999,437037.553867475,GHG Emissions with CO2,Kilotonne CO2 Equivalent
Ukraine,1998,464400.030828998,GHG Emissions with CO2,Kilotonne CO2 Equivalent
Ukraine,1997,496219.978436793,GHG Emissions with CO2,Kilotonne CO2 Equivalent
Ukraine,1996,511686.629324465,GHG Emissions with CO2,Kilotonne CO2 Equivalent
Ukraine,1995,557047.936317596,GHG Emissions with CO2,Kilotonne CO2 Equivalent
Ukraine,1994,600339.977227621,GHG Emissions with CO2,Kilotonne CO2 Equivalent
Ukraine,1993,705376.575954999,GHG Emissions with CO2,Kilotonne CO2 Equivalent
Ukraine,1992,795446.960614269,GHG Emissions with CO2,Kilotonne CO2 Equivalent
Ukraine,1991,853207.752275926,GHG Emissions with CO2,Kilotonne CO2 Equivalent
Ukraine,1990,937954.203768127,GHG Emissions with CO2,Kilotonne CO2 Equivalent
United States of America,2014,6870446.09153786,GHG Emissions with CO2,Kilotonne CO2 Equivalent
United States of America,2013,6799979.30280136,GHG Emissions with CO2,Kilotonne CO2 Equivalent
United States of America,2012,6643010.57787319,GHG Emissions with CO2,Kilotonne CO2 Equivalent
United States of America,2011,6865397.90299948,GHG Emissions with CO2,Kilotonne CO2 Equivalent
United States of America,2010,6985457.05342726,GHG Emissions with CO2,Kilotonne CO2 Equivalent
United States of America,2009,6776229.77387706,GHG Emissions with CO2,Kilotonne CO2 Equivalent
United States of America,2008,7216415.07090248,GHG Emissions with CO2,Kilotonne CO2 Equivalent
United States of America,2007,7422207.96295139,GHG Emissions with CO2,Kilotonne CO2 Equivalent
United States of America,2006,7316144.45592763,GHG Emissions with CO2,Kilotonne CO2 Equivalent
United States of America,2005,7378775.49753729,GHG Emissions with CO2,Kilotonne CO2 Equivalent
United States of America,2004,7369970.03456985,GHG Emissions with CO2,Kilotonne CO2 Equivalent
United States of America,2003,7224974.03260127,GHG Emissions with CO2,Kilotonne CO2 Equivalent
United States of America,2002,7185328.13819684,GHG Emissions with CO2,Kilotonne CO2 Equivalent
United States of America,2001,7140899.14134197,GHG Emissions with CO2,Kilotonne CO2 Equivalent
United States of America,2000,7258973.11700554,GHG Emissions with CO2,Kilotonne CO2 Equivalent
United States of America,1999,7090442.61148359,GHG Emissions with CO2,Kilotonne CO2 Equivalent
United States of America,1998,7066788.16280946,GHG Emissions with CO2,Kilotonne CO2 Equivalent
United States of America,1997,6999999.10041935,GHG Emissions with CO2,Kilotonne CO2 Equivalent
United States of America,1996,6949838.00415347,GHG Emissions with CO2,Kilotonne CO2 Equivalent
United States of America,1995,6748528.92555948,GHG Emissions with CO2,Kilotonne CO2 Equivalent
United States of America,1994,6650296.59510407,GHG Emissions with CO2,Kilotonne CO2 Equivalent
United States of America,1993,6566415.85639104,GHG Emissions with CO2,Kilotonne CO2 Equivalent
United States of America,1992,6448677.15402554,GHG Emissions with CO2,Kilotonne CO2 Equivalent
United States of America,1991,6330937.8855059,GHG Emissions with CO2,Kilotonne CO2 Equivalent
United States of America,1990,6397144.48966891,GHG Emissions with CO2,Kilotonne CO2 Equivalent
Australia,2014,522397.090711347,GHG Emissions,Kilotonne CO2 Equivalent
Australia,2013,526882.667266593,GHG Emissions,Kilotonne CO2 Equivalent
Australia,2012,537377.571452805,GHG Emissions,Kilotonne CO2 Equivalent
Australia,2011,534089.798684709,GHG Emissions,Kilotonne CO2 Equivalent
Australia,2010,533917.43629539,GHG Emissions,Kilotonne CO2 Equivalent
Australia,2009,537889.892623617,GHG Emissions,Kilotonne CO2 Equivalent
Australia,2008,533693.508207377,GHG Emissions,Kilotonne CO2 Equivalent
Australia,2007,529842.870342484,GHG Emissions,Kilotonne CO2 Equivalent
Australia,2006,522517.191663285,GHG Emissions,Kilotonne CO2 Equivalent
Australia,2005,518850.759462375,GHG Emissions,Kilotonne CO2 Equivalent
Australia,2004,511710.242020824,GHG Emissions,Kilotonne CO2 Equivalent
Australia,2003,495154.085966803,GHG Emissions,Kilotonne CO2 Equivalent
Australia,2002,494740.100776734,GHG Emissions,Kilotonne CO2 Equivalent
Australia,2001,491441.695937142,GHG Emissions,Kilotonne CO2 Equivalent
Australia,2000,483445.826664823,GHG Emissions,Kilotonne CO2 Equivalent
Australia,1999,472245.9907776,GHG Emissions,Kilotonne CO2 Equivalent
Australia,1998,466382.112471814,GHG Emissions,Kilotonne CO2 Equivalent
Australia,1997,451721.717814666,GHG Emissions,Kilotonne CO2 Equivalent
Australia,1996,439803.962228252,GHG Emissions,Kilotonne CO2 Equivalent
Australia,1995,433478.650825855,GHG Emissions,Kilotonne CO2 Equivalent
Australia,1994,424092.95937256,GHG Emissions,Kilotonne CO2 Equivalent
Australia,1993,423764.932564252,GHG Emissions,Kilotonne CO2 Equivalent
Australia,1992,423080.108191254,GHG Emissions,Kilotonne CO2 Equivalent
Australia,1991,418674.057493862,GHG Emissions,Kilotonne CO2 Equivalent
Australia,1990,418623.049562649,GHG Emissions,Kilotonne CO2 Equivalent
Austria,2014,76332.6185859917,GHG Emissions,Kilotonne CO2 Equivalent
Austria,2013,80042.5418408096,GHG Emissions,Kilotonne CO2 Equivalent
Austria,2012,79897.1151021792,GHG Emissions,Kilotonne CO2 Equivalent
Austria,2011,82626.6380188969,GHG Emissions,Kilotonne CO2 Equivalent
Austria,2010,84946.0197097698,GHG Emissions,Kilotonne CO2 Equivalent
Austria,2009,80190.6514378182,GHG Emissions,Kilotonne CO2 Equivalent
Austria,2008,87101.134677129,GHG Emissions,Kilotonne CO2 Equivalent
Austria,2007,87241.1545305627,GHG Emissions,Kilotonne CO2 Equivalent
Austria,2006,89981.0212829735,GHG Emissions,Kilotonne CO2 Equivalent
Austria,2005,92810.4871969534,GHG Emissions,Kilotonne CO2 Equivalent
Austria,2004,91835.8942410282,GHG Emissions,Kilotonne CO2 Equivalent
Austria,2003,92018.4811411606,GHG Emissions,Kilotonne CO2 Equivalent
Austria,2002,86129.5464386255,GHG Emissions,Kilotonne CO2 Equivalent
Austria,2001,84380.8068854374,GHG Emissions,Kilotonne CO2 Equivalent
Austria,2000,80429.3433929845,GHG Emissions,Kilotonne CO2 Equivalent
Austria,1999,80106.7171759132,GHG Emissions,Kilotonne CO2 Equivalent
Austria,1998,81770.8395563128,GHG Emissions,Kilotonne CO2 Equivalent
Austria,1997,82474.3920310851,GHG Emissions,Kilotonne CO2 Equivalent
Austria,1996,83008.8063000899,GHG Emissions,Kilotonne CO2 Equivalent
Austria,1995,79813.0345359956,GHG Emissions,Kilotonne CO2 Equivalent
Austria,1994,76503.4852878471,GHG Emissions,Kilotonne CO2 Equivalent
Austria,1993,75988.2270431512,GHG Emissions,Kilotonne CO2 Equivalent
Austria,1992,75930.9957651566,GHG Emissions,Kilotonne CO2 Equivalent
Austria,1991,82636.9034660686,GHG Emissions,Kilotonne CO2 Equivalent
Austria,1990,78844.6272595357,GHG Emissions,Kilotonne CO2 Equivalent
Belarus,2014,91895.646557818,GHG Emissions,Kilotonne CO2 Equivalent
Belarus,2013,93037.24544666,GHG Emissions,Kilotonne CO2 Equivalent
Belarus,2012,90925.114581937,GHG Emissions,Kilotonne CO2 Equivalent
Belarus,2011,91671.727009572,GHG Emissions,Kilotonne CO2 Equivalent
Belarus,2010,91183.549358156,GHG Emissions,Kilotonne CO2 Equivalent
Belarus,2009,89223.65625899,GHG Emissions,Kilotonne CO2 Equivalent
Belarus,2008,92364.348971776,GHG Emissions,Kilotonne CO2 Equivalent
Belarus,2007,88920.641948088,GHG Emissions,Kilotonne CO2 Equivalent
Belarus,2006,89449.655446278,GHG Emissions,Kilotonne CO2 Equivalent
Belarus,2005,85596.098699522,GHG Emissions,Kilotonne CO2 Equivalent
Belarus,2004,83688.299567336,GHG Emissions,Kilotonne CO2 Equivalent
Belarus,2003,79158.718822027,GHG Emissions,Kilotonne CO2 Equivalent
Belarus,2002,76683.86788515,GHG Emissions,Kilotonne CO2 Equivalent
Belarus,2001,77921.8275915,GHG Emissions,Kilotonne CO2 Equivalent
Belarus,2000,77959.724959323,GHG Emissions,Kilotonne CO2 Equivalent
Belarus,1999,79497.84205671,GHG Emissions,Kilotonne CO2 Equivalent
Belarus,1998,82668.831561971,GHG Emissions,Kilotonne CO2 Equivalent
Belarus,1997,86282.505937182,GHG Emissions,Kilotonne CO2 Equivalent
Belarus,1996,82375.194219344,GHG Emissions,Kilotonne CO2 Equivalent
Belarus,1995,80369.782345399,GHG Emissions,Kilotonne CO2 Equivalent
Belarus,1994,88206.3567402,GHG Emissions,Kilotonne CO2 Equivalent
Belarus,1993,103951.525256019,GHG Emissions,Kilotonne CO2 Equivalent
Belarus,1992,116588.686464578,GHG Emissions,Kilotonne CO2 Equivalent
Belarus,1991,125601.052927806,GHG Emissions,Kilotonne CO2 Equivalent
Belarus,1990,133457.162012087,GHG Emissions,Kilotonne CO2 Equivalent
Belgium,2014,113866.619000541,GHG Emissions,Kilotonne CO2 Equivalent
Belgium,2013,119375.301515447,GHG Emissions,Kilotonne CO2 Equivalent
Belgium,2012,118761.338189887,GHG Emissions,Kilotonne CO2 Equivalent
Belgium,2011,122833.395512317,GHG Emissions,Kilotonne CO2 Equivalent
Belgium,2010,133258.405661738,GHG Emissions,Kilotonne CO2 Equivalent
Belgium,2009,125811.802030467,GHG Emissions,Kilotonne CO2 Equivalent
Belgium,2008,138749.626056865,GHG Emissions,Kilotonne CO2 Equivalent
Belgium,2007,136451.339269181,GHG Emissions,Kilotonne CO2 Equivalent
Belgium,2006,141046.707506786,GHG Emissions,Kilotonne CO2 Equivalent
Belgium,2005,144803.082030313,GHG Emissions,Kilotonne CO2 Equivalent
Belgium,2004,148971.404765463,GHG Emissions,Kilotonne CO2 Equivalent
Belgium,2003,147579.069694206,GHG Emissions,Kilotonne CO2 Equivalent
Belgium,2002,147240.36528013,GHG Emissions,Kilotonne CO2 Equivalent
Belgium,2001,147626.133486262,GHG Emissions,Kilotonne CO2 Equivalent
Belgium,2000,149213.017245465,GHG Emissions,Kilotonne CO2 Equivalent
Belgium,1999,148062.443619472,GHG Emissions,Kilotonne CO2 Equivalent
Belgium,1998,154340.392867866,GHG Emissions,Kilotonne CO2 Equivalent
Belgium,1997,149163.455913832,GHG Emissions,Kilotonne CO2 Equivalent
Belgium,1996,157656.68711628,GHG Emissions,Kilotonne CO2 Equivalent
Belgium,1995,154020.293703539,GHG Emissions,Kilotonne CO2 Equivalent
Belgium,1994,151882.372526596,GHG Emissions,Kilotonne CO2 Equivalent
Belgium,1993,147393.394631085,GHG Emissions,Kilotonne CO2 Equivalent
Belgium,1992,148384.726816956,GHG Emissions,Kilotonne CO2 Equivalent
Belgium,1991,148825.699408439,GHG Emissions,Kilotonne CO2 Equivalent
Belgium,1990,146021.236760582,GHG Emissions,Kilotonne CO2 Equivalent
Bulgaria,2014,57807.5929696422,GHG Emissions,Kilotonne CO2 Equivalent
Bulgaria,2013,55597.025746429,GHG Emissions,Kilotonne CO2 Equivalent
Bulgaria,2012,60723.4910151811,GHG Emissions,Kilotonne CO2 Equivalent
Bulgaria,2011,65857.6040846686,GHG Emissions,Kilotonne CO2 Equivalent
Bulgaria,2010,60519.1962784763,GHG Emissions,Kilotonne CO2 Equivalent
Bulgaria,2009,57835.9727354584,GHG Emissions,Kilotonne CO2 Equivalent
Bulgaria,2008,66725.3093572301,GHG Emissions,Kilotonne CO2 Equivalent
Bulgaria,2007,67942.4186287919,GHG Emissions,Kilotonne CO2 Equivalent
Bulgaria,2006,64118.3955574349,GHG Emissions,Kilotonne CO2 Equivalent
Bulgaria,2005,63458.9027666762,GHG Emissions,Kilotonne CO2 Equivalent
Bulgaria,2004,63230.7295111967,GHG Emissions,Kilotonne CO2 Equivalent
Bulgaria,2003,64021.3665065844,GHG Emissions,Kilotonne CO2 Equivalent
Bulgaria,2002,59282.0058646666,GHG Emissions,Kilotonne CO2 Equivalent
Bulgaria,2001,62221.3358318171,GHG Emissions,Kilotonne CO2 Equivalent
Bulgaria,2000,59155.0562483881,GHG Emissions,Kilotonne CO2 Equivalent
Bulgaria,1999,60090.1077393019,GHG Emissions,Kilotonne CO2 Equivalent
Bulgaria,1998,66848.6646412359,GHG Emissions,Kilotonne CO2 Equivalent
Bulgaria,1997,70904.4217910549,GHG Emissions,Kilotonne CO2 Equivalent
Bulgaria,1996,74381.0874490975,GHG Emissions,Kilotonne CO2 Equivalent
Bulgaria,1995,74262.0800943505,GHG Emissions,Kilotonne CO2 Equivalent
Bulgaria,1994,72765.6151022367,GHG Emissions,Kilotonne CO2 Equivalent
Bulgaria,1993,76195.2991290819,GHG Emissions,Kilotonne CO2 Equivalent
Bulgaria,1992,77199.3461784947,GHG Emissions,Kilotonne CO2 Equivalent
Bulgaria,1991,81926.0193674077,GHG Emissions,Kilotonne CO2 Equivalent
Bulgaria,1990,103450.784150903,GHG Emissions,Kilotonne CO2 Equivalent
Canada,2014,732418.883208087,GHG Emissions,Kilotonne CO2 Equivalent
Canada,2013,731424.089563495,GHG Emissions,Kilotonne CO2 Equivalent
Canada,2012,718346.886921575,GHG Emissions,Kilotonne CO2 Equivalent
Canada,2011,709764.469822868,GHG Emissions,Kilotonne CO2 Equivalent
Canada,2010,706402.873508569,GHG Emissions,Kilotonne CO2 Equivalent
Canada,2009,696312.196588983,GHG Emissions,Kilotonne CO2 Equivalent
Canada,2008,739036.728085859,GHG Emissions,Kilotonne CO2 Equivalent
Canada,2007,758431.179853764,GHG Emissions,Kilotonne CO2 Equivalent
Canada,2006,738096.488069233,GHG Emissions,Kilotonne CO2 Equivalent
Canada,2005,747457.793974867,GHG Emissions,Kilotonne CO2 Equivalent
Canada,2004,756240.206617662,GHG Emissions,Kilotonne CO2 Equivalent
Canada,2003,754970.648842836,GHG Emissions,Kilotonne CO2 Equivalent
Canada,2002,736272.786375682,GHG Emissions,Kilotonne CO2 Equivalent
Canada,2001,733454.185192851,GHG Emissions,Kilotonne CO2 Equivalent
Canada,2000,744240.711985409,GHG Emissions,Kilotonne CO2 Equivalent
Canada,1999,721673.246637006,GHG Emissions,Kilotonne CO2 Equivalent
Canada,1998,707998.08348331,GHG Emissions,Kilotonne CO2 Equivalent
Canada,1997,700407.404391771,GHG Emissions,Kilotonne CO2 Equivalent
Canada,1996,684666.716478192,GHG Emissions,Kilotonne CO2 Equivalent
Canada,1995,665304.278405886,GHG Emissions,Kilotonne CO2 Equivalent
Canada,1994,646008.211066791,GHG Emissions,Kilotonne CO2 Equivalent
Canada,1993,624641.473381568,GHG Emissions,Kilotonne CO2 Equivalent
Canada,1992,622763.761065663,GHG Emissions,Kilotonne CO2 Equivalent
Canada,1991,605548.115938,GHG Emissions,Kilotonne CO2 Equivalent
Canada,1990,612866.051520472,GHG Emissions,Kilotonne CO2 Equivalent
Croatia,2014,22898.8781594815,GHG Emissions,Kilotonne CO2 Equivalent
Croatia,2013,23770.5527686019,GHG Emissions,Kilotonne CO2 Equivalent
Croatia,2012,24734.6498197466,GHG Emissions,Kilotonne CO2 Equivalent
Croatia,2011,26773.8263390969,GHG Emissions,Kilotonne CO2 Equivalent
Croatia,2010,27280.229834957,GHG Emissions,Kilotonne CO2 Equivalent
Croatia,2009,27909.1256955995,GHG Emissions,Kilotonne CO2 Equivalent
Croatia,2008,29825.9471994577,GHG Emissions,Kilotonne CO2 Equivalent
Croatia,2007,30972.9120898759,GHG Emissions,Kilotonne CO2 Equivalent
Croatia,2006,29555.682228908,GHG Emissions,Kilotonne CO2 Equivalent
Croatia,2005,29285.7515786302,GHG Emissions,Kilotonne CO2 Equivalent
Croatia,2004,28875.9847673693,GHG Emissions,Kilotonne CO2 Equivalent
Croatia,2003,28782.8213260193,GHG Emissions,Kilotonne CO2 Equivalent
Croatia,2002,27420.0965723045,GHG Emissions,Kilotonne CO2 Equivalent
Croatia,2001,26394.0456777833,GHG Emissions,Kilotonne CO2 Equivalent
Croatia,2000,25172.9628559273,GHG Emissions,Kilotonne CO2 Equivalent
Croatia,1999,25519.0833654255,GHG Emissions,Kilotonne CO2 Equivalent
Croatia,1998,24459.7108462523,GHG Emissions,Kilotonne CO2 Equivalent
Croatia,1997,24126.2737653358,GHG Emissions,Kilotonne CO2 Equivalent
Croatia,1996,22882.9631499268,GHG Emissions,Kilotonne CO2 Equivalent
Croatia,1995,22296.1672493651,GHG Emissions,Kilotonne CO2 Equivalent
Croatia,1994,21712.7639767596,GHG Emissions,Kilotonne CO2 Equivalent
Croatia,1993,22658.2944835065,GHG Emissions,Kilotonne CO2 Equivalent
Croatia,1992,22538.033900319,GHG Emissions,Kilotonne CO2 Equivalent
Croatia,1991,24408.6837858286,GHG Emissions,Kilotonne CO2 Equivalent
Croatia,1990,31204.6312635073,GHG Emissions,Kilotonne CO2 Equivalent
Cyprus,2014,8453.76741329697,GHG Emissions,Kilotonne CO2 Equivalent
Cyprus,2013,8020.09846997047,GHG Emissions,Kilotonne CO2 Equivalent
Cyprus,2012,8769.36602589842,GHG Emissions,Kilotonne CO2 Equivalent
Cyprus,2011,9296.16313035284,GHG Emissions,Kilotonne CO2 Equivalent
Cyprus,2010,9571.65722046227,GHG Emissions,Kilotonne CO2 Equivalent
Cyprus,2009,9872.18368832317,GHG Emissions,Kilotonne CO2 Equivalent
Cyprus,2008,10093.2699679916,GHG Emissions,Kilotonne CO2 Equivalent
Cyprus,2007,9913.23461665865,GHG Emissions,Kilotonne CO2 Equivalent
Cyprus,2006,9567.54719307495,GHG Emissions,Kilotonne CO2 Equivalent
Cyprus,2005,9307.98055927861,GHG Emissions,Kilotonne CO2 Equivalent
Cyprus,2004,9144.37142221279,GHG Emissions,Kilotonne CO2 Equivalent
Cyprus,2003,8914.58309273857,GHG Emissions,Kilotonne CO2 Equivalent
Cyprus,2002,8519.08140283278,GHG Emissions,Kilotonne CO2 Equivalent
Cyprus,2001,8282.54807082145,GHG Emissions,Kilotonne CO2 Equivalent
Cyprus,2000,8326.88573407511,GHG Emissions,Kilotonne CO2 Equivalent
Cyprus,1999,8059.08339104404,GHG Emissions,Kilotonne CO2 Equivalent
Cyprus,1998,7799.55925734513,GHG Emissions,Kilotonne CO2 Equivalent
Cyprus,1997,7473.09509160237,GHG Emissions,Kilotonne CO2 Equivalent
Cyprus,1996,7343.53788019567,GHG Emissions,Kilotonne CO2 Equivalent
Cyprus,1995,7046.93261063203,GHG Emissions,Kilotonne CO2 Equivalent
Cyprus,1994,7103.13267836446,GHG Emissions,Kilotonne CO2 Equivalent
Cyprus,1993,6858.74068732256,GHG Emissions,Kilotonne CO2 Equivalent
Cyprus,1992,6559.3306354766,GHG Emissions,Kilotonne CO2 Equivalent
Cyprus,1991,6121.529001151,GHG Emissions,Kilotonne CO2 Equivalent
Cyprus,1990,5624.6499220004,GHG Emissions,Kilotonne CO2 Equivalent
Czech Republic,2014,124245.643140154,GHG Emissions,Kilotonne CO2 Equivalent
Czech Republic,2013,128972.774339361,GHG Emissions,Kilotonne CO2 Equivalent
Czech Republic,2012,132865.249766024,GHG Emissions,Kilotonne CO2 Equivalent
Czech Republic,2011,137003.693376435,GHG Emissions,Kilotonne CO2 Equivalent
Czech Republic,2010,138226.417774929,GHG Emissions,Kilotonne CO2 Equivalent
Czech Republic,2009,136167.939350653,GHG Emissions,Kilotonne CO2 Equivalent
Czech Republic,2008,144582.12594207,GHG Emissions,Kilotonne CO2 Equivalent
Czech Republic,2007,149205.282424531,GHG Emissions,Kilotonne CO2 Equivalent
Czech Republic,2006,148334.150388754,GHG Emissions,Kilotonne CO2 Equivalent
Czech Republic,2005,146556.433500574,GHG Emissions,Kilotonne CO2 Equivalent
Czech Republic,2004,148765.437576363,GHG Emissions,Kilotonne CO2 Equivalent
Czech Republic,2003,147957.675604932,GHG Emissions,Kilotonne CO2 Equivalent
Czech Republic,2002,144598.346007204,GHG Emissions,Kilotonne CO2 Equivalent
Czech Republic,2001,148191.637493571,GHG Emissions,Kilotonne CO2 Equivalent
Czech Republic,2000,148624.740536033,GHG Emissions,Kilotonne CO2 Equivalent
Czech Republic,1999,139052.757030255,GHG Emissions,Kilotonne CO2 Equivalent
Czech Republic,1998,148054.793462295,GHG Emissions,Kilotonne CO2 Equivalent
Czech Republic,1997,153873.808646794,GHG Emissions,Kilotonne CO2 Equivalent
Czech Republic,1996,157802.916687697,GHG Emissions,Kilotonne CO2 Equivalent
Czech Republic,1995,155629.711894291,GHG Emissions,Kilotonne CO2 Equivalent
Czech Republic,1994,155204.904912792,GHG Emissions,Kilotonne CO2 Equivalent
Czech Republic,1993,162967.290784898,GHG Emissions,Kilotonne CO2 Equivalent
Czech Republic,1992,170790.902492644,GHG Emissions,Kilotonne CO2 Equivalent
Czech Republic,1991,177638.103219304,GHG Emissions,Kilotonne CO2 Equivalent
Czech Republic,1990,196508.927567957,GHG Emissions,Kilotonne CO2 Equivalent
Denmark,2014,50785.2927329648,GHG Emissions,Kilotonne CO2 Equivalent
Denmark,2013,54984.3384703086,GHG Emissions,Kilotonne CO2 Equivalent
Denmark,2012,52933.9717839898,GHG Emissions,Kilotonne CO2 Equivalent
Denmark,2011,57740.2467497557,GHG Emissions,Kilotonne CO2 Equivalent
Denmark,2010,62944.0054047267,GHG Emissions,Kilotonne CO2 Equivalent
Denmark,2009,62496.280636868,GHG Emissions,Kilotonne CO2 Equivalent
Denmark,2008,65335.9858890349,GHG Emissions,Kilotonne CO2 Equivalent
Denmark,2007,69004.0426852289,GHG Emissions,Kilotonne CO2 Equivalent
Denmark,2006,73622.6556549575,GHG Emissions,Kilotonne CO2 Equivalent
Denmark,2005,65858.2752701226,GHG Emissions,Kilotonne CO2 Equivalent
Denmark,2004,70306.8469605871,GHG Emissions,Kilotonne CO2 Equivalent
Denmark,2003,76415.1958800115,GHG Emissions,Kilotonne CO2 Equivalent
Denmark,2002,71446.8213643743,GHG Emissions,Kilotonne CO2 Equivalent
Denmark,2001,71905.3040469615,GHG Emissions,Kilotonne CO2 Equivalent
Denmark,2000,70130.8897006542,GHG Emissions,Kilotonne CO2 Equivalent
Denmark,1999,74579.4630263236,GHG Emissions,Kilotonne CO2 Equivalent
Denmark,1998,77025.3449032885,GHG Emissions,Kilotonne CO2 Equivalent
Denmark,1997,81211.7545626972,GHG Emissions,Kilotonne CO2 Equivalent
Denmark,1996,90826.2998976041,GHG Emissions,Kilotonne CO2 Equivalent
Denmark,1995,77841.8197832971,GHG Emissions,Kilotonne CO2 Equivalent
Denmark,1994,80897.0768727475,GHG Emissions,Kilotonne CO2 Equivalent
Denmark,1993,76926.0764441754,GHG Emissions,Kilotonne CO2 Equivalent
Denmark,1992,75024.6940321236,GHG Emissions,Kilotonne CO2 Equivalent
Denmark,1991,80895.753441567,GHG Emissions,Kilotonne CO2 Equivalent
Denmark,1990,70245.5311531394,GHG Emissions,Kilotonne CO2 Equivalent
Estonia,2014,21059.2401362604,GHG Emissions,Kilotonne CO2 Equivalent
Estonia,2013,21676.70632569,GHG Emissions,Kilotonne CO2 Equivalent
Estonia,2012,19423.3253615838,GHG Emissions,Kilotonne CO2 Equivalent
Estonia,2011,20485.0360389207,GHG Emissions,Kilotonne CO2 Equivalent
Estonia,2010,19911.6818808835,GHG Emissions,Kilotonne CO2 Equivalent
Estonia,2009,16181.965393366,GHG Emissions,Kilotonne CO2 Equivalent
Estonia,2008,19374.623993778,GHG Emissions,Kilotonne CO2 Equivalent
Estonia,2007,20816.9352876355,GHG Emissions,Kilotonne CO2 Equivalent
Estonia,2006,17686.4656016219,GHG Emissions,Kilotonne CO2 Equivalent
Estonia,2005,18297.6746871499,GHG Emissions,Kilotonne CO2 Equivalent
Estonia,2004,19055.487479688,GHG Emissions,Kilotonne CO2 Equivalent
Estonia,2003,18782.3647025788,GHG Emissions,Kilotonne CO2 Equivalent
Estonia,2002,16930.0907302884,GHG Emissions,Kilotonne CO2 Equivalent
Estonia,2001,17473.0230485506,GHG Emissions,Kilotonne CO2 Equivalent
Estonia,2000,17061.8525770349,GHG Emissions,Kilotonne CO2 Equivalent
Estonia,1999,17358.5004723794,GHG Emissions,Kilotonne CO2 Equivalent
Estonia,1998,18705.8234879671,GHG Emissions,Kilotonne CO2 Equivalent
Estonia,1997,20262.1584010382,GHG Emissions,Kilotonne CO2 Equivalent
Estonia,1996,20631.7526567215,GHG Emissions,Kilotonne CO2 Equivalent
Estonia,1995,19934.7905834531,GHG Emissions,Kilotonne CO2 Equivalent
Estonia,1994,21713.1632575004,GHG Emissions,Kilotonne CO2 Equivalent
Estonia,1993,21001.9712440401,GHG Emissions,Kilotonne CO2 Equivalent
Estonia,1992,26876.4806469349,GHG Emissions,Kilotonne CO2 Equivalent
Estonia,1991,36794.5625866692,GHG Emissions,Kilotonne CO2 Equivalent
Estonia,1990,39965.168718297,GHG Emissions,Kilotonne CO2 Equivalent
European Union,2014,4278052.25141196,GHG Emissions,Kilotonne CO2 Equivalent
European Union,2013,4463077.61911388,GHG Emissions,Kilotonne CO2 Equivalent
European Union,2012,4553876.22623171,GHG Emissions,Kilotonne CO2 Equivalent
European Union,2011,4619894.87374975,GHG Emissions,Kilotonne CO2 Equivalent
European Union,2010,4775529.25928464,GHG Emissions,Kilotonne CO2 Equivalent
European Union,2009,4668298.76528723,GHG Emissions,Kilotonne CO2 Equivalent
European Union,2008,5031461.29079259,GHG Emissions,Kilotonne CO2 Equivalent
European Union,2007,5141105.72703058,GHG Emissions,Kilotonne CO2 Equivalent
European Union,2006,5200036.3203393,GHG Emissions,Kilotonne CO2 Equivalent
European Union,2005,5211185.96530681,GHG Emissions,Kilotonne CO2 Equivalent
European Union,2004,5251101.60149233,GHG Emissions,Kilotonne CO2 Equivalent
European Union,2003,5255793.44434725,GHG Emissions,Kilotonne CO2 Equivalent
European Union,2002,5169047.49611873,GHG Emissions,Kilotonne CO2 Equivalent
European Union,2001,5212778.66142587,GHG Emissions,Kilotonne CO2 Equivalent
European Union,2000,5161668.58707868,GHG Emissions,Kilotonne CO2 Equivalent
European Union,1999,5153484.8505628,GHG Emissions,Kilotonne CO2 Equivalent
European Union,1998,5265845.71031395,GHG Emissions,Kilotonne CO2 Equivalent
European Union,1997,5313562.00592722,GHG Emissions,Kilotonne CO2 Equivalent
European Union,1996,5413299.63343299,GHG Emissions,Kilotonne CO2 Equivalent
European Union,1995,5306108.24726528,GHG Emissions,Kilotonne CO2 Equivalent
European Union,1994,5255113.71608995,GHG Emissions,Kilotonne CO2 Equivalent
European Union,1993,5279950.93806812,GHG Emissions,Kilotonne CO2 Equivalent
European Union,1992,5378840.52651769,GHG Emissions,Kilotonne CO2 Equivalent
European Union,1991,5558236.55630064,GHG Emissions,Kilotonne CO2 Equivalent
European Union,1990,5656504.15996443,GHG Emissions,Kilotonne CO2 Equivalent
Finland,2014,59028.9870736425,GHG Emissions,Kilotonne CO2 Equivalent
Finland,2013,63196.6016281563,GHG Emissions,Kilotonne CO2 Equivalent
Finland,2012,62320.6350025736,GHG Emissions,Kilotonne CO2 Equivalent
Finland,2011,67947.0752353953,GHG Emissions,Kilotonne CO2 Equivalent
Finland,2010,75835.0204247157,GHG Emissions,Kilotonne CO2 Equivalent
Finland,2009,67575.2972016161,GHG Emissions,Kilotonne CO2 Equivalent
Finland,2008,71219.4402188768,GHG Emissions,Kilotonne CO2 Equivalent
Finland,2007,79096.3253832404,GHG Emissions,Kilotonne CO2 Equivalent
Finland,2006,80616.21920221,GHG Emissions,Kilotonne CO2 Equivalent
Finland,2005,69426.5733995718,GHG Emissions,Kilotonne CO2 Equivalent
Finland,2004,81300.6190152811,GHG Emissions,Kilotonne CO2 Equivalent
Finland,2003,85082.5791584517,GHG Emissions,Kilotonne CO2 Equivalent
Finland,2002,77600.2046934694,GHG Emissions,Kilotonne CO2 Equivalent
Finland,2001,75171.3885800538,GHG Emissions,Kilotonne CO2 Equivalent
Finland,2000,69855.0106453243,GHG Emissions,Kilotonne CO2 Equivalent
Finland,1999,71755.398003318,GHG Emissions,Kilotonne CO2 Equivalent
Finland,1998,72378.9825031932,GHG Emissions,Kilotonne CO2 Equivalent
Finland,1997,76038.3268859278,GHG Emissions,Kilotonne CO2 Equivalent
Finland,1996,77446.1272704028,GHG Emissions,Kilotonne CO2 Equivalent
Finland,1995,71644.301372275,GHG Emissions,Kilotonne CO2 Equivalent
Finland,1994,75186.2205452823,GHG Emissions,Kilotonne CO2 Equivalent
Finland,1993,69675.9495168867,GHG Emissions,Kilotonne CO2 Equivalent
Finland,1992,67421.2277150837,GHG Emissions,Kilotonne CO2 Equivalent
Finland,1991,68823.8503769894,GHG Emissions,Kilotonne CO2 Equivalent
Finland,1990,71076.9955343198,GHG Emissions,Kilotonne CO2 Equivalent
France,2014,464417.795172965,GHG Emissions,Kilotonne CO2 Equivalent
France,2013,491159.265947329,GHG Emissions,Kilotonne CO2 Equivalent
France,2012,492924.885159499,GHG Emissions,Kilotonne CO2 Equivalent
France,2011,491554.288494215,GHG Emissions,Kilotonne CO2 Equivalent
France,2010,518939.633305681,GHG Emissions,Kilotonne CO2 Equivalent
France,2009,510304.292070832,GHG Emissions,Kilotonne CO2 Equivalent
France,2008,530720.36062146,GHG Emissions,Kilotonne CO2 Equivalent
France,2007,537505.380929578,GHG Emissions,Kilotonne CO2 Equivalent
France,2006,546295.993852051,GHG Emissions,Kilotonne CO2 Equivalent
France,2005,557991.587007233,GHG Emissions,Kilotonne CO2 Equivalent
France,2004,554620.230495207,GHG Emissions,Kilotonne CO2 Equivalent
France,2003,557264.297081536,GHG Emissions,Kilotonne CO2 Equivalent
France,2002,550666.932497969,GHG Emissions,Kilotonne CO2 Equivalent
France,2001,556514.386780197,GHG Emissions,Kilotonne CO2 Equivalent
France,2000,556461.296488078,GHG Emissions,Kilotonne CO2 Equivalent
France,1999,560359.383324335,GHG Emissions,Kilotonne CO2 Equivalent
France,1998,573371.786507785,GHG Emissions,Kilotonne CO2 Equivalent
France,1997,557135.203172134,GHG Emissions,Kilotonne CO2 Equivalent
France,1996,563711.59170328,GHG Emissions,Kilotonne CO2 Equivalent
France,1995,548820.131999806,GHG Emissions,Kilotonne CO2 Equivalent
France,1994,540655.787889382,GHG Emissions,Kilotonne CO2 Equivalent
France,1993,541583.884470147,GHG Emissions,Kilotonne CO2 Equivalent
France,1992,564121.504674393,GHG Emissions,Kilotonne CO2 Equivalent
France,1991,575242.637317451,GHG Emissions,Kilotonne CO2 Equivalent
France,1990,549064.800795286,GHG Emissions,Kilotonne CO2 Equivalent
Germany,2014,901763.938802623,GHG Emissions,Kilotonne CO2 Equivalent
Germany,2013,945150.947996296,GHG Emissions,Kilotonne CO2 Equivalent
Germany,2012,926338.361640261,GHG Emissions,Kilotonne CO2 Equivalent
Germany,2011,921829.743532604,GHG Emissions,Kilotonne CO2 Equivalent
Germany,2010,941038.691230732,GHG Emissions,Kilotonne CO2 Equivalent
Germany,2009,906423.028725622,GHG Emissions,Kilotonne CO2 Equivalent
Germany,2008,973942.17132529,GHG Emissions,Kilotonne CO2 Equivalent
Germany,2007,971998.326214991,GHG Emissions,Kilotonne CO2 Equivalent
Germany,2006,999043.900402691,GHG Emissions,Kilotonne CO2 Equivalent
Germany,2005,991848.687081523,GHG Emissions,Kilotonne CO2 Equivalent
Germany,2004,1017294.02960564,GHG Emissions,Kilotonne CO2 Equivalent
Germany,2003,1033727.65586751,GHG Emissions,Kilotonne CO2 Equivalent
Germany,2002,1036942.43863737,GHG Emissions,Kilotonne CO2 Equivalent
Germany,2001,1058070.10262725,GHG Emissions,Kilotonne CO2 Equivalent
Germany,2000,1043294.43431627,GHG Emissions,Kilotonne CO2 Equivalent
Germany,1999,1045419.70899266,GHG Emissions,Kilotonne CO2 Equivalent
Germany,1998,1078643.50204424,GHG Emissions,Kilotonne CO2 Equivalent
Germany,1997,1104243.75369149,GHG Emissions,Kilotonne CO2 Equivalent
Germany,1996,1138767.65811376,GHG Emissions,Kilotonne CO2 Equivalent
Germany,1995,1120943.90480089,GHG Emissions,Kilotonne CO2 Equivalent
Germany,1994,1124257.53296309,GHG Emissions,Kilotonne CO2 Equivalent
Germany,1993,1143674.9023058,GHG Emissions,Kilotonne CO2 Equivalent
Germany,1992,1152900.32820838,GHG Emissions,Kilotonne CO2 Equivalent
Germany,1991,1203219.25595579,GHG Emissions,Kilotonne CO2 Equivalent
Germany,1990,1249828.64870129,GHG Emissions,Kilotonne CO2 Equivalent
Greece,2014,101298.184084813,GHG Emissions,Kilotonne CO2 Equivalent
Greece,2013,104564.031249294,GHG Emissions,Kilotonne CO2 Equivalent
Greece,2012,112086.436424032,GHG Emissions,Kilotonne CO2 Equivalent
Greece,2011,115576.783290434,GHG Emissions,Kilotonne CO2 Equivalent
Greece,2010,118626.517522768,GHG Emissions,Kilotonne CO2 Equivalent
Greece,2009,124697.195300591,GHG Emissions,Kilotonne CO2 Equivalent
Greece,2008,131199.951864063,GHG Emissions,Kilotonne CO2 Equivalent
Greece,2007,134852.84227531,GHG Emissions,Kilotonne CO2 Equivalent
Greece,2006,132065.256674574,GHG Emissions,Kilotonne CO2 Equivalent
Greece,2005,135924.226108271,GHG Emissions,Kilotonne CO2 Equivalent
Greece,2004,132286.023570031,GHG Emissions,Kilotonne CO2 Equivalent
Greece,2003,131655.183439536,GHG Emissions,Kilotonne CO2 Equivalent
Greece,2002,128160.998223235,GHG Emissions,Kilotonne CO2 Equivalent
Greece,2001,128248.682487832,GHG Emissions,Kilotonne CO2 Equivalent
Greece,2000,127570.605011918,GHG Emissions,Kilotonne CO2 Equivalent
Greece,1999,124462.644048816,GHG Emissions,Kilotonne CO2 Equivalent
Greece,1998,124288.89384458,GHG Emissions,Kilotonne CO2 Equivalent
Greece,1997,118682.453532314,GHG Emissions,Kilotonne CO2 Equivalent
Greece,1996,113843.045790288,GHG Emissions,Kilotonne CO2 Equivalent
Greece,1995,110704.111282453,GHG Emissions,Kilotonne CO2 Equivalent
Greece,1994,108402.558432157,GHG Emissions,Kilotonne CO2 Equivalent
Greece,1993,105565.321078537,GHG Emissions,Kilotonne CO2 Equivalent
Greece,1992,106017.53859281,GHG Emissions,Kilotonne CO2 Equivalent
Greece,1991,104767.844628879,GHG Emissions,Kilotonne CO2 Equivalent
Greece,1990,104716.492083172,GHG Emissions,Kilotonne CO2 Equivalent
Hungary,2014,57225.1552772286,GHG Emissions,Kilotonne CO2 Equivalent
Hungary,2013,57553.8333024652,GHG Emissions,Kilotonne CO2 Equivalent
Hungary,2012,60106.8999728075,GHG Emissions,Kilotonne CO2 Equivalent
Hungary,2011,63808.0141618832,GHG Emissions,Kilotonne CO2 Equivalent
Hungary,2010,65523.6895395564,GHG Emissions,Kilotonne CO2 Equivalent
Hungary,2009,65082.9235143586,GHG Emissions,Kilotonne CO2 Equivalent
Hungary,2008,71340.3700337963,GHG Emissions,Kilotonne CO2 Equivalent
Hungary,2007,73091.6196133009,GHG Emissions,Kilotonne CO2 Equivalent
Hungary,2006,74880.3052319845,GHG Emissions,Kilotonne CO2 Equivalent
Hungary,2005,75933.2770395626,GHG Emissions,Kilotonne CO2 Equivalent
Hungary,2004,76126.4666292177,GHG Emissions,Kilotonne CO2 Equivalent
Hungary,2003,77192.4005780412,GHG Emissions,Kilotonne CO2 Equivalent
Hungary,2002,74153.5781963387,GHG Emissions,Kilotonne CO2 Equivalent
Hungary,2001,75679.3479805696,GHG Emissions,Kilotonne CO2 Equivalent
Hungary,2000,73556.6927025833,GHG Emissions,Kilotonne CO2 Equivalent
Hungary,1999,76610.4957421574,GHG Emissions,Kilotonne CO2 Equivalent
Hungary,1998,76067.0556888398,GHG Emissions,Kilotonne CO2 Equivalent
Hungary,1997,76553.8079993098,GHG Emissions,Kilotonne CO2 Equivalent
Hungary,1996,78015.9644529897,GHG Emissions,Kilotonne CO2 Equivalent
Hungary,1995,75705.7802126216,GHG Emissions,Kilotonne CO2 Equivalent
Hungary,1994,77026.1174095609,GHG Emissions,Kilotonne CO2 Equivalent
Hungary,1993,78134.8873778491,GHG Emissions,Kilotonne CO2 Equivalent
Hungary,1992,77312.1715997952,GHG Emissions,Kilotonne CO2 Equivalent
Hungary,1991,87301.0680049181,GHG Emissions,Kilotonne CO2 Equivalent
Hungary,1990,94133.9719251175,GHG Emissions,Kilotonne CO2 Equivalent
Iceland,2014,4596.84732943327,GHG Emissions,Kilotonne CO2 Equivalent
Iceland,2013,4534.66283487721,GHG Emissions,Kilotonne CO2 Equivalent
Iceland,2012,4550.40347978486,GHG Emissions,Kilotonne CO2 Equivalent
Iceland,2011,4520.22086357683,GHG Emissions,Kilotonne CO2 Equivalent
Iceland,2010,4730.35142972401,GHG Emissions,Kilotonne CO2 Equivalent
Iceland,2009,4855.77230906749,GHG Emissions,Kilotonne CO2 Equivalent
Iceland,2008,5140.33616340343,GHG Emissions,Kilotonne CO2 Equivalent
Iceland,2007,4714.81830853324,GHG Emissions,Kilotonne CO2 Equivalent
Iceland,2006,4454.03498592419,GHG Emissions,Kilotonne CO2 Equivalent
Iceland,2005,3897.68783769588,GHG Emissions,Kilotonne CO2 Equivalent
Iceland,2004,3940.12141564936,GHG Emissions,Kilotonne CO2 Equivalent
Iceland,2003,3918.59269639407,GHG Emissions,Kilotonne CO2 Equivalent
Iceland,2002,3936.90100504714,GHG Emissions,Kilotonne CO2 Equivalent
Iceland,2001,3911.35024253636,GHG Emissions,Kilotonne CO2 Equivalent
Iceland,2000,3962.77280646566,GHG Emissions,Kilotonne CO2 Equivalent
Iceland,1999,3980.84934134933,GHG Emissions,Kilotonne CO2 Equivalent
Iceland,1998,3754.77436474695,GHG Emissions,Kilotonne CO2 Equivalent
Iceland,1997,3610.85799066624,GHG Emissions,Kilotonne CO2 Equivalent
Iceland,1996,3472.18388343879,GHG Emissions,Kilotonne CO2 Equivalent
Iceland,1995,3389.0009683746,GHG Emissions,Kilotonne CO2 Equivalent
Iceland,1994,3328.37101989366,GHG Emissions,Kilotonne CO2 Equivalent
Iceland,1993,3392.56305838494,GHG Emissions,Kilotonne CO2 Equivalent
Iceland,1992,3341.98723972385,GHG Emissions,Kilotonne CO2 Equivalent
Iceland,1991,3463.43779029116,GHG Emissions,Kilotonne CO2 Equivalent
Iceland,1990,3633.55800889373,GHG Emissions,Kilotonne CO2 Equivalent
Ireland,2014,58189.1548899195,GHG Emissions,Kilotonne CO2 Equivalent
Ireland,2013,58481.6073908868,GHG Emissions,Kilotonne CO2 Equivalent
Ireland,2012,58622.7956444533,GHG Emissions,Kilotonne CO2 Equivalent
Ireland,2011,58130.2970379833,GHG Emissions,Kilotonne CO2 Equivalent
Ireland,2010,62235.1520447576,GHG Emissions,Kilotonne CO2 Equivalent
Ireland,2009,62786.9795688554,GHG Emissions,Kilotonne CO2 Equivalent
Ireland,2008,68373.601122444,GHG Emissions,Kilotonne CO2 Equivalent
Ireland,2007,68995.4570728592,GHG Emissions,Kilotonne CO2 Equivalent
Ireland,2006,69714.6192054216,GHG Emissions,Kilotonne CO2 Equivalent
Ireland,2005,70321.2078409634,GHG Emissions,Kilotonne CO2 Equivalent
Ireland,2004,68855.7501054471,GHG Emissions,Kilotonne CO2 Equivalent
Ireland,2003,69540.6510456126,GHG Emissions,Kilotonne CO2 Equivalent
Ireland,2002,69292.6163221512,GHG Emissions,Kilotonne CO2 Equivalent
Ireland,2001,71314.7882039049,GHG Emissions,Kilotonne CO2 Equivalent
Ireland,2000,69251.3548462284,GHG Emissions,Kilotonne CO2 Equivalent
Ireland,1999,67064.2167913129,GHG Emissions,Kilotonne CO2 Equivalent
Ireland,1998,65921.2652674719,GHG Emissions,Kilotonne CO2 Equivalent
Ireland,1997,63432.5297775281,GHG Emissions,Kilotonne CO2 Equivalent
Ireland,1996,61919.5047663525,GHG Emissions,Kilotonne CO2 Equivalent
Ireland,1995,59791.072093728,GHG Emissions,Kilotonne CO2 Equivalent
Ireland,1994,58368.8845723285,GHG Emissions,Kilotonne CO2 Equivalent
Ireland,1993,57083.626315164,GHG Emissions,Kilotonne CO2 Equivalent
Ireland,1992,56809.1096748183,GHG Emissions,Kilotonne CO2 Equivalent
Ireland,1991,56825.6863641971,GHG Emissions,Kilotonne CO2 Equivalent
Ireland,1990,56087.8381630239,GHG Emissions,Kilotonne CO2 Equivalent
Italy,2014,418587.214852809,GHG Emissions,Kilotonne CO2 Equivalent
Italy,2013,438887.369554579,GHG Emissions,Kilotonne CO2 Equivalent
Italy,2012,468717.915842693,GHG Emissions,Kilotonne CO2 Equivalent
Italy,2011,494789.584565051,GHG Emissions,Kilotonne CO2 Equivalent
Italy,2010,508424.0983053,GHG Emissions,Kilotonne CO2 Equivalent
Italy,2009,498894.655103401,GHG Emissions,Kilotonne CO2 Equivalent
Italy,2008,549452.72907469,GHG Emissions,Kilotonne CO2 Equivalent
Italy,2007,561137.586097384,GHG Emissions,Kilotonne CO2 Equivalent
Italy,2006,569054.804550053,GHG Emissions,Kilotonne CO2 Equivalent
Italy,2005,578904.440304856,GHG Emissions,Kilotonne CO2 Equivalent
Italy,2004,580725.580159886,GHG Emissions,Kilotonne CO2 Equivalent
Italy,2003,578126.368278315,GHG Emissions,Kilotonne CO2 Equivalent
Italy,2002,561887.952427875,GHG Emissions,Kilotonne CO2 Equivalent
Italy,2001,561600.32756657,GHG Emissions,Kilotonne CO2 Equivalent
Italy,2000,554479.28974574,GHG Emissions,Kilotonne CO2 Equivalent
Italy,1999,549495.230489239,GHG Emissions,Kilotonne CO2 Equivalent
Italy,1998,543800.430206334,GHG Emissions,Kilotonne CO2 Equivalent
Italy,1997,532739.930388069,GHG Emissions,Kilotonne CO2 Equivalent
Italy,1996,526825.535705134,GHG Emissions,Kilotonne CO2 Equivalent
Italy,1995,533449.768572357,GHG Emissions,Kilotonne CO2 Equivalent
Italy,1994,505566.538694119,GHG Emissions,Kilotonne CO2 Equivalent
Italy,1993,513611.618341214,GHG Emissions,Kilotonne CO2 Equivalent
Italy,1992,519982.778404742,GHG Emissions,Kilotonne CO2 Equivalent
Italy,1991,523489.80881579,GHG Emissions,Kilotonne CO2 Equivalent
Italy,1990,521920.60052839,GHG Emissions,Kilotonne CO2 Equivalent
Japan,2014,1363862.30512511,GHG Emissions,Kilotonne CO2 Equivalent
Japan,2013,1407883.22553504,GHG Emissions,Kilotonne CO2 Equivalent
Japan,2012,1390339.97259376,GHG Emissions,Kilotonne CO2 Equivalent
Japan,2011,1354616.00721129,GHG Emissions,Kilotonne CO2 Equivalent
Japan,2010,1304902.64207128,GHG Emissions,Kilotonne CO2 Equivalent
Japan,2009,1251003.58354902,GHG Emissions,Kilotonne CO2 Equivalent
Japan,2008,1327168.52855642,GHG Emissions,Kilotonne CO2 Equivalent
Japan,2007,1412795.07423849,GHG Emissions,Kilotonne CO2 Equivalent
Japan,2006,1377861.93887303,GHG Emissions,Kilotonne CO2 Equivalent
Japan,2005,1397101.81894679,GHG Emissions,Kilotonne CO2 Equivalent
Japan,2004,1389593.18778594,GHG Emissions,Kilotonne CO2 Equivalent
Japan,2003,1392702.14578963,GHG Emissions,Kilotonne CO2 Equivalent
Japan,2002,1390331.14112579,GHG Emissions,Kilotonne CO2 Equivalent
Japan,2001,1358715.50795218,GHG Emissions,Kilotonne CO2 Equivalent
Japan,2000,1386713.84350075,GHG Emissions,Kilotonne CO2 Equivalent
Japan,1999,1367886.0892359,GHG Emissions,Kilotonne CO2 Equivalent
Japan,1998,1345840.23839735,GHG Emissions,Kilotonne CO2 Equivalent
Japan,1997,1389906.99374062,GHG Emissions,Kilotonne CO2 Equivalent
Japan,1996,1393109.43817066,GHG Emissions,Kilotonne CO2 Equivalent
Japan,1995,1379924.54422522,GHG Emissions,Kilotonne CO2 Equivalent
Japan,1994,1358267.67798852,GHG Emissions,Kilotonne CO2 Equivalent
Japan,1993,1285876.65515278,GHG Emissions,Kilotonne CO2 Equivalent
Japan,1992,1294404.60265308,GHG Emissions,Kilotonne CO2 Equivalent
Japan,1991,1280937.69911164,GHG Emissions,Kilotonne CO2 Equivalent
Japan,1990,1270742.94816386,GHG Emissions,Kilotonne CO2 Equivalent
Latvia,2014,11373.0906376115,GHG Emissions,Kilotonne CO2 Equivalent
Latvia,2013,11435.7719892041,GHG Emissions,Kilotonne CO2 Equivalent
Latvia,2012,11513.8999779307,GHG Emissions,Kilotonne CO2 Equivalent
Latvia,2011,11624.147316179,GHG Emissions,Kilotonne CO2 Equivalent
Latvia,2010,12357.4686949319,GHG Emissions,Kilotonne CO2 Equivalent
Latvia,2009,11217.4663550048,GHG Emissions,Kilotonne CO2 Equivalent
Latvia,2008,11936.7676732202,GHG Emissions,Kilotonne CO2 Equivalent
Latvia,2007,12359.0369961038,GHG Emissions,Kilotonne CO2 Equivalent
Latvia,2006,11894.9181081718,GHG Emissions,Kilotonne CO2 Equivalent
Latvia,2005,11374.2975846263,GHG Emissions,Kilotonne CO2 Equivalent
Latvia,2004,11155.2835976674,GHG Emissions,Kilotonne CO2 Equivalent
Latvia,2003,11164.5973708301,GHG Emissions,Kilotonne CO2 Equivalent
Latvia,2002,11005.6585485282,GHG Emissions,Kilotonne CO2 Equivalent
Latvia,2001,11034.1487136715,GHG Emissions,Kilotonne CO2 Equivalent
Latvia,2000,10434.2892049033,GHG Emissions,Kilotonne CO2 Equivalent
Latvia,1999,11009.6604154188,GHG Emissions,Kilotonne CO2 Equivalent
Latvia,1998,11802.1421345262,GHG Emissions,Kilotonne CO2 Equivalent
Latvia,1997,12312.7096470877,GHG Emissions,Kilotonne CO2 Equivalent
Latvia,1996,12876.015337941,GHG Emissions,Kilotonne CO2 Equivalent
Latvia,1995,12824.9863963606,GHG Emissions,Kilotonne CO2 Equivalent
Latvia,1994,14244.249898045,GHG Emissions,Kilotonne CO2 Equivalent
Latvia,1993,16149.8550136135,GHG Emissions,Kilotonne CO2 Equivalent
Latvia,1992,19583.5108268412,GHG Emissions,Kilotonne CO2 Equivalent
Latvia,1991,24373.1198922177,GHG Emissions,Kilotonne CO2 Equivalent
Latvia,1990,26353.9729671409,GHG Emissions,Kilotonne CO2 Equivalent
Liechtenstein,2014,204.416249168196,GHG Emissions,Kilotonne CO2 Equivalent
Liechtenstein,2013,234.906930245995,GHG Emissions,Kilotonne CO2 Equivalent
Liechtenstein,2012,228.193175964646,GHG Emissions,Kilotonne CO2 Equivalent
Liechtenstein,2011,218.605194588658,GHG Emissions,Kilotonne CO2 Equivalent
Liechtenstein,2010,231.232479950203,GHG Emissions,Kilotonne CO2 Equivalent
Liechtenstein,2009,245.758998486856,GHG Emissions,Kilotonne CO2 Equivalent
Liechtenstein,2008,260.346696798514,GHG Emissions,Kilotonne CO2 Equivalent
Liechtenstein,2007,240.179293519619,GHG Emissions,Kilotonne CO2 Equivalent
Liechtenstein,2006,269.235959275465,GHG Emissions,Kilotonne CO2 Equivalent
Liechtenstein,2005,265.828510797799,GHG Emissions,Kilotonne CO2 Equivalent
Liechtenstein,2004,264.907037188606,GHG Emissions,Kilotonne CO2 Equivalent
Liechtenstein,2003,264.279161446894,GHG Emissions,Kilotonne CO2 Equivalent
Liechtenstein,2002,254.084383108083,GHG Emissions,Kilotonne CO2 Equivalent
Liechtenstein,2001,247.655005960761,GHG Emissions,Kilotonne CO2 Equivalent
Liechtenstein,2000,248.174546686285,GHG Emissions,Kilotonne CO2 Equivalent
Liechtenstein,1999,257.40036828594,GHG Emissions,Kilotonne CO2 Equivalent
Liechtenstein,1998,260.338131244919,GHG Emissions,Kilotonne CO2 Equivalent
Liechtenstein,1997,249.341973160903,GHG Emissions,Kilotonne CO2 Equivalent
Liechtenstein,1996,236.829079527098,GHG Emissions,Kilotonne CO2 Equivalent
Liechtenstein,1995,234.321873164864,GHG Emissions,Kilotonne CO2 Equivalent
Liechtenstein,1994,230.57933801286,GHG Emissions,Kilotonne CO2 Equivalent
Liechtenstein,1993,244.009893169398,GHG Emissions,Kilotonne CO2 Equivalent
Liechtenstein,1992,236.882855912506,GHG Emissions,Kilotonne CO2 Equivalent
Liechtenstein,1991,236.649430776773,GHG Emissions,Kilotonne CO2 Equivalent
Liechtenstein,1990,229.177250677737,GHG Emissions,Kilotonne CO2 Equivalent
Lithuania,2014,19777.7498061516,GHG Emissions,Kilotonne CO2 Equivalent
Lithuania,2013,19850.8289546557,GHG Emissions,Kilotonne CO2 Equivalent
Lithuania,2012,21112.6763800759,GHG Emissions,Kilotonne CO2 Equivalent
Lithuania,2011,21254.4575123996,GHG Emissions,Kilotonne CO2 Equivalent
Lithuania,2010,20755.1347198455,GHG Emissions,Kilotonne CO2 Equivalent
Lithuania,2009,19935.9190758773,GHG Emissions,Kilotonne CO2 Equivalent
Lithuania,2008,24394.5306728545,GHG Emissions,Kilotonne CO2 Equivalent
Lithuania,2007,25352.3510528305,GHG Emissions,Kilotonne CO2 Equivalent
Lithuania,2006,23378.4488497179,GHG Emissions,Kilotonne CO2 Equivalent
Lithuania,2005,23036.138291882,GHG Emissions,Kilotonne CO2 Equivalent
Lithuania,2004,21984.4112122192,GHG Emissions,Kilotonne CO2 Equivalent
Lithuania,2003,21203.0139068568,GHG Emissions,Kilotonne CO2 Equivalent
Lithuania,2002,20985.9500974461,GHG Emissions,Kilotonne CO2 Equivalent
Lithuania,2001,20565.3985771841,GHG Emissions,Kilotonne CO2 Equivalent
Lithuania,2000,19605.2843248219,GHG Emissions,Kilotonne CO2 Equivalent
Lithuania,1999,21233.0731787122,GHG Emissions,Kilotonne CO2 Equivalent
Lithuania,1998,23901.3798849324,GHG Emissions,Kilotonne CO2 Equivalent
Lithuania,1997,22971.1068622477,GHG Emissions,Kilotonne CO2 Equivalent
Lithuania,1996,23468.2376077676,GHG Emissions,Kilotonne CO2 Equivalent
Lithuania,1995,22400.5086396674,GHG Emissions,Kilotonne CO2 Equivalent
Lithuania,1994,23234.5799127642,GHG Emissions,Kilotonne CO2 Equivalent
Lithuania,1993,24548.3043848785,GHG Emissions,Kilotonne CO2 Equivalent
Lithuania,1992,30446.8235582429,GHG Emissions,Kilotonne CO2 Equivalent
Lithuania,1991,50233.7705660942,GHG Emissions,Kilotonne CO2 Equivalent
Lithuania,1990,48190.2820210941,GHG Emissions,Kilotonne CO2 Equivalent
Luxembourg,2014,10775.6308538811,GHG Emissions,Kilotonne CO2 Equivalent
Luxembourg,2013,11213.2041041135,GHG Emissions,Kilotonne CO2 Equivalent
Luxembourg,2012,11769.9167426845,GHG Emissions,Kilotonne CO2 Equivalent
Luxembourg,2011,12088.0289034404,GHG Emissions,Kilotonne CO2 Equivalent
Luxembourg,2010,12219.9569926199,GHG Emissions,Kilotonne CO2 Equivalent
Luxembourg,2009,11642.9319685654,GHG Emissions,Kilotonne CO2 Equivalent
Luxembourg,2008,12162.5852116032,GHG Emissions,Kilotonne CO2 Equivalent
Luxembourg,2007,12302.9810916982,GHG Emissions,Kilotonne CO2 Equivalent
Luxembourg,2006,12887.2691636137,GHG Emissions,Kilotonne CO2 Equivalent
Luxembourg,2005,13030.0762344294,GHG Emissions,Kilotonne CO2 Equivalent
Luxembourg,2004,12791.6283352327,GHG Emissions,Kilotonne CO2 Equivalent
Luxembourg,2003,11347.5906931308,GHG Emissions,Kilotonne CO2 Equivalent
Luxembourg,2002,10987.5504922517,GHG Emissions,Kilotonne CO2 Equivalent
Luxembourg,2001,10226.9773385961,GHG Emissions,Kilotonne CO2 Equivalent
Luxembourg,2000,9722.34455971328,GHG Emissions,Kilotonne CO2 Equivalent
Luxembourg,1999,8914.06739800964,GHG Emissions,Kilotonne CO2 Equivalent
Luxembourg,1998,8545.12816289836,GHG Emissions,Kilotonne CO2 Equivalent
Luxembourg,1997,9455.511768516,GHG Emissions,Kilotonne CO2 Equivalent
Luxembourg,1996,10141.6022970283,GHG Emissions,Kilotonne CO2 Equivalent
Luxembourg,1995,10071.3111590627,GHG Emissions,Kilotonne CO2 Equivalent
Luxembourg,1994,12458.9433096162,GHG Emissions,Kilotonne CO2 Equivalent
Luxembourg,1993,13292.7529188175,GHG Emissions,Kilotonne CO2 Equivalent
Luxembourg,1992,13176.7176367707,GHG Emissions,Kilotonne CO2 Equivalent
Luxembourg,1991,13396.876182352,GHG Emissions,Kilotonne CO2 Equivalent
Luxembourg,1990,12853.4512617504,GHG Emissions,Kilotonne CO2 Equivalent
Malta,2014,2982.64478757554,GHG Emissions,Kilotonne CO2 Equivalent
Malta,2013,2953.95831904028,GHG Emissions,Kilotonne CO2 Equivalent
Malta,2012,3324.49701604246,GHG Emissions,Kilotonne CO2 Equivalent
Malta,2011,3211.70609226187,GHG Emissions,Kilotonne CO2 Equivalent
Malta,2010,3098.80570626229,GHG Emissions,Kilotonne CO2 Equivalent
Malta,2009,3073.96151644768,GHG Emissions,Kilotonne CO2 Equivalent
Malta,2008,3182.27959841266,GHG Emissions,Kilotonne CO2 Equivalent
Malta,2007,3176.82792351988,GHG Emissions,Kilotonne CO2 Equivalent
Malta,2006,3090.68316868016,GHG Emissions,Kilotonne CO2 Equivalent
Malta,2005,2999.1644270709,GHG Emissions,Kilotonne CO2 Equivalent
Malta,2004,2845.49961194052,GHG Emissions,Kilotonne CO2 Equivalent
Malta,2003,2893.02628066671,GHG Emissions,Kilotonne CO2 Equivalent
Malta,2002,2687.48314208142,GHG Emissions,Kilotonne CO2 Equivalent
Malta,2001,2769.1247946209,GHG Emissions,Kilotonne CO2 Equivalent
Malta,2000,2625.80576878086,GHG Emissions,Kilotonne CO2 Equivalent
Malta,1999,2610.24691168289,GHG Emissions,Kilotonne CO2 Equivalent
Malta,1998,2524.14374984072,GHG Emissions,Kilotonne CO2 Equivalent
Malta,1997,2530.05916702989,GHG Emissions,Kilotonne CO2 Equivalent
Malta,1996,2518.24209485385,GHG Emissions,Kilotonne CO2 Equivalent
Malta,1995,2500.68600060887,GHG Emissions,Kilotonne CO2 Equivalent
Malta,1994,2483.68564592841,GHG Emissions,Kilotonne CO2 Equivalent
Malta,1993,2422.70680375731,GHG Emissions,Kilotonne CO2 Equivalent
Malta,1992,2333.93788053464,GHG Emissions,Kilotonne CO2 Equivalent
Malta,1991,2189.15593364156,GHG Emissions,Kilotonne CO2 Equivalent
Malta,1990,2000.25178238157,GHG Emissions,Kilotonne CO2 Equivalent
Monaco,2013,91.2561562041074,GHG Emissions,Kilotonne CO2 Equivalent
Monaco,2012,90.7498441303101,GHG Emissions,Kilotonne CO2 Equivalent
Monaco,2011,86.7282962617629,GHG Emissions,Kilotonne CO2 Equivalent
Monaco,2010,90.1461081643513,GHG Emissions,Kilotonne CO2 Equivalent
Monaco,2009,91.1792263693133,GHG Emissions,Kilotonne CO2 Equivalent
Monaco,2008,95.8557340654515,GHG Emissions,Kilotonne CO2 Equivalent
Monaco,2007,97.855057066224,GHG Emissions,Kilotonne CO2 Equivalent
Monaco,2006,94.2785958829561,GHG Emissions,Kilotonne CO2 Equivalent
Monaco,2005,101.10929267777,GHG Emissions,Kilotonne CO2 Equivalent
Monaco,2004,102.042738918889,GHG Emissions,Kilotonne CO2 Equivalent
Monaco,2003,106.126341833846,GHG Emissions,Kilotonne CO2 Equivalent
Monaco,2002,108.351072665333,GHG Emissions,Kilotonne CO2 Equivalent
Monaco,2001,107.9724435341,GHG Emissions,Kilotonne CO2 Equivalent
Monaco,2000,109.692366710798,GHG Emissions,Kilotonne CO2 Equivalent
Monaco,1999,108.516233169215,GHG Emissions,Kilotonne CO2 Equivalent
Monaco,1998,106.485663454616,GHG Emissions,Kilotonne CO2 Equivalent
Monaco,1997,106.719315768663,GHG Emissions,Kilotonne CO2 Equivalent
Monaco,1996,108.203360341535,GHG Emissions,Kilotonne CO2 Equivalent
Monaco,1995,103.766049795644,GHG Emissions,Kilotonne CO2 Equivalent
Monaco,1994,106.067732637872,GHG Emissions,Kilotonne CO2 Equivalent
Monaco,1993,105.050402905748,GHG Emissions,Kilotonne CO2 Equivalent
Monaco,1992,105.935293062565,GHG Emissions,Kilotonne CO2 Equivalent
Monaco,1991,100.369204056598,GHG Emissions,Kilotonne CO2 Equivalent
Monaco,1990,99.4136059156658,GHG Emissions,Kilotonne CO2 Equivalent
Netherlands,2014,186845.429071259,GHG Emissions,Kilotonne CO2 Equivalent
Netherlands,2013,194825.149706862,GHG Emissions,Kilotonne CO2 Equivalent
Netherlands,2012,195068.684673269,GHG Emissions,Kilotonne CO2 Equivalent
Netherlands,2011,199800.722693038,GHG Emissions,Kilotonne CO2 Equivalent
Netherlands,2010,213523.120519917,GHG Emissions,Kilotonne CO2 Equivalent
Netherlands,2009,201690.824396804,GHG Emissions,Kilotonne CO2 Equivalent
Netherlands,2008,207431.200367615,GHG Emissions,Kilotonne CO2 Equivalent
Netherlands,2007,208086.496163859,GHG Emissions,Kilotonne CO2 Equivalent
Netherlands,2006,209150.599297985,GHG Emissions,Kilotonne CO2 Equivalent
Netherlands,2005,214192.526400494,GHG Emissions,Kilotonne CO2 Equivalent
Netherlands,2004,219075.219640892,GHG Emissions,Kilotonne CO2 Equivalent
Netherlands,2003,217929.507108887,GHG Emissions,Kilotonne CO2 Equivalent
Netherlands,2002,217864.639267714,GHG Emissions,Kilotonne CO2 Equivalent
Netherlands,2001,219830.075273467,GHG Emissions,Kilotonne CO2 Equivalent
Netherlands,2000,219915.594400692,GHG Emissions,Kilotonne CO2 Equivalent
Netherlands,1999,221901.302744273,GHG Emissions,Kilotonne CO2 Equivalent
Netherlands,1998,235258.245451164,GHG Emissions,Kilotonne CO2 Equivalent
Netherlands,1997,235154.539726928,GHG Emissions,Kilotonne CO2 Equivalent
Netherlands,1996,242613.342376331,GHG Emissions,Kilotonne CO2 Equivalent
Netherlands,1995,231711.592135012,GHG Emissions,Kilotonne CO2 Equivalent
Netherlands,1994,235031.442733026,GHG Emissions,Kilotonne CO2 Equivalent
Netherlands,1993,231338.866963167,GHG Emissions,Kilotonne CO2 Equivalent
Netherlands,1992,230078.540815556,GHG Emissions,Kilotonne CO2 Equivalent
Netherlands,1991,229354.549116115,GHG Emissions,Kilotonne CO2 Equivalent
Netherlands,1990,221516.1727308,GHG Emissions,Kilotonne CO2 Equivalent
New Zealand,2014,81104.4290799241,GHG Emissions,Kilotonne CO2 Equivalent
New Zealand,2013,80298.3251469851,GHG Emissions,Kilotonne CO2 Equivalent
New Zealand,2012,80890.3639254294,GHG Emissions,Kilotonne CO2 Equivalent
New Zealand,2011,78941.5208964196,GHG Emissions,Kilotonne CO2 Equivalent
New Zealand,2010,78942.2908980154,GHG Emissions,Kilotonne CO2 Equivalent
New Zealand,2009,78624.7002877506,GHG Emissions,Kilotonne CO2 Equivalent
New Zealand,2008,81020.646149607,GHG Emissions,Kilotonne CO2 Equivalent
New Zealand,2007,81157.8794314686,GHG Emissions,Kilotonne CO2 Equivalent
New Zealand,2006,83696.7494402892,GHG Emissions,Kilotonne CO2 Equivalent
New Zealand,2005,83666.2879285929,GHG Emissions,Kilotonne CO2 Equivalent
New Zealand,2004,81648.8272771088,GHG Emissions,Kilotonne CO2 Equivalent
New Zealand,2003,82021.5878477474,GHG Emissions,Kilotonne CO2 Equivalent
New Zealand,2002,79616.9981055823,GHG Emissions,Kilotonne CO2 Equivalent
New Zealand,2001,79058.6235689067,GHG Emissions,Kilotonne CO2 Equivalent
New Zealand,2000,76384.6869460101,GHG Emissions,Kilotonne CO2 Equivalent
New Zealand,1999,74264.3360727654,GHG Emissions,Kilotonne CO2 Equivalent
New Zealand,1998,72205.1448935392,GHG Emissions,Kilotonne CO2 Equivalent
New Zealand,1997,74637.9895126178,GHG Emissions,Kilotonne CO2 Equivalent
New Zealand,1996,71834.4611971898,GHG Emissions,Kilotonne CO2 Equivalent
New Zealand,1995,69641.424602133,GHG Emissions,Kilotonne CO2 Equivalent
New Zealand,1994,68816.5832879109,GHG Emissions,Kilotonne CO2 Equivalent
New Zealand,1993,67631.7325014562,GHG Emissions,Kilotonne CO2 Equivalent
New Zealand,1992,67999.4999995816,GHG Emissions,Kilotonne CO2 Equivalent
New Zealand,1991,66822.617722031,GHG Emissions,Kilotonne CO2 Equivalent
New Zealand,1990,65828.3804799771,GHG Emissions,Kilotonne CO2 Equivalent
Norway,2014,53190.6071843461,GHG Emissions,Kilotonne CO2 Equivalent
Norway,2013,53585.6323909077,GHG Emissions,Kilotonne CO2 Equivalent
Norway,2012,53872.3085295614,GHG Emissions,Kilotonne CO2 Equivalent
Norway,2011,54308.6438462418,GHG Emissions,Kilotonne CO2 Equivalent
Norway,2010,55299.0969643191,GHG Emissions,Kilotonne CO2 Equivalent
Norway,2009,52699.8529291815,GHG Emissions,Kilotonne CO2 Equivalent
Norway,2008,55440.9768200456,GHG Emissions,Kilotonne CO2 Equivalent
Norway,2007,56966.3456187061,GHG Emissions,Kilotonne CO2 Equivalent
Norway,2006,55071.686061874,GHG Emissions,Kilotonne CO2 Equivalent
Norway,2005,55291.6168204172,GHG Emissions,Kilotonne CO2 Equivalent
Norway,2004,56214.0084775802,GHG Emissions,Kilotonne CO2 Equivalent
Norway,2003,55665.8918961297,GHG Emissions,Kilotonne CO2 Equivalent
Norway,2002,55060.5037050923,GHG Emissions,Kilotonne CO2 Equivalent
Norway,2001,56145.0027583016,GHG Emissions,Kilotonne CO2 Equivalent
Norway,2000,54883.3750109775,GHG Emissions,Kilotonne CO2 Equivalent
Norway,1999,55476.4362183585,GHG Emissions,Kilotonne CO2 Equivalent
Norway,1998,54499.0166279507,GHG Emissions,Kilotonne CO2 Equivalent
Norway,1997,54333.9463603583,GHG Emissions,Kilotonne CO2 Equivalent
Norway,1996,54411.0952561063,GHG Emissions,Kilotonne CO2 Equivalent
Norway,1995,51411.1492564084,GHG Emissions,Kilotonne CO2 Equivalent
Norway,1994,51704.4180201368,GHG Emissions,Kilotonne CO2 Equivalent
Norway,1993,49802.7844557724,GHG Emissions,Kilotonne CO2 Equivalent
Norway,1992,47778.6271571411,GHG Emissions,Kilotonne CO2 Equivalent
Norway,1991,49586.8891439841,GHG Emissions,Kilotonne CO2 Equivalent
Norway,1990,51921.7714051269,GHG Emissions,Kilotonne CO2 Equivalent
Poland,2014,380037.565871199,GHG Emissions,Kilotonne CO2 Equivalent
Poland,2013,393091.872196718,GHG Emissions,Kilotonne CO2 Equivalent
Poland,2012,396983.549366664,GHG Emissions,Kilotonne CO2 Equivalent
Poland,2011,403271.359627781,GHG Emissions,Kilotonne CO2 Equivalent
Poland,2010,403598.930904867,GHG Emissions,Kilotonne CO2 Equivalent
Poland,2009,384946.328786087,GHG Emissions,Kilotonne CO2 Equivalent
Poland,2008,403146.506212713,GHG Emissions,Kilotonne CO2 Equivalent
Poland,2007,411240.338790885,GHG Emissions,Kilotonne CO2 Equivalent
Poland,2006,411535.543517724,GHG Emissions,Kilotonne CO2 Equivalent
Poland,2005,397413.932819532,GHG Emissions,Kilotonne CO2 Equivalent
Poland,2004,397602.77053831,GHG Emissions,Kilotonne CO2 Equivalent
Poland,2003,393065.574037803,GHG Emissions,Kilotonne CO2 Equivalent
Poland,2002,379645.914159297,GHG Emissions,Kilotonne CO2 Equivalent
Poland,2001,389931.343995107,GHG Emissions,Kilotonne CO2 Equivalent
Poland,2000,392275.757410682,GHG Emissions,Kilotonne CO2 Equivalent
Poland,1999,404031.189896818,GHG Emissions,Kilotonne CO2 Equivalent
Poland,1998,415621.321964273,GHG Emissions,Kilotonne CO2 Equivalent
Poland,1997,448855.478154987,GHG Emissions,Kilotonne CO2 Equivalent
Poland,1996,458480.439643422,GHG Emissions,Kilotonne CO2 Equivalent
Poland,1995,445272.754045013,GHG Emissions,Kilotonne CO2 Equivalent
Poland,1994,443218.560379242,GHG Emissions,Kilotonne CO2 Equivalent
Poland,1993,448350.912134395,GHG Emissions,Kilotonne CO2 Equivalent
Poland,1992,447713.503956584,GHG Emissions,Kilotonne CO2 Equivalent
Poland,1991,462432.787739736,GHG Emissions,Kilotonne CO2 Equivalent
Poland,1990,472995.97389518,GHG Emissions,Kilotonne CO2 Equivalent
Portugal,2014,65620.0122740753,GHG Emissions,Kilotonne CO2 Equivalent
Portugal,2013,65752.0624456363,GHG Emissions,Kilotonne CO2 Equivalent
Portugal,2012,67558.6730474554,GHG Emissions,Kilotonne CO2 Equivalent
Portugal,2011,69653.8211135955,GHG Emissions,Kilotonne CO2 Equivalent
Portugal,2010,71202.0176531149,GHG Emissions,Kilotonne CO2 Equivalent
Portugal,2009,75810.7184654977,GHG Emissions,Kilotonne CO2 Equivalent
Portugal,2008,78598.9029025128,GHG Emissions,Kilotonne CO2 Equivalent
Portugal,2007,80963.188067309,GHG Emissions,Kilotonne CO2 Equivalent
Portugal,2006,83422.6144237967,GHG Emissions,Kilotonne CO2 Equivalent
Portugal,2005,88450.0530819945,GHG Emissions,Kilotonne CO2 Equivalent
Portugal,2004,85857.9653153421,GHG Emissions,Kilotonne CO2 Equivalent
Portugal,2003,82799.33146882,GHG Emissions,Kilotonne CO2 Equivalent
Portugal,2002,88027.7251969626,GHG Emissions,Kilotonne CO2 Equivalent
Portugal,2001,83704.6242219652,GHG Emissions,Kilotonne CO2 Equivalent
Portugal,2000,83759.2619422067,GHG Emissions,Kilotonne CO2 Equivalent
Portugal,1999,85022.2649805147,GHG Emissions,Kilotonne CO2 Equivalent
Portugal,1998,77024.5138329731,GHG Emissions,Kilotonne CO2 Equivalent
Portugal,1997,72026.031864307,GHG Emissions,Kilotonne CO2 Equivalent
Portugal,1996,68671.3797398112,GHG Emissions,Kilotonne CO2 Equivalent
Portugal,1995,71202.1094426648,GHG Emissions,Kilotonne CO2 Equivalent
Portugal,1994,66762.6715350608,GHG Emissions,Kilotonne CO2 Equivalent
Portugal,1993,65464.5206939062,GHG Emissions,Kilotonne CO2 Equivalent
Portugal,1992,66816.6469726803,GHG Emissions,Kilotonne CO2 Equivalent
Portugal,1991,62206.5816606587,GHG Emissions,Kilotonne CO2 Equivalent
Portugal,1990,60398.2006818267,GHG Emissions,Kilotonne CO2 Equivalent
Romania,2014,111612.810604741,GHG Emissions,Kilotonne CO2 Equivalent
Romania,2013,111933.89585605,GHG Emissions,Kilotonne CO2 Equivalent
Romania,2012,122666.95430426,GHG Emissions,Kilotonne CO2 Equivalent
Romania,2011,124264.61705774,GHG Emissions,Kilotonne CO2 Equivalent
Romania,2010,119124.98108324,GHG Emissions,Kilotonne CO2 Equivalent
Romania,2009,125528.055603277,GHG Emissions,Kilotonne CO2 Equivalent
Romania,2008,143548.868953372,GHG Emissions,Kilotonne CO2 Equivalent
Romania,2007,148708.180463993,GHG Emissions,Kilotonne CO2 Equivalent
Romania,2006,151431.555316116,GHG Emissions,Kilotonne CO2 Equivalent
Romania,2005,149329.227887785,GHG Emissions,Kilotonne CO2 Equivalent
Romania,2004,151877.024946004,GHG Emissions,Kilotonne CO2 Equivalent
Romania,2003,153271.396474872,GHG Emissions,Kilotonne CO2 Equivalent
Romania,2002,148022.889172072,GHG Emissions,Kilotonne CO2 Equivalent
Romania,2001,149257.929059923,GHG Emissions,Kilotonne CO2 Equivalent
Romania,2000,142404.667364628,GHG Emissions,Kilotonne CO2 Equivalent
Romania,1999,136767.727856024,GHG Emissions,Kilotonne CO2 Equivalent
Romania,1998,155283.125768437,GHG Emissions,Kilotonne CO2 Equivalent
Romania,1997,175492.32678625,GHG Emissions,Kilotonne CO2 Equivalent
Romania,1996,187475.719181006,GHG Emissions,Kilotonne CO2 Equivalent
Romania,1995,185010.510955194,GHG Emissions,Kilotonne CO2 Equivalent
Romania,1994,178107.9044609,GHG Emissions,Kilotonne CO2 Equivalent
Romania,1993,182011.073556392,GHG Emissions,Kilotonne CO2 Equivalent
Romania,1992,190934.821941263,GHG Emissions,Kilotonne CO2 Equivalent
Romania,1991,208477.415365055,GHG Emissions,Kilotonne CO2 Equivalent
Romania,1990,254999.122937748,GHG Emissions,Kilotonne CO2 Equivalent
Russian Federation,2014,2648873.34719867,GHG Emissions,Kilotonne CO2 Equivalent
Russian Federation,2013,2643064.5998411,GHG Emissions,Kilotonne CO2 Equivalent
Russian Federation,2012,2700925.24004231,GHG Emissions,Kilotonne CO2 Equivalent
Russian Federation,2011,2665179.25767954,GHG Emissions,Kilotonne CO2 Equivalent
Russian Federation,2010,2602483.42792335,GHG Emissions,Kilotonne CO2 Equivalent
Russian Federation,2009,2481987.79247174,GHG Emissions,Kilotonne CO2 Equivalent
Russian Federation,2008,2616463.55390157,GHG Emissions,Kilotonne CO2 Equivalent
Russian Federation,2007,2584309.06044644,GHG Emissions,Kilotonne CO2 Equivalent
Russian Federation,2006,2574412.00965123,GHG Emissions,Kilotonne CO2 Equivalent
Russian Federation,2005,2501637.91007254,GHG Emissions,Kilotonne CO2 Equivalent
Russian Federation,2004,2471236.40549359,GHG Emissions,Kilotonne CO2 Equivalent
Russian Federation,2003,2422097.78719788,GHG Emissions,Kilotonne CO2 Equivalent
Russian Federation,2002,2342532.90912542,GHG Emissions,Kilotonne CO2 Equivalent
Russian Federation,2001,2334066.89048283,GHG Emissions,Kilotonne CO2 Equivalent
Russian Federation,2000,2274497.94442973,GHG Emissions,Kilotonne CO2 Equivalent
Russian Federation,1999,2261391.53957599,GHG Emissions,Kilotonne CO2 Equivalent
Russian Federation,1998,2229674.66572712,GHG Emissions,Kilotonne CO2 Equivalent
Russian Federation,1997,2261183.4663907,GHG Emissions,Kilotonne CO2 Equivalent
Russian Federation,1996,2354767.26191203,GHG Emissions,Kilotonne CO2 Equivalent
Russian Federation,1995,2429432.44370705,GHG Emissions,Kilotonne CO2 Equivalent
Russian Federation,1994,2511690.61824298,GHG Emissions,Kilotonne CO2 Equivalent
Russian Federation,1993,2809294.52481872,GHG Emissions,Kilotonne CO2 Equivalent
Russian Federation,1992,3002768.80020962,GHG Emissions,Kilotonne CO2 Equivalent
Russian Federation,1991,3535600.02489126,GHG Emissions,Kilotonne CO2 Equivalent
Russian Federation,1990,3767555.04426468,GHG Emissions,Kilotonne CO2 Equivalent
Slovakia,2014,40657.6017003132,GHG Emissions,Kilotonne CO2 Equivalent
Slovakia,2013,42792.4788996332,GHG Emissions,Kilotonne CO2 Equivalent
Slovakia,2012,43175.5884668369,GHG Emissions,Kilotonne CO2 Equivalent
Slovakia,2011,45604.0184269931,GHG Emissions,Kilotonne CO2 Equivalent
Slovakia,2010,46482.8737554074,GHG Emissions,Kilotonne CO2 Equivalent
Slovakia,2009,45557.6290204964,GHG Emissions,Kilotonne CO2 Equivalent
Slovakia,2008,50088.7365180064,GHG Emissions,Kilotonne CO2 Equivalent
Slovakia,2007,49405.0730814613,GHG Emissions,Kilotonne CO2 Equivalent
Slovakia,2006,51206.9149886339,GHG Emissions,Kilotonne CO2 Equivalent
Slovakia,2005,51287.3749784774,GHG Emissions,Kilotonne CO2 Equivalent
Slovakia,2004,51315.162528611,GHG Emissions,Kilotonne CO2 Equivalent
Slovakia,2003,50586.5760160679,GHG Emissions,Kilotonne CO2 Equivalent
Slovakia,2002,50144.7586875242,GHG Emissions,Kilotonne CO2 Equivalent
Slovakia,2001,52127.6656030658,GHG Emissions,Kilotonne CO2 Equivalent
Slovakia,2000,49712.4776565827,GHG Emissions,Kilotonne CO2 Equivalent
Slovakia,1999,51700.4255895351,GHG Emissions,Kilotonne CO2 Equivalent
Slovakia,1998,52993.843018462,GHG Emissions,Kilotonne CO2 Equivalent
Slovakia,1997,54396.9380264408,GHG Emissions,Kilotonne CO2 Equivalent
Slovakia,1996,54706.0658504021,GHG Emissions,Kilotonne CO2 Equivalent
Slovakia,1995,54405.5771330106,GHG Emissions,Kilotonne CO2 Equivalent
Slovakia,1994,53053.299044382,GHG Emissions,Kilotonne CO2 Equivalent
Slovakia,1993,55689.2829100671,GHG Emissions,Kilotonne CO2 Equivalent
Slovakia,1992,59204.279816753,GHG Emissions,Kilotonne CO2 Equivalent
Slovakia,1991,64644.5332374833,GHG Emissions,Kilotonne CO2 Equivalent
Slovakia,1990,74271.5106844523,GHG Emissions,Kilotonne CO2 Equivalent
Slovenia,2014,16582.3118962607,GHG Emissions,Kilotonne CO2 Equivalent
Slovenia,2013,18313.7815337237,GHG Emissions,Kilotonne CO2 Equivalent
Slovenia,2012,19035.4208792702,GHG Emissions,Kilotonne CO2 Equivalent
Slovenia,2011,19626.4639887411,GHG Emissions,Kilotonne CO2 Equivalent
Slovenia,2010,19618.7649294739,GHG Emissions,Kilotonne CO2 Equivalent
Slovenia,2009,19595.3672464151,GHG Emissions,Kilotonne CO2 Equivalent
Slovenia,2008,21523.5484179448,GHG Emissions,Kilotonne CO2 Equivalent
Slovenia,2007,20831.8365544054,GHG Emissions,Kilotonne CO2 Equivalent
Slovenia,2006,20694.9724736023,GHG Emissions,Kilotonne CO2 Equivalent
Slovenia,2005,20522.7384015046,GHG Emissions,Kilotonne CO2 Equivalent
Slovenia,2004,20198.4456736378,GHG Emissions,Kilotonne CO2 Equivalent
Slovenia,2003,19878.2471571766,GHG Emissions,Kilotonne CO2 Equivalent
Slovenia,2002,20159.895746672,GHG Emissions,Kilotonne CO2 Equivalent
Slovenia,2001,20010.7197823299,GHG Emissions,Kilotonne CO2 Equivalent
Slovenia,2000,19126.2291661025,GHG Emissions,Kilotonne CO2 Equivalent
Slovenia,1999,18892.7989721634,GHG Emissions,Kilotonne CO2 Equivalent
Slovenia,1998,19520.3865901311,GHG Emissions,Kilotonne CO2 Equivalent
Slovenia,1997,19794.466740047,GHG Emissions,Kilotonne CO2 Equivalent
Slovenia,1996,19440.2444733498,GHG Emissions,Kilotonne CO2 Equivalent
Slovenia,1995,18761.01803777,GHG Emissions,Kilotonne CO2 Equivalent
Slovenia,1994,18004.4453928209,GHG Emissions,Kilotonne CO2 Equivalent
Slovenia,1993,17605.5382076413,GHG Emissions,Kilotonne CO2 Equivalent
Slovenia,1992,17410.0681306423,GHG Emissions,Kilotonne CO2 Equivalent
Slovenia,1991,17311.5291336356,GHG Emissions,Kilotonne CO2 Equivalent
Slovenia,1990,18616.4490964463,GHG Emissions,Kilotonne CO2 Equivalent
Spain,2014,321744.066952118,GHG Emissions,Kilotonne CO2 Equivalent
Spain,2013,320122.039301497,GHG Emissions,Kilotonne CO2 Equivalent
Spain,2012,348556.434317505,GHG Emissions,Kilotonne CO2 Equivalent
Spain,2011,353872.238595279,GHG Emissions,Kilotonne CO2 Equivalent
Spain,2010,353724.689074692,GHG Emissions,Kilotonne CO2 Equivalent
Spain,2009,365530.282570271,GHG Emissions,Kilotonne CO2 Equivalent
Spain,2008,402316.749850006,GHG Emissions,Kilotonne CO2 Equivalent
Spain,2007,433400.56139937,GHG Emissions,Kilotonne CO2 Equivalent
Spain,2006,424564.72779139,GHG Emissions,Kilotonne CO2 Equivalent
Spain,2005,431628.865980929,GHG Emissions,Kilotonne CO2 Equivalent
Spain,2004,416918.88669429,GHG Emissions,Kilotonne CO2 Equivalent
Spain,2003,401269.359486318,GHG Emissions,Kilotonne CO2 Equivalent
Spain,2002,393826.078543363,GHG Emissions,Kilotonne CO2 Equivalent
Spain,2001,375789.694102679,GHG Emissions,Kilotonne CO2 Equivalent
Spain,2000,378646.317765397,GHG Emissions,Kilotonne CO2 Equivalent
Spain,1999,362590.986878755,GHG Emissions,Kilotonne CO2 Equivalent
Spain,1998,335964.180820575,GHG Emissions,Kilotonne CO2 Equivalent
Spain,1997,326262.199894909,GHG Emissions,Kilotonne CO2 Equivalent
Spain,1996,311936.633372079,GHG Emissions,Kilotonne CO2 Equivalent
Spain,1995,320181.558519913,GHG Emissions,Kilotonne CO2 Equivalent
Spain,1994,304844.418226681,GHG Emissions,Kilotonne CO2 Equivalent
Spain,1993,288520.506615183,GHG Emissions,Kilotonne CO2 Equivalent
Spain,1992,298659.599566829,GHG Emissions,Kilotonne CO2 Equivalent
Spain,1991,289476.644923166,GHG Emissions,Kilotonne CO2 Equivalent
Spain,1990,280600.875384264,GHG Emissions,Kilotonne CO2 Equivalent
Sweden,2014,54382.7372856202,GHG Emissions,Kilotonne CO2 Equivalent
Sweden,2013,55939.5232899326,GHG Emissions,Kilotonne CO2 Equivalent
Sweden,2012,57578.3590921027,GHG Emissions,Kilotonne CO2 Equivalent
Sweden,2011,60987.1477086748,GHG Emissions,Kilotonne CO2 Equivalent
Sweden,2010,64997.0873748557,GHG Emissions,Kilotonne CO2 Equivalent
Sweden,2009,59052.7638105561,GHG Emissions,Kilotonne CO2 Equivalent
Sweden,2008,63121.1224890111,GHG Emissions,Kilotonne CO2 Equivalent
Sweden,2007,65372.6535713726,GHG Emissions,Kilotonne CO2 Equivalent
Sweden,2006,66923.4245261691,GHG Emissions,Kilotonne CO2 Equivalent
Sweden,2005,66968.3027050278,GHG Emissions,Kilotonne CO2 Equivalent
Sweden,2004,69582.4418008926,GHG Emissions,Kilotonne CO2 Equivalent
Sweden,2003,70601.3604284107,GHG Emissions,Kilotonne CO2 Equivalent
Sweden,2002,70160.7817014108,GHG Emissions,Kilotonne CO2 Equivalent
Sweden,2001,69192.115810022,GHG Emissions,Kilotonne CO2 Equivalent
Sweden,2000,68868.7688476056,GHG Emissions,Kilotonne CO2 Equivalent
Sweden,1999,70181.7030568556,GHG Emissions,Kilotonne CO2 Equivalent
Sweden,1998,73085.864192708,GHG Emissions,Kilotonne CO2 Equivalent
Sweden,1997,72772.2987213703,GHG Emissions,Kilotonne CO2 Equivalent
Sweden,1996,77574.1002048805,GHG Emissions,Kilotonne CO2 Equivalent
Sweden,1995,74029.3603217318,GHG Emissions,Kilotonne CO2 Equivalent
Sweden,1994,74231.4889121949,GHG Emissions,Kilotonne CO2 Equivalent
Sweden,1993,71807.1907332996,GHG Emissions,Kilotonne CO2 Equivalent
Sweden,1992,71527.0503616345,GHG Emissions,Kilotonne CO2 Equivalent
Sweden,1991,72041.2548529878,GHG Emissions,Kilotonne CO2 Equivalent
Sweden,1990,71917.2595916878,GHG Emissions,Kilotonne CO2 Equivalent
Switzerland,2014,48617.0807401859,GHG Emissions,Kilotonne CO2 Equivalent
Switzerland,2013,52519.985628806,GHG Emissions,Kilotonne CO2 Equivalent
Switzerland,2012,51637.521589956,GHG Emissions,Kilotonne CO2 Equivalent
Switzerland,2011,50296.2968161289,GHG Emissions,Kilotonne CO2 Equivalent
Switzerland,2010,54373.0819615868,GHG Emissions,Kilotonne CO2 Equivalent
Switzerland,2009,52776.287002272,GHG Emissions,Kilotonne CO2 Equivalent
Switzerland,2008,54084.4542495161,GHG Emissions,Kilotonne CO2 Equivalent
Switzerland,2007,52555.3366289477,GHG Emissions,Kilotonne CO2 Equivalent
Switzerland,2006,54481.5553777612,GHG Emissions,Kilotonne CO2 Equivalent
Switzerland,2005,54858.0531533693,GHG Emissions,Kilotonne CO2 Equivalent
Switzerland,2004,54173.6685278247,GHG Emissions,Kilotonne CO2 Equivalent
Switzerland,2003,53537.5402128088,GHG Emissions,Kilotonne CO2 Equivalent
Switzerland,2002,52318.0948331563,GHG Emissions,Kilotonne CO2 Equivalent
Switzerland,2001,53905.4113927476,GHG Emissions,Kilotonne CO2 Equivalent
Switzerland,2000,52315.7527406386,GHG Emissions,Kilotonne CO2 Equivalent
Switzerland,1999,53037.5981502569,GHG Emissions,Kilotonne CO2 Equivalent
Switzerland,1998,53279.4342421614,GHG Emissions,Kilotonne CO2 Equivalent
Switzerland,1997,51677.5676078952,GHG Emissions,Kilotonne CO2 Equivalent
Switzerland,1996,52933.0576246448,GHG Emissions,Kilotonne CO2 Equivalent
Switzerland,1995,52204.7474593235,GHG Emissions,Kilotonne CO2 Equivalent
Switzerland,1994,51324.7245886062,GHG Emissions,Kilotonne CO2 Equivalent
Switzerland,1993,52327.7964594958,GHG Emissions,Kilotonne CO2 Equivalent
Switzerland,1992,54970.3540963307,GHG Emissions,Kilotonne CO2 Equivalent
Switzerland,1991,55253.5749211084,GHG Emissions,Kilotonne CO2 Equivalent
Switzerland,1990,53307.7567102787,GHG Emissions,Kilotonne CO2 Equivalent
Turkey,2014,467550.376938556,GHG Emissions,Kilotonne CO2 Equivalent
Turkey,2013,438819.583998087,GHG Emissions,Kilotonne CO2 Equivalent
Turkey,2012,447452.331322876,GHG Emissions,Kilotonne CO2 Equivalent
Turkey,2011,415868.814166092,GHG Emissions,Kilotonne CO2 Equivalent
Turkey,2010,395282.5101948,GHG Emissions,Kilotonne CO2 Equivalent
Turkey,2009,382513.418915312,GHG Emissions,Kilotonne CO2 Equivalent
Turkey,2008,393100.907685785,GHG Emissions,Kilotonne CO2 Equivalent
Turkey,2007,403392.48602378,GHG Emissions,Kilotonne CO2 Equivalent
Turkey,2006,371320.553164485,GHG Emissions,Kilotonne CO2 Equivalent
Turkey,2005,345231.79488074,GHG Emissions,Kilotonne CO2 Equivalent
Turkey,2004,316893.705222216,GHG Emissions,Kilotonne CO2 Equivalent
Turkey,2003,303694.424923634,GHG Emissions,Kilotonne CO2 Equivalent
Turkey,2002,287094.567920903,GHG Emissions,Kilotonne CO2 Equivalent
Turkey,2001,278784.945605068,GHG Emissions,Kilotonne CO2 Equivalent
Turkey,2000,296810.835017591,GHG Emissions,Kilotonne CO2 Equivalent
Turkey,1999,271357.95510034,GHG Emissions,Kilotonne CO2 Equivalent
Turkey,1998,271755.93253179,GHG Emissions,Kilotonne CO2 Equivalent
Turkey,1997,269942.502958794,GHG Emissions,Kilotonne CO2 Equivalent
Turkey,1996,256657.080416341,GHG Emissions,Kilotonne CO2 Equivalent
Turkey,1995,239039.791797548,GHG Emissions,Kilotonne CO2 Equivalent
Turkey,1994,224719.235237721,GHG Emissions,Kilotonne CO2 Equivalent
Turkey,1993,230628.999213425,GHG Emissions,Kilotonne CO2 Equivalent
Turkey,1992,220797.144315653,GHG Emissions,Kilotonne CO2 Equivalent
Turkey,1991,214128.322164344,GHG Emissions,Kilotonne CO2 Equivalent
Turkey,1990,207773.321142867,GHG Emissions,Kilotonne CO2 Equivalent
Ukraine,2014,354347.536691179,GHG Emissions,Kilotonne CO2 Equivalent
Ukraine,2013,401066.965549848,GHG Emissions,Kilotonne CO2 Equivalent
Ukraine,2012,409531.352681124,GHG Emissions,Kilotonne CO2 Equivalent
Ukraine,2011,421635.992874612,GHG Emissions,Kilotonne CO2 Equivalent
Ukraine,2010,401929.093345106,GHG Emissions,Kilotonne CO2 Equivalent
Ukraine,2009,384651.787849048,GHG Emissions,Kilotonne CO2 Equivalent
Ukraine,2008,442172.375153511,GHG Emissions,Kilotonne CO2 Equivalent
Ukraine,2007,455267.444575027,GHG Emissions,Kilotonne CO2 Equivalent
Ukraine,2006,452089.762758341,GHG Emissions,Kilotonne CO2 Equivalent
Ukraine,2005,435660.661700088,GHG Emissions,Kilotonne CO2 Equivalent
Ukraine,2004,427912.423607696,GHG Emissions,Kilotonne CO2 Equivalent
Ukraine,2003,417556.108545758,GHG Emissions,Kilotonne CO2 Equivalent
Ukraine,2002,417502.686515017,GHG Emissions,Kilotonne CO2 Equivalent
Ukraine,2001,433832.545959988,GHG Emissions,Kilotonne CO2 Equivalent
Ukraine,2000,413923.442159161,GHG Emissions,Kilotonne CO2 Equivalent
Ukraine,1999,437037.553867475,GHG Emissions,Kilotonne CO2 Equivalent
Ukraine,1998,464400.030828998,GHG Emissions,Kilotonne CO2 Equivalent
Ukraine,1997,496219.978436793,GHG Emissions,Kilotonne CO2 Equivalent
Ukraine,1996,511686.629324465,GHG Emissions,Kilotonne CO2 Equivalent
Ukraine,1995,557047.936317596,GHG Emissions,Kilotonne CO2 Equivalent
Ukraine,1994,600339.977227621,GHG Emissions,Kilotonne CO2 Equivalent
Ukraine,1993,705376.575954999,GHG Emissions,Kilotonne CO2 Equivalent
Ukraine,1992,795446.960614269,GHG Emissions,Kilotonne CO2 Equivalent
Ukraine,1991,853207.752275926,GHG Emissions,Kilotonne CO2 Equivalent
Ukraine,1990,937954.203768127,GHG Emissions,Kilotonne CO2 Equivalent
United Kingdom,2014,527500.751287005,GHG Emissions,Kilotonne CO2 Equivalent
United Kingdom,2013,570078.533306564,GHG Emissions,Kilotonne CO2 Equivalent
United Kingdom,2012,582946.592660431,GHG Emissions,Kilotonne CO2 Equivalent
United Kingdom,2011,565989.015429393,GHG Emissions,Kilotonne CO2 Equivalent
United Kingdom,2010,614166.740569789,GHG Emissions,Kilotonne CO2 Equivalent
United Kingdom,2009,599556.765969257,GHG Emissions,Kilotonne CO2 Equivalent
United Kingdom,2008,657980.868002156,GHG Emissions,Kilotonne CO2 Equivalent
United Kingdom,2007,678011.623149929,GHG Emissions,Kilotonne CO2 Equivalent
United Kingdom,2006,690320.993313288,GHG Emissions,Kilotonne CO2 Equivalent
United Kingdom,2005,696041.639355188,GHG Emissions,Kilotonne CO2 Equivalent
United Kingdom,2004,704090.101711174,GHG Emissions,Kilotonne CO2 Equivalent
United Kingdom,2003,708085.030228883,GHG Emissions,Kilotonne CO2 Equivalent
United Kingdom,2002,701004.69039699,GHG Emissions,Kilotonne CO2 Equivalent
United Kingdom,2001,721026.372631867,GHG Emissions,Kilotonne CO2 Equivalent
United Kingdom,2000,717578.792935095,GHG Emissions,Kilotonne CO2 Equivalent
United Kingdom,1999,716299.410269013,GHG Emissions,Kilotonne CO2 Equivalent
United Kingdom,1998,746962.022119071,GHG Emissions,Kilotonne CO2 Equivalent
United Kingdom,1997,749518.796880465,GHG Emissions,Kilotonne CO2 Equivalent
United Kingdom,1996,774225.784319313,GHG Emissions,Kilotonne CO2 Equivalent
United Kingdom,1995,752463.918228501,GHG Emissions,Kilotonne CO2 Equivalent
United Kingdom,1994,758318.470984655,GHG Emissions,Kilotonne CO2 Equivalent
United Kingdom,1993,769256.78040804,GHG Emissions,Kilotonne CO2 Equivalent
United Kingdom,1992,789105.259472108,GHG Emissions,Kilotonne CO2 Equivalent
United Kingdom,1991,809506.79074742,GHG Emissions,Kilotonne CO2 Equivalent
United Kingdom,1990,800107.48855612,GHG Emissions,Kilotonne CO2 Equivalent
United States of America,2014,6870446.09153786,GHG Emissions,Kilotonne CO2 Equivalent
United States of America,2013,6799979.30280136,GHG Emissions,Kilotonne CO2 Equivalent
United States of America,2012,6643010.57787319,GHG Emissions,Kilotonne CO2 Equivalent
United States of America,2011,6865397.90299948,GHG Emissions,Kilotonne CO2 Equivalent
United States of America,2010,6985457.05342726,GHG Emissions,Kilotonne CO2 Equivalent
United States of America,2009,6776229.77387706,GHG Emissions,Kilotonne CO2 Equivalent
United States of America,2008,7216415.07090248,GHG Emissions,Kilotonne CO2 Equivalent
United States of America,2007,7422207.96295139,GHG Emissions,Kilotonne CO2 Equivalent
United States of America,2006,7316144.45592763,GHG Emissions,Kilotonne CO2 Equivalent
United States of America,2005,7378775.49753729,GHG Emissions,Kilotonne CO2 Equivalent
United States of America,2004,7369970.03456985,GHG Emissions,Kilotonne CO2 Equivalent
United States of America,2003,7224974.03260127,GHG Emissions,Kilotonne CO2 Equivalent
United States of America,2002,7185328.13819684,GHG Emissions,Kilotonne CO2 Equivalent
United States of America,2001,7140899.14134197,GHG Emissions,Kilotonne CO2 Equivalent
United States of America,2000,7258973.11700554,GHG Emissions,Kilotonne CO2 Equivalent
United States of America,1999,7090442.61148359,GHG Emissions,Kilotonne CO2 Equivalent
United States of America,1998,7066788.16280946,GHG Emissions,Kilotonne CO2 Equivalent
United States of America,1997,6999999.10041935,GHG Emissions,Kilotonne CO2 Equivalent
United States of America,1996,6949838.00415347,GHG Emissions,Kilotonne CO2 Equivalent
United States of America,1995,6748528.92555948,GHG Emissions,Kilotonne CO2 Equivalent
United States of America,1994,6650296.59510407,GHG Emissions,Kilotonne CO2 Equivalent
United States of America,1993,6566415.85639104,GHG Emissions,Kilotonne CO2 Equivalent
United States of America,1992,6448677.15402554,GHG Emissions,Kilotonne CO2 Equivalent
United States of America,1991,6330937.8855059,GHG Emissions,Kilotonne CO2 Equivalent
United States of America,1990,6397144.48966891,GHG Emissions,Kilotonne CO2 Equivalent
Australia,2014,10787.3501376183,HFC Emissions,Kilotonne CO2 Equivalent
Australia,2013,10034.1276237187,HFC Emissions,Kilotonne CO2 Equivalent
Australia,2012,9353.06641223694,HFC Emissions,Kilotonne CO2 Equivalent
Australia,2011,8837.85058079271,HFC Emissions,Kilotonne CO2 Equivalent
Australia,2010,8166.06724391971,HFC Emissions,Kilotonne CO2 Equivalent
Australia,2009,7468.94410564859,HFC Emissions,Kilotonne CO2 Equivalent
Australia,2008,6832.22674546237,HFC Emissions,Kilotonne CO2 Equivalent
Australia,2007,6143.73477685129,HFC Emissions,Kilotonne CO2 Equivalent
Australia,2006,5456.5206707597,HFC Emissions,Kilotonne CO2 Equivalent
Australia,2005,5002.48272189515,HFC Emissions,Kilotonne CO2 Equivalent
Australia,2004,4266.92125360524,HFC Emissions,Kilotonne CO2 Equivalent
Australia,2003,3578.35150974547,HFC Emissions,Kilotonne CO2 Equivalent
Australia,2002,2926.73045682085,HFC Emissions,Kilotonne CO2 Equivalent
Australia,2001,2305.92896404507,HFC Emissions,Kilotonne CO2 Equivalent
Australia,2000,1613.2007121981,HFC Emissions,Kilotonne CO2 Equivalent
Australia,1999,1374.29310959569,HFC Emissions,Kilotonne CO2 Equivalent
Australia,1998,998.289579795631,HFC Emissions,Kilotonne CO2 Equivalent
Australia,1997,705.228318135053,HFC Emissions,Kilotonne CO2 Equivalent
Australia,1996,414.17063782292,HFC Emissions,Kilotonne CO2 Equivalent
Australia,1995,1004.03211082861,HFC Emissions,Kilotonne CO2 Equivalent
Australia,1994,1027.34354927313,HFC Emissions,Kilotonne CO2 Equivalent
Australia,1993,1829.872,HFC Emissions,Kilotonne CO2 Equivalent
Australia,1992,1333.184,HFC Emissions,Kilotonne CO2 Equivalent
Australia,1991,1424.68352,HFC Emissions,Kilotonne CO2 Equivalent
Australia,1990,1424.68352,HFC Emissions,Kilotonne CO2 Equivalent
Austria,2014,1642.80076513062,HFC Emissions,Kilotonne CO2 Equivalent
Austria,2013,1602.59643684061,HFC Emissions,Kilotonne CO2 Equivalent
Austria,2012,1612.4661425449,HFC Emissions,Kilotonne CO2 Equivalent
Austria,2011,1535.80074738863,HFC Emissions,Kilotonne CO2 Equivalent
Austria,2010,1483.19074249073,HFC Emissions,Kilotonne CO2 Equivalent
Austria,2009,1308.20218572207,HFC Emissions,Kilotonne CO2 Equivalent
Austria,2008,1248.53225138254,HFC Emissions,Kilotonne CO2 Equivalent
Austria,2007,1195.8903761885,HFC Emissions,Kilotonne CO2 Equivalent
Austria,2006,1152.466320532,HFC Emissions,Kilotonne CO2 Equivalent
Austria,2005,1145.80966192964,HFC Emissions,Kilotonne CO2 Equivalent
Austria,2004,1158.34359221291,HFC Emissions,Kilotonne CO2 Equivalent
Austria,2003,1072.19181375814,HFC Emissions,Kilotonne CO2 Equivalent
Austria,2002,968.776915917423,HFC Emissions,Kilotonne CO2 Equivalent
Austria,2001,863.101238986877,HFC Emissions,Kilotonne CO2 Equivalent
Austria,2000,713.626554045867,HFC Emissions,Kilotonne CO2 Equivalent
Austria,1999,701.821024024025,HFC Emissions,Kilotonne CO2 Equivalent
Austria,1998,610.339231556323,HFC Emissions,Kilotonne CO2 Equivalent
Austria,1997,500.828386694405,HFC Emissions,Kilotonne CO2 Equivalent
Austria,1996,420.786112924158,HFC Emissions,Kilotonne CO2 Equivalent
Austria,1995,357.931519787086,HFC Emissions,Kilotonne CO2 Equivalent
Austria,1994,261.105590625578,HFC Emissions,Kilotonne CO2 Equivalent
Austria,1993,235.26478656483,HFC Emissions,Kilotonne CO2 Equivalent
Austria,1992,5.63648639172312,HFC Emissions,Kilotonne CO2 Equivalent
Austria,1991,3.88944,HFC Emissions,Kilotonne CO2 Equivalent
Austria,1990,2.43756,HFC Emissions,Kilotonne CO2 Equivalent
Belgium,2014,2811.79733017371,HFC Emissions,Kilotonne CO2 Equivalent
Belgium,2013,2703.01240606807,HFC Emissions,Kilotonne CO2 Equivalent
Belgium,2012,2733.36088134647,HFC Emissions,Kilotonne CO2 Equivalent
Belgium,2011,2614.05044241905,HFC Emissions,Kilotonne CO2 Equivalent
Belgium,2010,2508.71471399671,HFC Emissions,Kilotonne CO2 Equivalent
Belgium,2009,2391.45687121243,HFC Emissions,Kilotonne CO2 Equivalent
Belgium,2008,2206.76147265269,HFC Emissions,Kilotonne CO2 Equivalent
Belgium,2007,2079.10324412977,HFC Emissions,Kilotonne CO2 Equivalent
Belgium,2006,1876.64217584791,HFC Emissions,Kilotonne CO2 Equivalent
Belgium,2005,1745.35050510923,HFC Emissions,Kilotonne CO2 Equivalent
Belgium,2004,1693.40032492042,HFC Emissions,Kilotonne CO2 Equivalent
Belgium,2003,1608.86827845198,HFC Emissions,Kilotonne CO2 Equivalent
Belgium,2002,1438.41916621289,HFC Emissions,Kilotonne CO2 Equivalent
Belgium,2001,1211.52843588766,HFC Emissions,Kilotonne CO2 Equivalent
Belgium,2000,1127.79920477565,HFC Emissions,Kilotonne CO2 Equivalent
Belgium,1999,935.582415403112,HFC Emissions,Kilotonne CO2 Equivalent
Belgium,1998,881.223470503045,HFC Emissions,Kilotonne CO2 Equivalent
Belgium,1997,726.994087301747,HFC Emissions,Kilotonne CO2 Equivalent
Belgium,1996,602.197276576914,HFC Emissions,Kilotonne CO2 Equivalent
Belgium,1995,501.991333560121,HFC Emissions,Kilotonne CO2 Equivalent
Belgium,1994,495.789565242139,HFC Emissions,Kilotonne CO2 Equivalent
Belgium,1993,484.299975812368,HFC Emissions,Kilotonne CO2 Equivalent
Belgium,1992,484.299975812368,HFC Emissions,Kilotonne CO2 Equivalent
Bulgaria,2014,1423.81285948304,HFC Emissions,Kilotonne CO2 Equivalent
Bulgaria,2013,1277.85761926218,HFC Emissions,Kilotonne CO2 Equivalent
Bulgaria,2012,1109.35923014509,HFC Emissions,Kilotonne CO2 Equivalent
Bulgaria,2011,1038.93300468063,HFC Emissions,Kilotonne CO2 Equivalent
Bulgaria,2010,927.068108171378,HFC Emissions,Kilotonne CO2 Equivalent
Bulgaria,2009,897.324880013531,HFC Emissions,Kilotonne CO2 Equivalent
Bulgaria,2008,841.835316770012,HFC Emissions,Kilotonne CO2 Equivalent
Bulgaria,2007,545.197085531365,HFC Emissions,Kilotonne CO2 Equivalent
Bulgaria,2006,447.162429026166,HFC Emissions,Kilotonne CO2 Equivalent
Bulgaria,2005,298.763523386316,HFC Emissions,Kilotonne CO2 Equivalent
Bulgaria,2004,180.343809534901,HFC Emissions,Kilotonne CO2 Equivalent
Bulgaria,2003,126.503550018592,HFC Emissions,Kilotonne CO2 Equivalent
Bulgaria,2002,96.60038738008,HFC Emissions,Kilotonne CO2 Equivalent
Bulgaria,2001,75.173696005058,HFC Emissions,Kilotonne CO2 Equivalent
Bulgaria,2000,57.3333083815516,HFC Emissions,Kilotonne CO2 Equivalent
Bulgaria,1999,40.9869783633625,HFC Emissions,Kilotonne CO2 Equivalent
Bulgaria,1998,28.7207624704373,HFC Emissions,Kilotonne CO2 Equivalent
Bulgaria,1997,18.3595783062778,HFC Emissions,Kilotonne CO2 Equivalent
Bulgaria,1996,11.5548883843048,HFC Emissions,Kilotonne CO2 Equivalent
Bulgaria,1995,6.58680842977408,HFC Emissions,Kilotonne CO2 Equivalent
Bulgaria,1994,2.15623391311342,HFC Emissions,Kilotonne CO2 Equivalent
Bulgaria,1993,0.02303703221005,HFC Emissions,Kilotonne CO2 Equivalent
Bulgaria,1992,0.010681702317,HFC Emissions,Kilotonne CO2 Equivalent
Bulgaria,1991,0.003135561,HFC Emissions,Kilotonne CO2 Equivalent
Canada,2014,9024.46042768536,HFC Emissions,Kilotonne CO2 Equivalent
Canada,2013,8564.62124615997,HFC Emissions,Kilotonne CO2 Equivalent
Canada,2012,8277.68017933566,HFC Emissions,Kilotonne CO2 Equivalent
Canada,2011,7991.64027238382,HFC Emissions,Kilotonne CO2 Equivalent
Canada,2010,7477.16505279579,HFC Emissions,Kilotonne CO2 Equivalent
Canada,2009,6698.9587209381,HFC Emissions,Kilotonne CO2 Equivalent
Canada,2008,6123.51593465702,HFC Emissions,Kilotonne CO2 Equivalent
Canada,2007,6222.86895974681,HFC Emissions,Kilotonne CO2 Equivalent
Canada,2006,5828.26843309005,HFC Emissions,Kilotonne CO2 Equivalent
Canada,2005,5677.87853198177,HFC Emissions,Kilotonne CO2 Equivalent
Canada,2004,5215.22602334514,HFC Emissions,Kilotonne CO2 Equivalent
Canada,2003,4615.42427946863,HFC Emissions,Kilotonne CO2 Equivalent
Canada,2002,4270.18947175995,HFC Emissions,Kilotonne CO2 Equivalent
Canada,2001,3787.72934805573,HFC Emissions,Kilotonne CO2 Equivalent
Canada,2000,3400.32843106704,HFC Emissions,Kilotonne CO2 Equivalent
Canada,1999,2805.99692329725,HFC Emissions,Kilotonne CO2 Equivalent
Canada,1998,2172.32499194863,HFC Emissions,Kilotonne CO2 Equivalent
Canada,1997,1568.52633809529,HFC Emissions,Kilotonne CO2 Equivalent
Canada,1996,1165.50735923192,HFC Emissions,Kilotonne CO2 Equivalent
Canada,1995,693.369077173043,HFC Emissions,Kilotonne CO2 Equivalent
Canada,1992,829.836,HFC Emissions,Kilotonne CO2 Equivalent
Canada,1991,1056.72,HFC Emissions,Kilotonne CO2 Equivalent
Canada,1990,970.584,HFC Emissions,Kilotonne CO2 Equivalent
Croatia,2014,582.7729385,HFC Emissions,Kilotonne CO2 Equivalent
Croatia,2013,577.71128114,HFC Emissions,Kilotonne CO2 Equivalent
Croatia,2012,564.960584,HFC Emissions,Kilotonne CO2 Equivalent
Croatia,2011,563.133823,HFC Emissions,Kilotonne CO2 Equivalent
Croatia,2010,543.951452,HFC Emissions,Kilotonne CO2 Equivalent
Croatia,2009,495.6468735,HFC Emissions,Kilotonne CO2 Equivalent
Croatia,2008,490.3328081,HFC Emissions,Kilotonne CO2 Equivalent
Croatia,2007,469.5146916,HFC Emissions,Kilotonne CO2 Equivalent
Croatia,2006,422.6992587,HFC Emissions,Kilotonne CO2 Equivalent
Croatia,2005,386.117676,HFC Emissions,Kilotonne CO2 Equivalent
Croatia,2004,347.888372,HFC Emissions,Kilotonne CO2 Equivalent
Croatia,2003,304.770123,HFC Emissions,Kilotonne CO2 Equivalent
Croatia,2002,261.9265545,HFC Emissions,Kilotonne CO2 Equivalent
Croatia,2001,224.96256,HFC Emissions,Kilotonne CO2 Equivalent
Croatia,2000,199.209344,HFC Emissions,Kilotonne CO2 Equivalent
Croatia,1999,166.6979895,HFC Emissions,Kilotonne CO2 Equivalent
Croatia,1998,139.060601,HFC Emissions,Kilotonne CO2 Equivalent
Croatia,1997,106.138843,HFC Emissions,Kilotonne CO2 Equivalent
Croatia,1996,80.066539,HFC Emissions,Kilotonne CO2 Equivalent
Croatia,1995,57.279335,HFC Emissions,Kilotonne CO2 Equivalent
Cyprus,2014,320.54079856597,HFC Emissions,Kilotonne CO2 Equivalent
Cyprus,2013,324.70366592627,HFC Emissions,Kilotonne CO2 Equivalent
Cyprus,2012,315.74235594302,HFC Emissions,Kilotonne CO2 Equivalent
Cyprus,2011,274.70430521584,HFC Emissions,Kilotonne CO2 Equivalent
Cyprus,2010,246.34422076147,HFC Emissions,Kilotonne CO2 Equivalent
Cyprus,2009,221.84035616137,HFC Emissions,Kilotonne CO2 Equivalent
Cyprus,2008,195.30984187324,HFC Emissions,Kilotonne CO2 Equivalent
Cyprus,2007,169.81829635925,HFC Emissions,Kilotonne CO2 Equivalent
Cyprus,2006,144.71433449875,HFC Emissions,Kilotonne CO2 Equivalent
Cyprus,2005,92.60439280661,HFC Emissions,Kilotonne CO2 Equivalent
Cyprus,2004,67.17961355949,HFC Emissions,Kilotonne CO2 Equivalent
Cyprus,2003,52.54081794487,HFC Emissions,Kilotonne CO2 Equivalent
Cyprus,2002,41.18802976448,HFC Emissions,Kilotonne CO2 Equivalent
Cyprus,2001,30.84772331695,HFC Emissions,Kilotonne CO2 Equivalent
Cyprus,2000,20.37717528271,HFC Emissions,Kilotonne CO2 Equivalent
Cyprus,1999,14.14401605844,HFC Emissions,Kilotonne CO2 Equivalent
Cyprus,1998,9.37855739723,HFC Emissions,Kilotonne CO2 Equivalent
Cyprus,1997,6.08703553517,HFC Emissions,Kilotonne CO2 Equivalent
Cyprus,1996,3.60691995597,HFC Emissions,Kilotonne CO2 Equivalent
Cyprus,1995,2.69892459923,HFC Emissions,Kilotonne CO2 Equivalent
Cyprus,1994,0.70303857236,HFC Emissions,Kilotonne CO2 Equivalent
Cyprus,1993,0.21710900486,HFC Emissions,Kilotonne CO2 Equivalent
Cyprus,1992,0.164247,HFC Emissions,Kilotonne CO2 Equivalent
Cyprus,1991,0.1555962,HFC Emissions,Kilotonne CO2 Equivalent
Cyprus,1990,0.1456139,HFC Emissions,Kilotonne CO2 Equivalent
Czech Republic,2014,2830.38224927792,HFC Emissions,Kilotonne CO2 Equivalent
Czech Republic,2013,2621.1821896344,HFC Emissions,Kilotonne CO2 Equivalent
Czech Republic,2012,2395.38699622093,HFC Emissions,Kilotonne CO2 Equivalent
Czech Republic,2011,2219.11092869221,HFC Emissions,Kilotonne CO2 Equivalent
Czech Republic,2010,1947.7064247891,HFC Emissions,Kilotonne CO2 Equivalent
Czech Republic,2009,1639.13372596876,HFC Emissions,Kilotonne CO2 Equivalent
Czech Republic,2008,1511.87089184687,HFC Emissions,Kilotonne CO2 Equivalent
Czech Republic,2007,1282.33513077746,HFC Emissions,Kilotonne CO2 Equivalent
Czech Republic,2006,937.230360912863,HFC Emissions,Kilotonne CO2 Equivalent
Czech Republic,2005,700.765201744863,HFC Emissions,Kilotonne CO2 Equivalent
Czech Republic,2004,602.46643926535,HFC Emissions,Kilotonne CO2 Equivalent
Czech Republic,2003,508.64054085078,HFC Emissions,Kilotonne CO2 Equivalent
Czech Republic,2002,400.578900547418,HFC Emissions,Kilotonne CO2 Equivalent
Czech Republic,2001,308.585319133388,HFC Emissions,Kilotonne CO2 Equivalent
Czech Republic,2000,203.987622542034,HFC Emissions,Kilotonne CO2 Equivalent
Czech Republic,1999,147.59900958417,HFC Emissions,Kilotonne CO2 Equivalent
Czech Republic,1998,134.151750705874,HFC Emissions,Kilotonne CO2 Equivalent
Czech Republic,1997,99.0166392294564,HFC Emissions,Kilotonne CO2 Equivalent
Czech Republic,1996,34.6754833845438,HFC Emissions,Kilotonne CO2 Equivalent
Czech Republic,1995,0.2285787288928,HFC Emissions,Kilotonne CO2 Equivalent
Denmark,2014,735.435645873786,HFC Emissions,Kilotonne CO2 Equivalent
Denmark,2013,810.64139475336,HFC Emissions,Kilotonne CO2 Equivalent
Denmark,2012,826.137278801188,HFC Emissions,Kilotonne CO2 Equivalent
Denmark,2011,908.385404005149,HFC Emissions,Kilotonne CO2 Equivalent
Denmark,2010,971.909492859225,HFC Emissions,Kilotonne CO2 Equivalent
Denmark,2009,964.773724709446,HFC Emissions,Kilotonne CO2 Equivalent
Denmark,2008,1014.58138911006,HFC Emissions,Kilotonne CO2 Equivalent
Denmark,2007,1010.20386173366,HFC Emissions,Kilotonne CO2 Equivalent
Denmark,2006,977.625547473618,HFC Emissions,Kilotonne CO2 Equivalent
Denmark,2005,951.905408550881,HFC Emissions,Kilotonne CO2 Equivalent
Denmark,2004,894.754884624938,HFC Emissions,Kilotonne CO2 Equivalent
Denmark,2003,829.370378747835,HFC Emissions,Kilotonne CO2 Equivalent
Denmark,2002,794.62392044561,HFC Emissions,Kilotonne CO2 Equivalent
Denmark,2001,747.113470149512,HFC Emissions,Kilotonne CO2 Equivalent
Denmark,2000,710.672209729079,HFC Emissions,Kilotonne CO2 Equivalent
Denmark,1999,587.206412021858,HFC Emissions,Kilotonne CO2 Equivalent
Denmark,1998,477.676722009867,HFC Emissions,Kilotonne CO2 Equivalent
Denmark,1997,377.532879697761,HFC Emissions,Kilotonne CO2 Equivalent
Denmark,1996,379.983752241704,HFC Emissions,Kilotonne CO2 Equivalent
Denmark,1995,241.484474914362,HFC Emissions,Kilotonne CO2 Equivalent
Denmark,1994,146.3576507112,HFC Emissions,Kilotonne CO2 Equivalent
Denmark,1993,102.28704,HFC Emissions,Kilotonne CO2 Equivalent
Denmark,1992,3.6896,HFC Emissions,Kilotonne CO2 Equivalent
Estonia,2014,216.522041055605,HFC Emissions,Kilotonne CO2 Equivalent
Estonia,2013,206.458396470789,HFC Emissions,Kilotonne CO2 Equivalent
Estonia,2012,193.034322112355,HFC Emissions,Kilotonne CO2 Equivalent
Estonia,2011,183.0029356155,HFC Emissions,Kilotonne CO2 Equivalent
Estonia,2010,175.432505308829,HFC Emissions,Kilotonne CO2 Equivalent
Estonia,2009,157.529599176477,HFC Emissions,Kilotonne CO2 Equivalent
Estonia,2008,150.394817419873,HFC Emissions,Kilotonne CO2 Equivalent
Estonia,2007,170.367740074701,HFC Emissions,Kilotonne CO2 Equivalent
Estonia,2006,154.56619902732,HFC Emissions,Kilotonne CO2 Equivalent
Estonia,2005,134.958268474771,HFC Emissions,Kilotonne CO2 Equivalent
Estonia,2004,119.327334223453,HFC Emissions,Kilotonne CO2 Equivalent
Estonia,2003,104.867951566727,HFC Emissions,Kilotonne CO2 Equivalent
Estonia,2002,98.8306106453945,HFC Emissions,Kilotonne CO2 Equivalent
Estonia,2001,97.1867162081839,HFC Emissions,Kilotonne CO2 Equivalent
Estonia,2000,79.1473138284342,HFC Emissions,Kilotonne CO2 Equivalent
Estonia,1999,63.394363404444,HFC Emissions,Kilotonne CO2 Equivalent
Estonia,1998,52.2518396218539,HFC Emissions,Kilotonne CO2 Equivalent
Estonia,1997,41.3138200581129,HFC Emissions,Kilotonne CO2 Equivalent
Estonia,1996,34.5582801517728,HFC Emissions,Kilotonne CO2 Equivalent
Estonia,1995,28.454399857753,HFC Emissions,Kilotonne CO2 Equivalent
Estonia,1994,22.9149299854698,HFC Emissions,Kilotonne CO2 Equivalent
Estonia,1993,20.0196946835335,HFC Emissions,Kilotonne CO2 Equivalent
Estonia,1992,17.51317997,HFC Emissions,Kilotonne CO2 Equivalent
European Union,2014,112215.153839033,HFC Emissions,Kilotonne CO2 Equivalent
European Union,2013,110393.496492912,HFC Emissions,Kilotonne CO2 Equivalent
European Union,2012,108206.156499101,HFC Emissions,Kilotonne CO2 Equivalent
European Union,2011,105153.343407964,HFC Emissions,Kilotonne CO2 Equivalent
European Union,2010,102676.186561369,HFC Emissions,Kilotonne CO2 Equivalent
European Union,2009,94070.2182839017,HFC Emissions,Kilotonne CO2 Equivalent
European Union,2008,89587.3361470989,HFC Emissions,Kilotonne CO2 Equivalent
European Union,2007,82129.6823032502,HFC Emissions,Kilotonne CO2 Equivalent
European Union,2006,76046.7639333348,HFC Emissions,Kilotonne CO2 Equivalent
European Union,2005,71802.2559052239,HFC Emissions,Kilotonne CO2 Equivalent
European Union,2004,65950.5100513257,HFC Emissions,Kilotonne CO2 Equivalent
European Union,2003,62319.2019152934,HFC Emissions,Kilotonne CO2 Equivalent
European Union,2002,55756.5875135975,HFC Emissions,Kilotonne CO2 Equivalent
European Union,2001,52032.5931241372,HFC Emissions,Kilotonne CO2 Equivalent
European Union,2000,52788.8348278767,HFC Emissions,Kilotonne CO2 Equivalent
European Union,1999,51748.8413396434,HFC Emissions,Kilotonne CO2 Equivalent
European Union,1998,60079.9047510436,HFC Emissions,Kilotonne CO2 Equivalent
European Union,1997,58699.6992086244,HFC Emissions,Kilotonne CO2 Equivalent
European Union,1996,50862.6833235873,HFC Emissions,Kilotonne CO2 Equivalent
European Union,1995,43748.9787423997,HFC Emissions,Kilotonne CO2 Equivalent
European Union,1994,39125.6461609917,HFC Emissions,Kilotonne CO2 Equivalent
European Union,1993,34486.6171594266,HFC Emissions,Kilotonne CO2 Equivalent
European Union,1992,31563.920261268,HFC Emissions,Kilotonne CO2 Equivalent
European Union,1991,29148.253055315,HFC Emissions,Kilotonne CO2 Equivalent
European Union,1990,29125.6362996247,HFC Emissions,Kilotonne CO2 Equivalent
Finland,2014,1743.27898771721,HFC Emissions,Kilotonne CO2 Equivalent
Finland,2013,1612.49060382639,HFC Emissions,Kilotonne CO2 Equivalent
Finland,2012,1517.24760807946,HFC Emissions,Kilotonne CO2 Equivalent
Finland,2011,1587.89581113814,HFC Emissions,Kilotonne CO2 Equivalent
Finland,2010,1820.34465424587,HFC Emissions,Kilotonne CO2 Equivalent
Finland,2009,1425.5620974961,HFC Emissions,Kilotonne CO2 Equivalent
Finland,2008,1338.78916272852,HFC Emissions,Kilotonne CO2 Equivalent
Finland,2007,1149.94356980483,HFC Emissions,Kilotonne CO2 Equivalent
Finland,2006,910.552255172875,HFC Emissions,Kilotonne CO2 Equivalent
Finland,2005,895.422477788064,HFC Emissions,Kilotonne CO2 Equivalent
Finland,2004,688.64946146022,HFC Emissions,Kilotonne CO2 Equivalent
Finland,2003,635.744609730428,HFC Emissions,Kilotonne CO2 Equivalent
Finland,2002,634.024975980659,HFC Emissions,Kilotonne CO2 Equivalent
Finland,2001,592.117170735794,HFC Emissions,Kilotonne CO2 Equivalent
Finland,2000,559.31846514369,HFC Emissions,Kilotonne CO2 Equivalent
Finland,1999,330.627569534521,HFC Emissions,Kilotonne CO2 Equivalent
Finland,1998,247.076487502632,HFC Emissions,Kilotonne CO2 Equivalent
Finland,1997,149.487601978443,HFC Emissions,Kilotonne CO2 Equivalent
Finland,1996,74.188748278584,HFC Emissions,Kilotonne CO2 Equivalent
Finland,1995,26.902252736684,HFC Emissions,Kilotonne CO2 Equivalent
Finland,1994,5.344578130212,HFC Emissions,Kilotonne CO2 Equivalent
Finland,1993,0.190541969656,HFC Emissions,Kilotonne CO2 Equivalent
Finland,1992,0.040504529712,HFC Emissions,Kilotonne CO2 Equivalent
Finland,1991,0.03195116838,HFC Emissions,Kilotonne CO2 Equivalent
Finland,1990,0.024024986,HFC Emissions,Kilotonne CO2 Equivalent
France,2014,19398.6825232964,HFC Emissions,Kilotonne CO2 Equivalent
France,2013,19170.7393294348,HFC Emissions,Kilotonne CO2 Equivalent
France,2012,18987.8598020581,HFC Emissions,Kilotonne CO2 Equivalent
France,2011,18579.7938070522,HFC Emissions,Kilotonne CO2 Equivalent
France,2010,17363.7998099207,HFC Emissions,Kilotonne CO2 Equivalent
France,2009,16311.6095618588,HFC Emissions,Kilotonne CO2 Equivalent
France,2008,15788.1897623719,HFC Emissions,Kilotonne CO2 Equivalent
France,2007,14595.1311637394,HFC Emissions,Kilotonne CO2 Equivalent
France,2006,13686.2685489363,HFC Emissions,Kilotonne CO2 Equivalent
France,2005,12676.0322607735,HFC Emissions,Kilotonne CO2 Equivalent
France,2004,11754.871051028,HFC Emissions,Kilotonne CO2 Equivalent
France,2003,10764.9939481514,HFC Emissions,Kilotonne CO2 Equivalent
France,2002,9397.31179913431,HFC Emissions,Kilotonne CO2 Equivalent
France,2001,8086.23433215259,HFC Emissions,Kilotonne CO2 Equivalent
France,2000,6642.94644348415,HFC Emissions,Kilotonne CO2 Equivalent
France,1999,5383.41498649957,HFC Emissions,Kilotonne CO2 Equivalent
France,1998,4349.23248051648,HFC Emissions,Kilotonne CO2 Equivalent
France,1997,4111.5886690816,HFC Emissions,Kilotonne CO2 Equivalent
France,1996,3259.83623741766,HFC Emissions,Kilotonne CO2 Equivalent
France,1995,1912.11375031142,HFC Emissions,Kilotonne CO2 Equivalent
France,1994,1952.570637061,HFC Emissions,Kilotonne CO2 Equivalent
France,1993,2936.3826814197,HFC Emissions,Kilotonne CO2 Equivalent
France,1992,4417.80752937641,HFC Emissions,Kilotonne CO2 Equivalent
France,1991,5124.37681761492,HFC Emissions,Kilotonne CO2 Equivalent
France,1990,4402.19994328629,HFC Emissions,Kilotonne CO2 Equivalent
Germany,2014,10750.3677775755,HFC Emissions,Kilotonne CO2 Equivalent
Germany,2013,10569.4340298083,HFC Emissions,Kilotonne CO2 Equivalent
Germany,2012,10547.6349187641,HFC Emissions,Kilotonne CO2 Equivalent
Germany,2011,10353.2583473543,HFC Emissions,Kilotonne CO2 Equivalent
Germany,2010,9914.6869693544,HFC Emissions,Kilotonne CO2 Equivalent
Germany,2009,9613.58054963515,HFC Emissions,Kilotonne CO2 Equivalent
Germany,2008,9368.02796676995,HFC Emissions,Kilotonne CO2 Equivalent
Germany,2007,9422.41749132518,HFC Emissions,Kilotonne CO2 Equivalent
Germany,2006,9135.85826323885,HFC Emissions,Kilotonne CO2 Equivalent
Germany,2005,8752.62764727365,HFC Emissions,Kilotonne CO2 Equivalent
Germany,2004,8546.57869520082,HFC Emissions,Kilotonne CO2 Equivalent
Germany,2003,8102.16179231695,HFC Emissions,Kilotonne CO2 Equivalent
Germany,2002,7943.21475839427,HFC Emissions,Kilotonne CO2 Equivalent
Germany,2001,7346.29314585491,HFC Emissions,Kilotonne CO2 Equivalent
Germany,2000,5972.05163961269,HFC Emissions,Kilotonne CO2 Equivalent
Germany,1999,5161.16483144972,HFC Emissions,Kilotonne CO2 Equivalent
Germany,1998,4837.33235475625,HFC Emissions,Kilotonne CO2 Equivalent
Germany,1997,4134.19908899373,HFC Emissions,Kilotonne CO2 Equivalent
Germany,1996,3392.97797253605,HFC Emissions,Kilotonne CO2 Equivalent
Germany,1995,2606.0735993744,HFC Emissions,Kilotonne CO2 Equivalent
Germany,1994,2683.0981788552,HFC Emissions,Kilotonne CO2 Equivalent
Germany,1993,2492.8558365488,HFC Emissions,Kilotonne CO2 Equivalent
Germany,1992,287.5644590521,HFC Emissions,Kilotonne CO2 Equivalent
Germany,1991,45.9220062644,HFC Emissions,Kilotonne CO2 Equivalent
Germany,1990,50.32,HFC Emissions,Kilotonne CO2 Equivalent
Greece,2014,5758.12863877603,HFC Emissions,Kilotonne CO2 Equivalent
Greece,2013,5650.21859764964,HFC Emissions,Kilotonne CO2 Equivalent
Greece,2012,5061.77691494848,HFC Emissions,Kilotonne CO2 Equivalent
Greece,2011,4661.65509784493,HFC Emissions,Kilotonne CO2 Equivalent
Greece,2010,4388.66802144415,HFC Emissions,Kilotonne CO2 Equivalent
Greece,2009,3964.12465526031,HFC Emissions,Kilotonne CO2 Equivalent
Greece,2008,3710.3482172854,HFC Emissions,Kilotonne CO2 Equivalent
Greece,2007,3245.14066079019,HFC Emissions,Kilotonne CO2 Equivalent
Greece,2006,2722.45340589096,HFC Emissions,Kilotonne CO2 Equivalent
Greece,2005,5077.45227954165,HFC Emissions,Kilotonne CO2 Equivalent
Greece,2004,4927.91153024745,HFC Emissions,Kilotonne CO2 Equivalent
Greece,2003,4733.35562321277,HFC Emissions,Kilotonne CO2 Equivalent
Greece,2002,5090.06558842149,HFC Emissions,Kilotonne CO2 Equivalent
Greece,2001,4781.3884482475,HFC Emissions,Kilotonne CO2 Equivalent
Greece,2000,5261.83186356152,HFC Emissions,Kilotonne CO2 Equivalent
Greece,1999,6721.1460300199,HFC Emissions,Kilotonne CO2 Equivalent
Greece,1998,5767.51429514513,HFC Emissions,Kilotonne CO2 Equivalent
Greece,1997,5166.48802785957,HFC Emissions,Kilotonne CO2 Equivalent
Greece,1996,4820.16537150106,HFC Emissions,Kilotonne CO2 Equivalent
Greece,1995,4157.37596992872,HFC Emissions,Kilotonne CO2 Equivalent
Greece,1994,2712.11246316,HFC Emissions,Kilotonne CO2 Equivalent
Greece,1993,2032.43915305,HFC Emissions,Kilotonne CO2 Equivalent
Greece,1992,1149.072,HFC Emissions,Kilotonne CO2 Equivalent
Greece,1991,1400.08,HFC Emissions,Kilotonne CO2 Equivalent
Greece,1990,1182.816,HFC Emissions,Kilotonne CO2 Equivalent
Hungary,2014,1428.15989742829,HFC Emissions,Kilotonne CO2 Equivalent
Hungary,2013,1280.34083026629,HFC Emissions,Kilotonne CO2 Equivalent
Hungary,2012,1184.63413628766,HFC Emissions,Kilotonne CO2 Equivalent
Hungary,2011,1345.29450693186,HFC Emissions,Kilotonne CO2 Equivalent
Hungary,2010,1223.00892466918,HFC Emissions,Kilotonne CO2 Equivalent
Hungary,2009,1118.16207549988,HFC Emissions,Kilotonne CO2 Equivalent
Hungary,2008,1163.87453384613,HFC Emissions,Kilotonne CO2 Equivalent
Hungary,2007,1033.27019656279,HFC Emissions,Kilotonne CO2 Equivalent
Hungary,2006,948.667606663176,HFC Emissions,Kilotonne CO2 Equivalent
Hungary,2005,804.015080509621,HFC Emissions,Kilotonne CO2 Equivalent
Hungary,2004,704.416274222243,HFC Emissions,Kilotonne CO2 Equivalent
Hungary,2003,579.923813000475,HFC Emissions,Kilotonne CO2 Equivalent
Hungary,2002,447.150731657364,HFC Emissions,Kilotonne CO2 Equivalent
Hungary,2001,355.943922795488,HFC Emissions,Kilotonne CO2 Equivalent
Hungary,2000,273.441768424328,HFC Emissions,Kilotonne CO2 Equivalent
Hungary,1999,373.004875213474,HFC Emissions,Kilotonne CO2 Equivalent
Hungary,1998,202.777663046885,HFC Emissions,Kilotonne CO2 Equivalent
Hungary,1997,120.842801619565,HFC Emissions,Kilotonne CO2 Equivalent
Hungary,1996,54.5058633679513,HFC Emissions,Kilotonne CO2 Equivalent
Hungary,1995,41.6483824274889,HFC Emissions,Kilotonne CO2 Equivalent
Hungary,1994,18.5782736540737,HFC Emissions,Kilotonne CO2 Equivalent
Hungary,1993,3.71454036870409,HFC Emissions,Kilotonne CO2 Equivalent
Hungary,1992,3.71454036870409,HFC Emissions,Kilotonne CO2 Equivalent
Iceland,2014,162.92430942505,HFC Emissions,Kilotonne CO2 Equivalent
Iceland,2013,169.59699994519,HFC Emissions,Kilotonne CO2 Equivalent
Iceland,2012,173.364013138927,HFC Emissions,Kilotonne CO2 Equivalent
Iceland,2011,146.135568475016,HFC Emissions,Kilotonne CO2 Equivalent
Iceland,2010,148.74450609698,HFC Emissions,Kilotonne CO2 Equivalent
Iceland,2009,114.162503634959,HFC Emissions,Kilotonne CO2 Equivalent
Iceland,2008,85.0063343289147,HFC Emissions,Kilotonne CO2 Equivalent
Iceland,2007,74.0507553989458,HFC Emissions,Kilotonne CO2 Equivalent
Iceland,2006,70.2712220540477,HFC Emissions,Kilotonne CO2 Equivalent
Iceland,2005,69.9839180702913,HFC Emissions,Kilotonne CO2 Equivalent
Iceland,2004,60.2484921101631,HFC Emissions,Kilotonne CO2 Equivalent
Iceland,2003,56.7371434698678,HFC Emissions,Kilotonne CO2 Equivalent
Iceland,2002,46.0761384422012,HFC Emissions,Kilotonne CO2 Equivalent
Iceland,2001,48.6416260272348,HFC Emissions,Kilotonne CO2 Equivalent
Iceland,2000,43.2426842242686,HFC Emissions,Kilotonne CO2 Equivalent
Iceland,1999,48.8270751799535,HFC Emissions,Kilotonne CO2 Equivalent
Iceland,1998,43.211936923695,HFC Emissions,Kilotonne CO2 Equivalent
Iceland,1997,28.7593384968544,HFC Emissions,Kilotonne CO2 Equivalent
Iceland,1996,18.5930123882754,HFC Emissions,Kilotonne CO2 Equivalent
Iceland,1995,10.225737920955,HFC Emissions,Kilotonne CO2 Equivalent
Iceland,1994,2.33844807470778,HFC Emissions,Kilotonne CO2 Equivalent
Iceland,1993,1.464132459075,HFC Emissions,Kilotonne CO2 Equivalent
Ireland,2014,1155.41752706007,HFC Emissions,Kilotonne CO2 Equivalent
Ireland,2013,1070.05099048529,HFC Emissions,Kilotonne CO2 Equivalent
Ireland,2012,948.642331332965,HFC Emissions,Kilotonne CO2 Equivalent
Ireland,2011,955.223938791502,HFC Emissions,Kilotonne CO2 Equivalent
Ireland,2010,932.076700397207,HFC Emissions,Kilotonne CO2 Equivalent
Ireland,2009,915.143219255534,HFC Emissions,Kilotonne CO2 Equivalent
Ireland,2008,845.809066102674,HFC Emissions,Kilotonne CO2 Equivalent
Ireland,2007,906.281947800536,HFC Emissions,Kilotonne CO2 Equivalent
Ireland,2006,899.157653372687,HFC Emissions,Kilotonne CO2 Equivalent
Ireland,2005,678.876666024681,HFC Emissions,Kilotonne CO2 Equivalent
Ireland,2004,682.541885960001,HFC Emissions,Kilotonne CO2 Equivalent
Ireland,2003,685.723996004295,HFC Emissions,Kilotonne CO2 Equivalent
Ireland,2002,607.010126712402,HFC Emissions,Kilotonne CO2 Equivalent
Ireland,2001,590.20198186391,HFC Emissions,Kilotonne CO2 Equivalent
Ireland,2000,456.662283846277,HFC Emissions,Kilotonne CO2 Equivalent
Ireland,1999,376.407400249996,HFC Emissions,Kilotonne CO2 Equivalent
Ireland,1998,374.287879044696,HFC Emissions,Kilotonne CO2 Equivalent
Ireland,1997,283.85915921323,HFC Emissions,Kilotonne CO2 Equivalent
Ireland,1996,171.065114228286,HFC Emissions,Kilotonne CO2 Equivalent
Ireland,1995,103.190244294911,HFC Emissions,Kilotonne CO2 Equivalent
Ireland,1994,10.9563290116968,HFC Emissions,Kilotonne CO2 Equivalent
Ireland,1993,3.59107427373691,HFC Emissions,Kilotonne CO2 Equivalent
Ireland,1992,1.65460506186319,HFC Emissions,Kilotonne CO2 Equivalent
Ireland,1991,1.40711876279489,HFC Emissions,Kilotonne CO2 Equivalent
Ireland,1990,1.23409233310224,HFC Emissions,Kilotonne CO2 Equivalent
Italy,2014,11977.713702619,HFC Emissions,Kilotonne CO2 Equivalent
Italy,2013,11501.961494293,HFC Emissions,Kilotonne CO2 Equivalent
Italy,2012,10844.3500062769,HFC Emissions,Kilotonne CO2 Equivalent
Italy,2011,10326.3785904328,HFC Emissions,Kilotonne CO2 Equivalent
Italy,2010,9725.27307577869,HFC Emissions,Kilotonne CO2 Equivalent
Italy,2009,9094.78938328605,HFC Emissions,Kilotonne CO2 Equivalent
Italy,2008,8379.19866672924,HFC Emissions,Kilotonne CO2 Equivalent
Italy,2007,7649.88186830627,HFC Emissions,Kilotonne CO2 Equivalent
Italy,2006,6810.98076763433,HFC Emissions,Kilotonne CO2 Equivalent
Italy,2005,5998.31858684497,HFC Emissions,Kilotonne CO2 Equivalent
Italy,2004,5122.70631063918,HFC Emissions,Kilotonne CO2 Equivalent
Italy,2003,4281.46004202424,HFC Emissions,Kilotonne CO2 Equivalent
Italy,2002,3466.47580508128,HFC Emissions,Kilotonne CO2 Equivalent
Italy,2001,2735.60788065263,HFC Emissions,Kilotonne CO2 Equivalent
Italy,2000,2098.1573692364,HFC Emissions,Kilotonne CO2 Equivalent
Italy,1999,1956.02768660526,HFC Emissions,Kilotonne CO2 Equivalent
Italy,1998,1476.80007576382,HFC Emissions,Kilotonne CO2 Equivalent
Italy,1997,957.973264864718,HFC Emissions,Kilotonne CO2 Equivalent
Italy,1996,551.050451038267,HFC Emissions,Kilotonne CO2 Equivalent
Italy,1995,813.440876179556,HFC Emissions,Kilotonne CO2 Equivalent
Italy,1994,588.826127804444,HFC Emissions,Kilotonne CO2 Equivalent
Italy,1993,449.278843733333,HFC Emissions,Kilotonne CO2 Equivalent
Italy,1992,453.398078222222,HFC Emissions,Kilotonne CO2 Equivalent
Italy,1991,449.297351111111,HFC Emissions,Kilotonne CO2 Equivalent
Italy,1990,444.0,HFC Emissions,Kilotonne CO2 Equivalent
Japan,2014,35784.9434523257,HFC Emissions,Kilotonne CO2 Equivalent
Japan,2013,32087.655774418,HFC Emissions,Kilotonne CO2 Equivalent
Japan,2012,29348.3866186668,HFC Emissions,Kilotonne CO2 Equivalent
Japan,2011,26071.1982844377,HFC Emissions,Kilotonne CO2 Equivalent
Japan,2010,23304.9690842262,HFC Emissions,Kilotonne CO2 Equivalent
Japan,2009,20937.1092927225,HFC Emissions,Kilotonne CO2 Equivalent
Japan,2008,19284.8217975952,HFC Emissions,Kilotonne CO2 Equivalent
Japan,2007,16707.0682779207,HFC Emissions,Kilotonne CO2 Equivalent
Japan,2006,14626.9571482769,HFC Emissions,Kilotonne CO2 Equivalent
Japan,2005,12781.7375075383,HFC Emissions,Kilotonne CO2 Equivalent
Japan,2004,12420.8107871239,HFC Emissions,Kilotonne CO2 Equivalent
Japan,2003,16228.3222314537,HFC Emissions,Kilotonne CO2 Equivalent
Japan,2002,16236.2858345722,HFC Emissions,Kilotonne CO2 Equivalent
Japan,2001,19462.3383671019,HFC Emissions,Kilotonne CO2 Equivalent
Japan,2000,22851.8636870797,HFC Emissions,Kilotonne CO2 Equivalent
Japan,1999,24368.0585435245,HFC Emissions,Kilotonne CO2 Equivalent
Japan,1998,23741.8794201834,HFC Emissions,Kilotonne CO2 Equivalent
Japan,1997,24436.5264513971,HFC Emissions,Kilotonne CO2 Equivalent
Japan,1996,24597.8641568492,HFC Emissions,Kilotonne CO2 Equivalent
Japan,1995,25213.125254391,HFC Emissions,Kilotonne CO2 Equivalent
Japan,1994,21051.8952130351,HFC Emissions,Kilotonne CO2 Equivalent
Japan,1993,18129.15828489,HFC Emissions,Kilotonne CO2 Equivalent
Japan,1992,17767.2240356469,HFC Emissions,Kilotonne CO2 Equivalent
Japan,1991,17349.6129448632,HFC Emissions,Kilotonne CO2 Equivalent
Japan,1990,15932.3098610065,HFC Emissions,Kilotonne CO2 Equivalent
Latvia,2014,212.063871159636,HFC Emissions,Kilotonne CO2 Equivalent
Latvia,2013,204.353363501071,HFC Emissions,Kilotonne CO2 Equivalent
Latvia,2012,190.207896850381,HFC Emissions,Kilotonne CO2 Equivalent
Latvia,2011,184.972517309541,HFC Emissions,Kilotonne CO2 Equivalent
Latvia,2010,164.417652418235,HFC Emissions,Kilotonne CO2 Equivalent
Latvia,2009,152.138590910531,HFC Emissions,Kilotonne CO2 Equivalent
Latvia,2008,142.01922610802,HFC Emissions,Kilotonne CO2 Equivalent
Latvia,2007,123.586952647033,HFC Emissions,Kilotonne CO2 Equivalent
Latvia,2006,98.086850525309,HFC Emissions,Kilotonne CO2 Equivalent
Latvia,2005,63.4773640814357,HFC Emissions,Kilotonne CO2 Equivalent
Latvia,2004,47.5387135790823,HFC Emissions,Kilotonne CO2 Equivalent
Latvia,2003,31.18425198861,HFC Emissions,Kilotonne CO2 Equivalent
Latvia,2002,27.2030886758681,HFC Emissions,Kilotonne CO2 Equivalent
Latvia,2001,23.9245928177286,HFC Emissions,Kilotonne CO2 Equivalent
Latvia,2000,20.4570997020826,HFC Emissions,Kilotonne CO2 Equivalent
Latvia,1999,17.0669956323628,HFC Emissions,Kilotonne CO2 Equivalent
Latvia,1998,15.330161580305,HFC Emissions,Kilotonne CO2 Equivalent
Latvia,1997,12.7283681866556,HFC Emissions,Kilotonne CO2 Equivalent
Latvia,1996,12.586220143499,HFC Emissions,Kilotonne CO2 Equivalent
Latvia,1995,11.5016279991938,HFC Emissions,Kilotonne CO2 Equivalent
Liechtenstein,2014,12.1466596062458,HFC Emissions,Kilotonne CO2 Equivalent
Liechtenstein,2013,11.9508379224311,HFC Emissions,Kilotonne CO2 Equivalent
Liechtenstein,2012,11.4988439840028,HFC Emissions,Kilotonne CO2 Equivalent
Liechtenstein,2011,10.770146159739,HFC Emissions,Kilotonne CO2 Equivalent
Liechtenstein,2010,10.2500525697453,HFC Emissions,Kilotonne CO2 Equivalent
Liechtenstein,2009,9.3410475106414,HFC Emissions,Kilotonne CO2 Equivalent
Liechtenstein,2008,9.1907279775217,HFC Emissions,Kilotonne CO2 Equivalent
Liechtenstein,2007,8.49400444140542,HFC Emissions,Kilotonne CO2 Equivalent
Liechtenstein,2006,7.8145503445168,HFC Emissions,Kilotonne CO2 Equivalent
Liechtenstein,2005,7.36154383025912,HFC Emissions,Kilotonne CO2 Equivalent
Liechtenstein,2004,6.96206085889234,HFC Emissions,Kilotonne CO2 Equivalent
Liechtenstein,2003,6.12854893092129,HFC Emissions,Kilotonne CO2 Equivalent
Liechtenstein,2002,5.47120399789924,HFC Emissions,Kilotonne CO2 Equivalent
Liechtenstein,2001,4.9356520871727,HFC Emissions,Kilotonne CO2 Equivalent
Liechtenstein,2000,4.10347221113633,HFC Emissions,Kilotonne CO2 Equivalent
Liechtenstein,1999,3.34323851753229,HFC Emissions,Kilotonne CO2 Equivalent
Liechtenstein,1998,2.7348908256102,HFC Emissions,Kilotonne CO2 Equivalent
Liechtenstein,1997,2.11391962125804,HFC Emissions,Kilotonne CO2 Equivalent
Liechtenstein,1996,1.71782472614808,HFC Emissions,Kilotonne CO2 Equivalent
Liechtenstein,1995,1.35253391305614,HFC Emissions,Kilotonne CO2 Equivalent
Liechtenstein,1994,0.51373349741604,HFC Emissions,Kilotonne CO2 Equivalent
Liechtenstein,1993,0.20081994161834,HFC Emissions,Kilotonne CO2 Equivalent
Liechtenstein,1992,0.08826257370904,HFC Emissions,Kilotonne CO2 Equivalent
Liechtenstein,1991,0.00988335271844,HFC Emissions,Kilotonne CO2 Equivalent
Liechtenstein,1990,0.00010441014408,HFC Emissions,Kilotonne CO2 Equivalent
Lithuania,2014,449.479787954753,HFC Emissions,Kilotonne CO2 Equivalent
Lithuania,2013,405.146292558062,HFC Emissions,Kilotonne CO2 Equivalent
Lithuania,2012,351.030836731706,HFC Emissions,Kilotonne CO2 Equivalent
Lithuania,2011,306.537871326092,HFC Emissions,Kilotonne CO2 Equivalent
Lithuania,2010,259.515570373161,HFC Emissions,Kilotonne CO2 Equivalent
Lithuania,2009,216.114372129379,HFC Emissions,Kilotonne CO2 Equivalent
Lithuania,2008,194.551173811246,HFC Emissions,Kilotonne CO2 Equivalent
Lithuania,2007,155.887743489015,HFC Emissions,Kilotonne CO2 Equivalent
Lithuania,2006,120.017532109789,HFC Emissions,Kilotonne CO2 Equivalent
Lithuania,2005,90.3089038682215,HFC Emissions,Kilotonne CO2 Equivalent
Lithuania,2004,69.0968007721433,HFC Emissions,Kilotonne CO2 Equivalent
Lithuania,2003,47.879988507998,HFC Emissions,Kilotonne CO2 Equivalent
Lithuania,2002,36.4085334219604,HFC Emissions,Kilotonne CO2 Equivalent
Lithuania,2001,28.5939993452548,HFC Emissions,Kilotonne CO2 Equivalent
Lithuania,2000,22.0831987915634,HFC Emissions,Kilotonne CO2 Equivalent
Lithuania,1999,17.5034231599214,HFC Emissions,Kilotonne CO2 Equivalent
Lithuania,1998,13.901545928548,HFC Emissions,Kilotonne CO2 Equivalent
Lithuania,1997,10.2196476847356,HFC Emissions,Kilotonne CO2 Equivalent
Lithuania,1996,7.68397471124582,HFC Emissions,Kilotonne CO2 Equivalent
Lithuania,1995,6.21273748928879,HFC Emissions,Kilotonne CO2 Equivalent
Lithuania,1994,0.0927602556,HFC Emissions,Kilotonne CO2 Equivalent
Lithuania,1993,0.0278729208,HFC Emissions,Kilotonne CO2 Equivalent
Luxembourg,2014,66.0766879932841,HFC Emissions,Kilotonne CO2 Equivalent
Luxembourg,2013,61.1682222954284,HFC Emissions,Kilotonne CO2 Equivalent
Luxembourg,2012,57.5311209234314,HFC Emissions,Kilotonne CO2 Equivalent
Luxembourg,2011,55.1934051673942,HFC Emissions,Kilotonne CO2 Equivalent
Luxembourg,2010,52.3280715195735,HFC Emissions,Kilotonne CO2 Equivalent
Luxembourg,2009,49.6739784175824,HFC Emissions,Kilotonne CO2 Equivalent
Luxembourg,2008,48.8091049327359,HFC Emissions,Kilotonne CO2 Equivalent
Luxembourg,2007,46.4557997620297,HFC Emissions,Kilotonne CO2 Equivalent
Luxembourg,2006,41.8772018488634,HFC Emissions,Kilotonne CO2 Equivalent
Luxembourg,2005,38.9949016952827,HFC Emissions,Kilotonne CO2 Equivalent
Luxembourg,2004,39.9933233156594,HFC Emissions,Kilotonne CO2 Equivalent
Luxembourg,2003,37.9345721026588,HFC Emissions,Kilotonne CO2 Equivalent
Luxembourg,2002,35.6494433937906,HFC Emissions,Kilotonne CO2 Equivalent
Luxembourg,2001,32.8475785249045,HFC Emissions,Kilotonne CO2 Equivalent
Luxembourg,2000,28.9816074404627,HFC Emissions,Kilotonne CO2 Equivalent
Luxembourg,1999,26.2454104674468,HFC Emissions,Kilotonne CO2 Equivalent
Luxembourg,1998,24.4518969244807,HFC Emissions,Kilotonne CO2 Equivalent
Luxembourg,1997,22.0471605789675,HFC Emissions,Kilotonne CO2 Equivalent
Luxembourg,1996,19.6322953370298,HFC Emissions,Kilotonne CO2 Equivalent
Luxembourg,1995,17.9033491991708,HFC Emissions,Kilotonne CO2 Equivalent
Luxembourg,1994,15.9789225126344,HFC Emissions,Kilotonne CO2 Equivalent
Luxembourg,1993,14.6976863369836,HFC Emissions,Kilotonne CO2 Equivalent
Luxembourg,1992,13.6806908058016,HFC Emissions,Kilotonne CO2 Equivalent
Luxembourg,1991,0.0011678141475,HFC Emissions,Kilotonne CO2 Equivalent
Luxembourg,1990,7.15e-05,HFC Emissions,Kilotonne CO2 Equivalent
Malta,2014,233.784277903461,HFC Emissions,Kilotonne CO2 Equivalent
Malta,2013,218.330530876193,HFC Emissions,Kilotonne CO2 Equivalent
Malta,2012,200.930113967747,HFC Emissions,Kilotonne CO2 Equivalent
Malta,2011,167.744424973654,HFC Emissions,Kilotonne CO2 Equivalent
Malta,2010,144.495203602493,HFC Emissions,Kilotonne CO2 Equivalent
Malta,2009,132.768178643846,HFC Emissions,Kilotonne CO2 Equivalent
Malta,2008,111.708521589918,HFC Emissions,Kilotonne CO2 Equivalent
Malta,2007,95.5830936860767,HFC Emissions,Kilotonne CO2 Equivalent
Malta,2006,78.4943190080826,HFC Emissions,Kilotonne CO2 Equivalent
Malta,2005,41.115544771912,HFC Emissions,Kilotonne CO2 Equivalent
Malta,2004,27.5364022756943,HFC Emissions,Kilotonne CO2 Equivalent
Malta,2003,17.3511596216619,HFC Emissions,Kilotonne CO2 Equivalent
Malta,2002,14.6629379621564,HFC Emissions,Kilotonne CO2 Equivalent
Malta,2001,9.69281308007176,HFC Emissions,Kilotonne CO2 Equivalent
Malta,2000,3.71971962315223,HFC Emissions,Kilotonne CO2 Equivalent
Malta,1999,0.01127198139642,HFC Emissions,Kilotonne CO2 Equivalent
Malta,1998,0.00751933941466,HFC Emissions,Kilotonne CO2 Equivalent
Malta,1997,0.00470204555132,HFC Emissions,Kilotonne CO2 Equivalent
Malta,1996,0.0028229142942,HFC Emissions,Kilotonne CO2 Equivalent
Malta,1995,0.0018847686,HFC Emissions,Kilotonne CO2 Equivalent
Malta,1994,0.0009438,HFC Emissions,Kilotonne CO2 Equivalent
Monaco,2013,9.53623912835153,HFC Emissions,Kilotonne CO2 Equivalent
Monaco,2012,8.27926999480661,HFC Emissions,Kilotonne CO2 Equivalent
Monaco,2011,8.98846362308126,HFC Emissions,Kilotonne CO2 Equivalent
Monaco,2010,8.03400705441001,HFC Emissions,Kilotonne CO2 Equivalent
Monaco,2009,7.83964964108608,HFC Emissions,Kilotonne CO2 Equivalent
Monaco,2008,7.83126471304914,HFC Emissions,Kilotonne CO2 Equivalent
Monaco,2007,7.86987740677532,HFC Emissions,Kilotonne CO2 Equivalent
Monaco,2006,5.84082202810524,HFC Emissions,Kilotonne CO2 Equivalent
Monaco,2005,6.65426834400056,HFC Emissions,Kilotonne CO2 Equivalent
Monaco,2004,6.17801344242055,HFC Emissions,Kilotonne CO2 Equivalent
Monaco,2003,5.29890156502848,HFC Emissions,Kilotonne CO2 Equivalent
Monaco,2002,4.68300665932196,HFC Emissions,Kilotonne CO2 Equivalent
Monaco,2001,3.60079760784367,HFC Emissions,Kilotonne CO2 Equivalent
Monaco,2000,5.6672333238057,HFC Emissions,Kilotonne CO2 Equivalent
Monaco,1999,2.60824248114275,HFC Emissions,Kilotonne CO2 Equivalent
Monaco,1998,2.31116124808006,HFC Emissions,Kilotonne CO2 Equivalent
Monaco,1997,1.51033094886808,HFC Emissions,Kilotonne CO2 Equivalent
Monaco,1996,1.50217817984922,HFC Emissions,Kilotonne CO2 Equivalent
Monaco,1995,0.698369009856,HFC Emissions,Kilotonne CO2 Equivalent
Monaco,1994,0.50919363448216,HFC Emissions,Kilotonne CO2 Equivalent
Monaco,1993,0.44948334885335,HFC Emissions,Kilotonne CO2 Equivalent
Monaco,1992,0.44358992963016,HFC Emissions,Kilotonne CO2 Equivalent
Monaco,1991,0.38651932503437,HFC Emissions,Kilotonne CO2 Equivalent
Monaco,1990,0.37654009653127,HFC Emissions,Kilotonne CO2 Equivalent
Netherlands,2014,2241.15761748707,HFC Emissions,Kilotonne CO2 Equivalent
Netherlands,2013,2234.12779857061,HFC Emissions,Kilotonne CO2 Equivalent
Netherlands,2012,2191.50336427778,HFC Emissions,Kilotonne CO2 Equivalent
Netherlands,2011,2244.1679770456,HFC Emissions,Kilotonne CO2 Equivalent
Netherlands,2010,2484.84342221622,HFC Emissions,Kilotonne CO2 Equivalent
Netherlands,2009,2174.82758924066,HFC Emissions,Kilotonne CO2 Equivalent
Netherlands,2008,2082.44209539599,HFC Emissions,Kilotonne CO2 Equivalent
Netherlands,2007,1989.59643517676,HFC Emissions,Kilotonne CO2 Equivalent
Netherlands,2006,1862.2158477285,HFC Emissions,Kilotonne CO2 Equivalent
Netherlands,2005,1618.73039716429,HFC Emissions,Kilotonne CO2 Equivalent
Netherlands,2004,1801.64550570505,HFC Emissions,Kilotonne CO2 Equivalent
Netherlands,2003,1684.23967704698,HFC Emissions,Kilotonne CO2 Equivalent
Netherlands,2002,1926.79578322871,HFC Emissions,Kilotonne CO2 Equivalent
Netherlands,2001,1811.46647340432,HFC Emissions,Kilotonne CO2 Equivalent
Netherlands,2000,4713.27017045786,HFC Emissions,Kilotonne CO2 Equivalent
Netherlands,1999,5973.60002793951,HFC Emissions,Kilotonne CO2 Equivalent
Netherlands,1998,11549.2094779801,HFC Emissions,Kilotonne CO2 Equivalent
Netherlands,1997,10188.4732960192,HFC Emissions,Kilotonne CO2 Equivalent
Netherlands,1996,9590.24346792922,HFC Emissions,Kilotonne CO2 Equivalent
Netherlands,1995,7570.52654128528,HFC Emissions,Kilotonne CO2 Equivalent
Netherlands,1994,8159.28363722576,HFC Emissions,Kilotonne CO2 Equivalent
Netherlands,1993,6311.61511,HFC Emissions,Kilotonne CO2 Equivalent
Netherlands,1992,5621.292034,HFC Emissions,Kilotonne CO2 Equivalent
Netherlands,1991,4366.074,HFC Emissions,Kilotonne CO2 Equivalent
Netherlands,1990,5606.3288,HFC Emissions,Kilotonne CO2 Equivalent
New Zealand,2014,1517.22797429,HFC Emissions,Kilotonne CO2 Equivalent
New Zealand,2013,1518.4487585885,HFC Emissions,Kilotonne CO2 Equivalent
New Zealand,2012,1474.5943229125,HFC Emissions,Kilotonne CO2 Equivalent
New Zealand,2011,1479.425952727,HFC Emissions,Kilotonne CO2 Equivalent
New Zealand,2010,1162.5744643025,HFC Emissions,Kilotonne CO2 Equivalent
New Zealand,2009,1095.7966787515,HFC Emissions,Kilotonne CO2 Equivalent
New Zealand,2008,1045.8525963345,HFC Emissions,Kilotonne CO2 Equivalent
New Zealand,2007,967.3103103525,HFC Emissions,Kilotonne CO2 Equivalent
New Zealand,2006,838.0692772765,HFC Emissions,Kilotonne CO2 Equivalent
New Zealand,2005,745.6386440485,HFC Emissions,Kilotonne CO2 Equivalent
New Zealand,2004,680.694666532,HFC Emissions,Kilotonne CO2 Equivalent
New Zealand,2003,651.086102465,HFC Emissions,Kilotonne CO2 Equivalent
New Zealand,2002,485.419802786,HFC Emissions,Kilotonne CO2 Equivalent
New Zealand,2001,307.6002101545,HFC Emissions,Kilotonne CO2 Equivalent
New Zealand,2000,252.8987617955,HFC Emissions,Kilotonne CO2 Equivalent
New Zealand,1999,255.9831976,HFC Emissions,Kilotonne CO2 Equivalent
New Zealand,1998,156.0099056915,HFC Emissions,Kilotonne CO2 Equivalent
New Zealand,1997,132.5064696275,HFC Emissions,Kilotonne CO2 Equivalent
New Zealand,1996,128.1052632625,HFC Emissions,Kilotonne CO2 Equivalent
New Zealand,1995,57.8470484425,HFC Emissions,Kilotonne CO2 Equivalent
New Zealand,1994,18.549829601,HFC Emissions,Kilotonne CO2 Equivalent
New Zealand,1993,0.1716,HFC Emissions,Kilotonne CO2 Equivalent
New Zealand,1992,0.0429,HFC Emissions,Kilotonne CO2 Equivalent
Norway,2014,1187.55106145532,HFC Emissions,Kilotonne CO2 Equivalent
Norway,2013,1155.09514199614,HFC Emissions,Kilotonne CO2 Equivalent
Norway,2012,1140.96999200486,HFC Emissions,Kilotonne CO2 Equivalent
Norway,2011,1105.88675600444,HFC Emissions,Kilotonne CO2 Equivalent
Norway,2010,1064.59973300029,HFC Emissions,Kilotonne CO2 Equivalent
Norway,2009,856.146427697702,HFC Emissions,Kilotonne CO2 Equivalent
Norway,2008,806.139552937448,HFC Emissions,Kilotonne CO2 Equivalent
Norway,2007,715.382599501865,HFC Emissions,Kilotonne CO2 Equivalent
Norway,2006,678.091578728714,HFC Emissions,Kilotonne CO2 Equivalent
Norway,2005,614.391364491026,HFC Emissions,Kilotonne CO2 Equivalent
Norway,2004,597.303653769519,HFC Emissions,Kilotonne CO2 Equivalent
Norway,2003,557.829130911512,HFC Emissions,Kilotonne CO2 Equivalent
Norway,2002,578.470730617256,HFC Emissions,Kilotonne CO2 Equivalent
Norway,2001,473.591877740901,HFC Emissions,Kilotonne CO2 Equivalent
Norway,2000,383.589151587488,HFC Emissions,Kilotonne CO2 Equivalent
Norway,1999,316.365282795911,HFC Emissions,Kilotonne CO2 Equivalent
Norway,1998,244.454161738242,HFC Emissions,Kilotonne CO2 Equivalent
Norway,1997,191.936111480466,HFC Emissions,Kilotonne CO2 Equivalent
Norway,1996,130.009389969392,HFC Emissions,Kilotonne CO2 Equivalent
Norway,1995,92.300677732906,HFC Emissions,Kilotonne CO2 Equivalent
Norway,1994,49.8838279999625,HFC Emissions,Kilotonne CO2 Equivalent
Norway,1993,31.6409788000104,HFC Emissions,Kilotonne CO2 Equivalent
Norway,1992,19.9496100199995,HFC Emissions,Kilotonne CO2 Equivalent
Norway,1991,9.9097081969995,HFC Emissions,Kilotonne CO2 Equivalent
Norway,1990,0.043896921,HFC Emissions,Kilotonne CO2 Equivalent
Poland,2014,8586.93099752278,HFC Emissions,Kilotonne CO2 Equivalent
Poland,2013,8091.91898035242,HFC Emissions,Kilotonne CO2 Equivalent
Poland,2012,7720.45274043106,HFC Emissions,Kilotonne CO2 Equivalent
Poland,2011,7449.6134070928,HFC Emissions,Kilotonne CO2 Equivalent
Poland,2010,6782.77456101354,HFC Emissions,Kilotonne CO2 Equivalent
Poland,2009,6098.20121815902,HFC Emissions,Kilotonne CO2 Equivalent
Poland,2008,6088.80616974721,HFC Emissions,Kilotonne CO2 Equivalent
Poland,2007,5742.2954422553,HFC Emissions,Kilotonne CO2 Equivalent
Poland,2006,5140.54958973487,HFC Emissions,Kilotonne CO2 Equivalent
Poland,2005,4471.061431338,HFC Emissions,Kilotonne CO2 Equivalent
Poland,2004,3647.55422581431,HFC Emissions,Kilotonne CO2 Equivalent
Poland,2003,2992.32614167878,HFC Emissions,Kilotonne CO2 Equivalent
Poland,2002,2420.25701950106,HFC Emissions,Kilotonne CO2 Equivalent
Poland,2001,1839.66585225867,HFC Emissions,Kilotonne CO2 Equivalent
Poland,2000,1280.82610048875,HFC Emissions,Kilotonne CO2 Equivalent
Poland,1999,673.37715769634,HFC Emissions,Kilotonne CO2 Equivalent
Poland,1998,462.22828650224,HFC Emissions,Kilotonne CO2 Equivalent
Poland,1997,373.92872266228,HFC Emissions,Kilotonne CO2 Equivalent
Poland,1996,228.40582204828,HFC Emissions,Kilotonne CO2 Equivalent
Poland,1995,97.3435569192,HFC Emissions,Kilotonne CO2 Equivalent
Portugal,2014,2439.3050815754,HFC Emissions,Kilotonne CO2 Equivalent
Portugal,2013,2309.50077353087,HFC Emissions,Kilotonne CO2 Equivalent
Portugal,2012,2165.80494246783,HFC Emissions,Kilotonne CO2 Equivalent
Portugal,2011,2050.62498136657,HFC Emissions,Kilotonne CO2 Equivalent
Portugal,2010,1909.74038472559,HFC Emissions,Kilotonne CO2 Equivalent
Portugal,2009,1763.33936842818,HFC Emissions,Kilotonne CO2 Equivalent
Portugal,2008,1569.10606682585,HFC Emissions,Kilotonne CO2 Equivalent
Portugal,2007,1320.69100943632,HFC Emissions,Kilotonne CO2 Equivalent
Portugal,2006,1087.60225078355,HFC Emissions,Kilotonne CO2 Equivalent
Portugal,2005,906.369105166232,HFC Emissions,Kilotonne CO2 Equivalent
Portugal,2004,731.408096327626,HFC Emissions,Kilotonne CO2 Equivalent
Portugal,2003,616.705342823917,HFC Emissions,Kilotonne CO2 Equivalent
Portugal,2002,481.229440947543,HFC Emissions,Kilotonne CO2 Equivalent
Portugal,2001,365.109145879174,HFC Emissions,Kilotonne CO2 Equivalent
Portugal,2000,281.224273441173,HFC Emissions,Kilotonne CO2 Equivalent
Portugal,1999,211.771252635068,HFC Emissions,Kilotonne CO2 Equivalent
Portugal,1998,146.234134776963,HFC Emissions,Kilotonne CO2 Equivalent
Portugal,1997,100.88452104776,HFC Emissions,Kilotonne CO2 Equivalent
Portugal,1996,59.0512622629464,HFC Emissions,Kilotonne CO2 Equivalent
Portugal,1995,35.4200480990794,HFC Emissions,Kilotonne CO2 Equivalent
Romania,2014,1373.27619594984,HFC Emissions,Kilotonne CO2 Equivalent
Romania,2013,1298.59486038888,HFC Emissions,Kilotonne CO2 Equivalent
Romania,2012,1197.4339631475,HFC Emissions,Kilotonne CO2 Equivalent
Romania,2011,1092.23793704097,HFC Emissions,Kilotonne CO2 Equivalent
Romania,2010,982.4648959366,HFC Emissions,Kilotonne CO2 Equivalent
Romania,2009,924.424495839208,HFC Emissions,Kilotonne CO2 Equivalent
Romania,2008,946.94509060053,HFC Emissions,Kilotonne CO2 Equivalent
Romania,2007,665.629414843048,HFC Emissions,Kilotonne CO2 Equivalent
Romania,2006,484.198745910485,HFC Emissions,Kilotonne CO2 Equivalent
Romania,2005,368.908308524474,HFC Emissions,Kilotonne CO2 Equivalent
Romania,2004,293.933728396381,HFC Emissions,Kilotonne CO2 Equivalent
Romania,2003,228.748298822658,HFC Emissions,Kilotonne CO2 Equivalent
Romania,2002,168.16060570066,HFC Emissions,Kilotonne CO2 Equivalent
Romania,2001,112.874177660051,HFC Emissions,Kilotonne CO2 Equivalent
Romania,2000,70.8150467786572,HFC Emissions,Kilotonne CO2 Equivalent
Romania,1999,39.7271833843805,HFC Emissions,Kilotonne CO2 Equivalent
Romania,1998,23.8780605563935,HFC Emissions,Kilotonne CO2 Equivalent
Romania,1997,10.3601905678188,HFC Emissions,Kilotonne CO2 Equivalent
Romania,1996,4.72378228524326,HFC Emissions,Kilotonne CO2 Equivalent
Romania,1995,2.52603566422256,HFC Emissions,Kilotonne CO2 Equivalent
Romania,1994,1.19943428777119,HFC Emissions,Kilotonne CO2 Equivalent
Romania,1993,0.72557471173243,HFC Emissions,Kilotonne CO2 Equivalent
Romania,1992,0.44593471938154,HFC Emissions,Kilotonne CO2 Equivalent
Romania,1991,0.28668813826203,HFC Emissions,Kilotonne CO2 Equivalent
Romania,1990,0.18119293223939,HFC Emissions,Kilotonne CO2 Equivalent
Russian Federation,2014,24149.0718155874,HFC Emissions,Kilotonne CO2 Equivalent
Russian Federation,2013,21503.2502962644,HFC Emissions,Kilotonne CO2 Equivalent
Russian Federation,2012,17648.850297369,HFC Emissions,Kilotonne CO2 Equivalent
Russian Federation,2011,11309.9038212035,HFC Emissions,Kilotonne CO2 Equivalent
Russian Federation,2010,13421.6122390294,HFC Emissions,Kilotonne CO2 Equivalent
Russian Federation,2009,12514.1099677913,HFC Emissions,Kilotonne CO2 Equivalent
Russian Federation,2008,17934.2776173175,HFC Emissions,Kilotonne CO2 Equivalent
Russian Federation,2007,16857.9950497273,HFC Emissions,Kilotonne CO2 Equivalent
Russian Federation,2006,18026.7121398838,HFC Emissions,Kilotonne CO2 Equivalent
Russian Federation,2005,19813.7903082148,HFC Emissions,Kilotonne CO2 Equivalent
Russian Federation,2004,18416.2198323824,HFC Emissions,Kilotonne CO2 Equivalent
Russian Federation,2003,14612.7516815278,HFC Emissions,Kilotonne CO2 Equivalent
Russian Federation,2002,19302.0722630626,HFC Emissions,Kilotonne CO2 Equivalent
Russian Federation,2001,25208.8051647327,HFC Emissions,Kilotonne CO2 Equivalent
Russian Federation,2000,26569.6768412658,HFC Emissions,Kilotonne CO2 Equivalent
Russian Federation,1999,22672.1806452837,HFC Emissions,Kilotonne CO2 Equivalent
Russian Federation,1998,21834.2957949383,HFC Emissions,Kilotonne CO2 Equivalent
Russian Federation,1997,18009.6068129631,HFC Emissions,Kilotonne CO2 Equivalent
Russian Federation,1996,13611.0757080152,HFC Emissions,Kilotonne CO2 Equivalent
Russian Federation,1995,15447.3214609136,HFC Emissions,Kilotonne CO2 Equivalent
Russian Federation,1994,15469.6355295884,HFC Emissions,Kilotonne CO2 Equivalent
Russian Federation,1993,18278.4100904389,HFC Emissions,Kilotonne CO2 Equivalent
Russian Federation,1992,28192.1402495568,HFC Emissions,Kilotonne CO2 Equivalent
Russian Federation,1991,34229.660541312,HFC Emissions,Kilotonne CO2 Equivalent
Russian Federation,1990,35937.158805248,HFC Emissions,Kilotonne CO2 Equivalent
Slovakia,2014,546.015523821864,HFC Emissions,Kilotonne CO2 Equivalent
Slovakia,2013,535.192332482989,HFC Emissions,Kilotonne CO2 Equivalent
Slovakia,2012,530.053001611878,HFC Emissions,Kilotonne CO2 Equivalent
Slovakia,2011,521.856075102875,HFC Emissions,Kilotonne CO2 Equivalent
Slovakia,2010,529.678546651399,HFC Emissions,Kilotonne CO2 Equivalent
Slovakia,2009,441.626979457085,HFC Emissions,Kilotonne CO2 Equivalent
Slovakia,2008,386.228973506857,HFC Emissions,Kilotonne CO2 Equivalent
Slovakia,2007,325.441077409888,HFC Emissions,Kilotonne CO2 Equivalent
Slovakia,2006,282.673378463673,HFC Emissions,Kilotonne CO2 Equivalent
Slovakia,2005,240.673762562375,HFC Emissions,Kilotonne CO2 Equivalent
Slovakia,2004,208.943018275412,HFC Emissions,Kilotonne CO2 Equivalent
Slovakia,2003,175.018468474779,HFC Emissions,Kilotonne CO2 Equivalent
Slovakia,2002,146.229947524467,HFC Emissions,Kilotonne CO2 Equivalent
Slovakia,2001,112.83353516956,HFC Emissions,Kilotonne CO2 Equivalent
Slovakia,2000,84.7255503779299,HFC Emissions,Kilotonne CO2 Equivalent
Slovakia,1999,61.6349706420788,HFC Emissions,Kilotonne CO2 Equivalent
Slovakia,1998,42.6214850222873,HFC Emissions,Kilotonne CO2 Equivalent
Slovakia,1997,32.3852854459489,HFC Emissions,Kilotonne CO2 Equivalent
Slovakia,1996,22.2312301835423,HFC Emissions,Kilotonne CO2 Equivalent
Slovakia,1995,10.4907173871421,HFC Emissions,Kilotonne CO2 Equivalent
Slovakia,1994,0.1958936,HFC Emissions,Kilotonne CO2 Equivalent
Slovenia,2014,323.824130879435,HFC Emissions,Kilotonne CO2 Equivalent
Slovenia,2013,301.922716833091,HFC Emissions,Kilotonne CO2 Equivalent
Slovenia,2012,291.47582668555,HFC Emissions,Kilotonne CO2 Equivalent
Slovenia,2011,278.727158538627,HFC Emissions,Kilotonne CO2 Equivalent
Slovenia,2010,263.905156533705,HFC Emissions,Kilotonne CO2 Equivalent
Slovenia,2009,248.394541385089,HFC Emissions,Kilotonne CO2 Equivalent
Slovenia,2008,230.515321849832,HFC Emissions,Kilotonne CO2 Equivalent
Slovenia,2007,210.767517433336,HFC Emissions,Kilotonne CO2 Equivalent
Slovenia,2006,184.281880456854,HFC Emissions,Kilotonne CO2 Equivalent
Slovenia,2005,156.150707888707,HFC Emissions,Kilotonne CO2 Equivalent
Slovenia,2004,130.198036732986,HFC Emissions,Kilotonne CO2 Equivalent
Slovenia,2003,107.952752245349,HFC Emissions,Kilotonne CO2 Equivalent
Slovenia,2002,78.6132406344576,HFC Emissions,Kilotonne CO2 Equivalent
Slovenia,2001,62.458994001131,HFC Emissions,Kilotonne CO2 Equivalent
Slovenia,2000,50.0405861747345,HFC Emissions,Kilotonne CO2 Equivalent
Slovenia,1999,36.7407335198879,HFC Emissions,Kilotonne CO2 Equivalent
Slovenia,1998,37.6937452686313,HFC Emissions,Kilotonne CO2 Equivalent
Slovenia,1997,41.3347783600447,HFC Emissions,Kilotonne CO2 Equivalent
Slovenia,1996,34.7990647452631,HFC Emissions,Kilotonne CO2 Equivalent
Slovenia,1995,35.8281168326316,HFC Emissions,Kilotonne CO2 Equivalent
Spain,2014,17053.3196602591,HFC Emissions,Kilotonne CO2 Equivalent
Spain,2013,17904.0621083611,HFC Emissions,Kilotonne CO2 Equivalent
Spain,2012,18793.6076126377,HFC Emissions,Kilotonne CO2 Equivalent
Spain,2011,18523.6062903239,HFC Emissions,Kilotonne CO2 Equivalent
Spain,2010,18197.0857090215,HFC Emissions,Kilotonne CO2 Equivalent
Spain,2009,15493.0674815234,HFC Emissions,Kilotonne CO2 Equivalent
Spain,2008,14335.5215426503,HFC Emissions,Kilotonne CO2 Equivalent
Spain,2007,11660.9212635085,HFC Emissions,Kilotonne CO2 Equivalent
Spain,2006,10936.9649530722,HFC Emissions,Kilotonne CO2 Equivalent
Spain,2005,9753.3731585204,HFC Emissions,Kilotonne CO2 Equivalent
Spain,2004,8863.41299250087,HFC Emissions,Kilotonne CO2 Equivalent
Spain,2003,8535.70103446375,HFC Emissions,Kilotonne CO2 Equivalent
Spain,2002,6739.28074152722,HFC Emissions,Kilotonne CO2 Equivalent
Spain,2001,8120.97904792068,HFC Emissions,Kilotonne CO2 Equivalent
Spain,2000,11430.3474858576,HFC Emissions,Kilotonne CO2 Equivalent
Spain,1999,9815.80739130073,HFC Emissions,Kilotonne CO2 Equivalent
Spain,1998,7771.81759284233,HFC Emissions,Kilotonne CO2 Equivalent
Spain,1997,7722.72448127769,HFC Emissions,Kilotonne CO2 Equivalent
Spain,1996,6546.41034880918,HFC Emissions,Kilotonne CO2 Equivalent
Spain,1995,5872.42404894803,HFC Emissions,Kilotonne CO2 Equivalent
Spain,1994,4373.88138999678,HFC Emissions,Kilotonne CO2 Equivalent
Spain,1993,2856.56421999034,HFC Emissions,Kilotonne CO2 Equivalent
Spain,1992,3494.576,HFC Emissions,Kilotonne CO2 Equivalent
Spain,1991,2756.352,HFC Emissions,Kilotonne CO2 Equivalent
Spain,1990,3039.92,HFC Emissions,Kilotonne CO2 Equivalent
Sweden,2014,807.113898493137,HFC Emissions,Kilotonne CO2 Equivalent
Sweden,2013,838.547681080345,HFC Emissions,Kilotonne CO2 Equivalent
Sweden,2012,869.965934367231,HFC Emissions,Kilotonne CO2 Equivalent
Sweden,2011,915.232503582705,HFC Emissions,Kilotonne CO2 Equivalent
Sweden,2010,950.239338230852,HFC Emissions,Kilotonne CO2 Equivalent
Sweden,2009,973.198782552507,HFC Emissions,Kilotonne CO2 Equivalent
Sweden,2008,968.039868684522,HFC Emissions,Kilotonne CO2 Equivalent
Sweden,2007,937.9870337146,HFC Emissions,Kilotonne CO2 Equivalent
Sweden,2006,913.246501243013,HFC Emissions,Kilotonne CO2 Equivalent
Sweden,2005,880.317198986918,HFC Emissions,Kilotonne CO2 Equivalent
Sweden,2004,856.754570964442,HFC Emissions,Kilotonne CO2 Equivalent
Sweden,2003,790.723755490292,HFC Emissions,Kilotonne CO2 Equivalent
Sweden,2002,743.108494019899,HFC Emissions,Kilotonne CO2 Equivalent
Sweden,2001,683.185018705769,HFC Emissions,Kilotonne CO2 Equivalent
Sweden,2000,631.374280769553,HFC Emissions,Kilotonne CO2 Equivalent
Sweden,1999,549.653418284821,HFC Emissions,Kilotonne CO2 Equivalent
Sweden,1998,435.271919839893,HFC Emissions,Kilotonne CO2 Equivalent
Sweden,1997,352.790414113182,HFC Emissions,Kilotonne CO2 Equivalent
Sweden,1996,235.266861590305,HFC Emissions,Kilotonne CO2 Equivalent
Sweden,1995,149.181976491656,HFC Emissions,Kilotonne CO2 Equivalent
Sweden,1994,87.0193356139135,HFC Emissions,Kilotonne CO2 Equivalent
Sweden,1993,38.4274224467359,HFC Emissions,Kilotonne CO2 Equivalent
Sweden,1992,11.8227795253305,HFC Emissions,Kilotonne CO2 Equivalent
Sweden,1991,9.35877837132,HFC Emissions,Kilotonne CO2 Equivalent
Sweden,1990,4.6023464916,HFC Emissions,Kilotonne CO2 Equivalent
Switzerland,2014,1500.97985242557,HFC Emissions,Kilotonne CO2 Equivalent
Switzerland,2013,1513.18889558984,HFC Emissions,Kilotonne CO2 Equivalent
Switzerland,2012,1489.04642491243,HFC Emissions,Kilotonne CO2 Equivalent
Switzerland,2011,1410.14949583308,HFC Emissions,Kilotonne CO2 Equivalent
Switzerland,2010,1329.36454880262,HFC Emissions,Kilotonne CO2 Equivalent
Switzerland,2009,1253.06674594747,HFC Emissions,Kilotonne CO2 Equivalent
Switzerland,2008,1243.0983664725,HFC Emissions,Kilotonne CO2 Equivalent
Switzerland,2007,1193.90984726763,HFC Emissions,Kilotonne CO2 Equivalent
Switzerland,2006,1118.29814628692,HFC Emissions,Kilotonne CO2 Equivalent
Switzerland,2005,1071.18513142457,HFC Emissions,Kilotonne CO2 Equivalent
Switzerland,2004,1020.50522043506,HFC Emissions,Kilotonne CO2 Equivalent
Switzerland,2003,898.483975115933,HFC Emissions,Kilotonne CO2 Equivalent
Switzerland,2002,803.180213703831,HFC Emissions,Kilotonne CO2 Equivalent
Switzerland,2001,723.992209096241,HFC Emissions,Kilotonne CO2 Equivalent
Switzerland,2000,625.941563760599,HFC Emissions,Kilotonne CO2 Equivalent
Switzerland,1999,530.462942961334,HFC Emissions,Kilotonne CO2 Equivalent
Switzerland,1998,456.533446170009,HFC Emissions,Kilotonne CO2 Equivalent
Switzerland,1997,361.68618285523,HFC Emissions,Kilotonne CO2 Equivalent
Switzerland,1996,297.545861927923,HFC Emissions,Kilotonne CO2 Equivalent
Switzerland,1995,245.89620249856,HFC Emissions,Kilotonne CO2 Equivalent
Switzerland,1994,81.6779946253792,HFC Emissions,Kilotonne CO2 Equivalent
Switzerland,1993,32.7910730891619,HFC Emissions,Kilotonne CO2 Equivalent
Switzerland,1992,15.6793393410913,HFC Emissions,Kilotonne CO2 Equivalent
Switzerland,1991,1.58946418440717,HFC Emissions,Kilotonne CO2 Equivalent
Switzerland,1990,0.02478119072,HFC Emissions,Kilotonne CO2 Equivalent
Turkey,2014,4916.55266956241,HFC Emissions,Kilotonne CO2 Equivalent
Turkey,2013,4470.25190734234,HFC Emissions,Kilotonne CO2 Equivalent
Turkey,2012,4256.85958676063,HFC Emissions,Kilotonne CO2 Equivalent
Turkey,2011,3432.68576844341,HFC Emissions,Kilotonne CO2 Equivalent
Turkey,2010,3054.34467146971,HFC Emissions,Kilotonne CO2 Equivalent
Turkey,2009,2111.28034281378,HFC Emissions,Kilotonne CO2 Equivalent
Turkey,2008,1896.13812499598,HFC Emissions,Kilotonne CO2 Equivalent
Turkey,2007,1713.19300956487,HFC Emissions,Kilotonne CO2 Equivalent
Turkey,2006,1424.18969214271,HFC Emissions,Kilotonne CO2 Equivalent
Turkey,2005,1146.88282866124,HFC Emissions,Kilotonne CO2 Equivalent
Turkey,2004,909.371796254491,HFC Emissions,Kilotonne CO2 Equivalent
Turkey,2003,628.798307196726,HFC Emissions,Kilotonne CO2 Equivalent
Turkey,2002,417.186727909241,HFC Emissions,Kilotonne CO2 Equivalent
Turkey,2001,232.003643733401,HFC Emissions,Kilotonne CO2 Equivalent
Turkey,2000,115.656211508405,HFC Emissions,Kilotonne CO2 Equivalent
Ukraine,2014,834.757472627407,HFC Emissions,Kilotonne CO2 Equivalent
Ukraine,2013,868.551471703737,HFC Emissions,Kilotonne CO2 Equivalent
Ukraine,2012,828.407569156847,HFC Emissions,Kilotonne CO2 Equivalent
Ukraine,2011,810.650493916803,HFC Emissions,Kilotonne CO2 Equivalent
Ukraine,2010,738.977291419172,HFC Emissions,Kilotonne CO2 Equivalent
Ukraine,2009,659.805110303369,HFC Emissions,Kilotonne CO2 Equivalent
Ukraine,2008,641.582141718256,HFC Emissions,Kilotonne CO2 Equivalent
Ukraine,2007,558.442175087503,HFC Emissions,Kilotonne CO2 Equivalent
Ukraine,2006,398.821407106301,HFC Emissions,Kilotonne CO2 Equivalent
Ukraine,2005,282.580606035746,HFC Emissions,Kilotonne CO2 Equivalent
Ukraine,2004,185.497656673785,HFC Emissions,Kilotonne CO2 Equivalent
Ukraine,2003,104.321261919908,HFC Emissions,Kilotonne CO2 Equivalent
Ukraine,2002,63.8016367628425,HFC Emissions,Kilotonne CO2 Equivalent
Ukraine,2001,28.669143566925,HFC Emissions,Kilotonne CO2 Equivalent
Ukraine,2000,20.0059435,HFC Emissions,Kilotonne CO2 Equivalent
Ukraine,1999,13.28774,HFC Emissions,Kilotonne CO2 Equivalent
Ukraine,1998,12.507495,HFC Emissions,Kilotonne CO2 Equivalent
Ukraine,1997,6.430905,HFC Emissions,Kilotonne CO2 Equivalent
United Kingdom,2014,16422.5567069798,HFC Emissions,Kilotonne CO2 Equivalent
United Kingdom,2013,16177.982913319,HFC Emissions,Kilotonne CO2 Equivalent
United Kingdom,2012,15794.7608253384,HFC Emissions,Kilotonne CO2 Equivalent
United Kingdom,2011,15235.3118308039,HFC Emissions,Kilotonne CO2 Equivalent
United Kingdom,2010,16716.0656141965,HFC Emissions,Kilotonne CO2 Equivalent
United Kingdom,2009,15796.4404951005,HFC Emissions,Kilotonne CO2 Equivalent
United Kingdom,2008,15066.7389204815,HFC Emissions,Kilotonne CO2 Equivalent
United Kingdom,2007,14562.7698246628,HFC Emissions,Kilotonne CO2 Equivalent
United Kingdom,2006,14103.9206011373,HFC Emissions,Kilotonne CO2 Equivalent
United Kingdom,2005,13180.6957078778,HFC Emissions,Kilotonne CO2 Equivalent
United Kingdom,2004,11944.9057227757,HFC Emissions,Kilotonne CO2 Equivalent
United Kingdom,2003,12830.7418524564,HFC Emissions,Kilotonne CO2 Equivalent
United Kingdom,2002,11388.3500602044,HFC Emissions,Kilotonne CO2 Equivalent
United Kingdom,2001,10891.3593508142,HFC Emissions,Kilotonne CO2 Equivalent
United Kingdom,2000,9883.83688026539,HFC Emissions,Kilotonne CO2 Equivalent
United Kingdom,1999,11466.7113743359,HFC Emissions,Kilotonne CO2 Equivalent
United Kingdom,1998,20075.1479882644,HFC Emissions,Kilotonne CO2 Equivalent
United Kingdom,1997,23105.010406412,HFC Emissions,Kilotonne CO2 Equivalent
United Kingdom,1996,20249.4389294305,HFC Emissions,Kilotonne CO2 Equivalent
United Kingdom,1995,19096.094344372,HFC Emissions,Kilotonne CO2 Equivalent
United Kingdom,1994,17593.4312103562,HFC Emissions,Kilotonne CO2 Equivalent
United Kingdom,1993,16505.692181327,HFC Emissions,Kilotonne CO2 Equivalent
United Kingdom,1992,15597.6333186753,HFC Emissions,Kilotonne CO2 Equivalent
United Kingdom,1991,14991.0490264127,HFC Emissions,Kilotonne CO2 Equivalent
United Kingdom,1990,14391.4266541955,HFC Emissions,Kilotonne CO2 Equivalent
United States of America,2014,157237.344889253,HFC Emissions,Kilotonne CO2 Equivalent
United States of America,2013,149922.393769351,HFC Emissions,Kilotonne CO2 Equivalent
United States of America,2012,147249.750868431,HFC Emissions,Kilotonne CO2 Equivalent
United States of America,2011,146080.595742668,HFC Emissions,Kilotonne CO2 Equivalent
United States of America,2010,141633.79781668,HFC Emissions,Kilotonne CO2 Equivalent
United States of America,2009,131990.986822223,HFC Emissions,Kilotonne CO2 Equivalent
United States of America,2008,133551.130676922,HFC Emissions,Kilotonne CO2 Equivalent
United States of America,2007,129425.751384679,HFC Emissions,Kilotonne CO2 Equivalent
United States of America,2006,118056.262911877,HFC Emissions,Kilotonne CO2 Equivalent
United States of America,2005,114052.747171076,HFC Emissions,Kilotonne CO2 Equivalent
United States of America,2004,112065.338532631,HFC Emissions,Kilotonne CO2 Equivalent
United States of America,2003,102658.087501434,HFC Emissions,Kilotonne CO2 Equivalent
United States of America,2002,110780.087009924,HFC Emissions,Kilotonne CO2 Equivalent
United States of America,2001,104598.382885389,HFC Emissions,Kilotonne CO2 Equivalent
United States of America,2000,109295.25441327,HFC Emissions,Kilotonne CO2 Equivalent
United States of America,1999,104296.898101356,HFC Emissions,Kilotonne CO2 Equivalent
United States of America,1998,107654.320599012,HFC Emissions,Kilotonne CO2 Equivalent
United States of America,1997,89069.665030836,HFC Emissions,Kilotonne CO2 Equivalent
United States of America,1996,79480.0704111592,HFC Emissions,Kilotonne CO2 Equivalent
United States of America,1995,71273.9259106657,HFC Emissions,Kilotonne CO2 Equivalent
United States of America,1994,53246.6549742824,HFC Emissions,Kilotonne CO2 Equivalent
United States of America,1993,47500.2622669721,HFC Emissions,Kilotonne CO2 Equivalent
United States of America,1992,47427.6621761866,HFC Emissions,Kilotonne CO2 Equivalent
United States of America,1991,41618.4135880141,HFC Emissions,Kilotonne CO2 Equivalent
United States of America,1990,46288.8141837174,HFC Emissions,Kilotonne CO2 Equivalent
Australia,2014,98076.1094012298,CH4 Emissions,Kilotonne CO2 Equivalent
Australia,2013,99857.2046257045,CH4 Emissions,Kilotonne CO2 Equivalent
Australia,2012,100796.838744057,CH4 Emissions,Kilotonne CO2 Equivalent
Australia,2011,101085.537856825,CH4 Emissions,Kilotonne CO2 Equivalent
Australia,2010,99447.7301587771,CH4 Emissions,Kilotonne CO2 Equivalent
Australia,2009,101886.833298172,CH4 Emissions,Kilotonne CO2 Equivalent
Australia,2008,103119.546054012,CH4 Emissions,Kilotonne CO2 Equivalent
Australia,2007,105174.667801721,CH4 Emissions,Kilotonne CO2 Equivalent
Australia,2006,104842.389866471,CH4 Emissions,Kilotonne CO2 Equivalent
Australia,2005,105887.562988773,CH4 Emissions,Kilotonne CO2 Equivalent
Australia,2004,103839.210857312,CH4 Emissions,Kilotonne CO2 Equivalent
Australia,2003,102574.207809969,CH4 Emissions,Kilotonne CO2 Equivalent
Australia,2002,108309.143527509,CH4 Emissions,Kilotonne CO2 Equivalent
Australia,2001,110301.733954324,CH4 Emissions,Kilotonne CO2 Equivalent
Australia,2000,111520.30955229,CH4 Emissions,Kilotonne CO2 Equivalent
Australia,1999,107889.224971323,CH4 Emissions,Kilotonne CO2 Equivalent
Australia,1998,111427.929805769,CH4 Emissions,Kilotonne CO2 Equivalent
Australia,1997,111898.854748974,CH4 Emissions,Kilotonne CO2 Equivalent
Australia,1996,109185.337719811,CH4 Emissions,Kilotonne CO2 Equivalent
Australia,1995,109900.73511074,CH4 Emissions,Kilotonne CO2 Equivalent
Australia,1994,110997.410185432,CH4 Emissions,Kilotonne CO2 Equivalent
Australia,1993,113837.511922865,CH4 Emissions,Kilotonne CO2 Equivalent
Australia,1992,116837.506725638,CH4 Emissions,Kilotonne CO2 Equivalent
Australia,1991,117744.641813952,CH4 Emissions,Kilotonne CO2 Equivalent
Australia,1990,118768.837813046,CH4 Emissions,Kilotonne CO2 Equivalent
Austria,2014,6623.26575609826,CH4 Emissions,Kilotonne CO2 Equivalent
Austria,2013,6757.49040393774,CH4 Emissions,Kilotonne CO2 Equivalent
Austria,2012,6855.14146713985,CH4 Emissions,Kilotonne CO2 Equivalent
Austria,2011,6976.4185527369,CH4 Emissions,Kilotonne CO2 Equivalent
Austria,2010,7182.81642989029,CH4 Emissions,Kilotonne CO2 Equivalent
Austria,2009,7294.26454612192,CH4 Emissions,Kilotonne CO2 Equivalent
Austria,2008,7399.36170474204,CH4 Emissions,Kilotonne CO2 Equivalent
Austria,2007,7543.05254605889,CH4 Emissions,Kilotonne CO2 Equivalent
Austria,2006,7667.62887171686,CH4 Emissions,Kilotonne CO2 Equivalent
Austria,2005,7809.61517623385,CH4 Emissions,Kilotonne CO2 Equivalent
Austria,2004,8048.71230791888,CH4 Emissions,Kilotonne CO2 Equivalent
Austria,2003,8061.20581192959,CH4 Emissions,Kilotonne CO2 Equivalent
Austria,2002,8134.08033600044,CH4 Emissions,Kilotonne CO2 Equivalent
Austria,2001,8284.30053880387,CH4 Emissions,Kilotonne CO2 Equivalent
Austria,2000,8466.36607055548,CH4 Emissions,Kilotonne CO2 Equivalent
Austria,1999,8645.17625546572,CH4 Emissions,Kilotonne CO2 Equivalent
Austria,1998,8831.33145263719,CH4 Emissions,Kilotonne CO2 Equivalent
Austria,1997,9011.5170626983,CH4 Emissions,Kilotonne CO2 Equivalent
Austria,1996,9382.92563351546,CH4 Emissions,Kilotonne CO2 Equivalent
Austria,1995,9674.04958955657,CH4 Emissions,Kilotonne CO2 Equivalent
Austria,1994,9775.85779162528,CH4 Emissions,Kilotonne CO2 Equivalent
Austria,1993,10073.8331987497,CH4 Emissions,Kilotonne CO2 Equivalent
Austria,1992,10164.7486767199,CH4 Emissions,Kilotonne CO2 Equivalent
Austria,1991,10462.0961886329,CH4 Emissions,Kilotonne CO2 Equivalent
Austria,1990,10598.5663608928,CH4 Emissions,Kilotonne CO2 Equivalent
Belarus,2014,18599.1790231,CH4 Emissions,Kilotonne CO2 Equivalent
Belarus,2013,18724.358966775,CH4 Emissions,Kilotonne CO2 Equivalent
Belarus,2012,17461.76738625,CH4 Emissions,Kilotonne CO2 Equivalent
Belarus,2011,17499.477159075,CH4 Emissions,Kilotonne CO2 Equivalent
Belarus,2010,17109.267876475,CH4 Emissions,Kilotonne CO2 Equivalent
Belarus,2009,17118.031159325,CH4 Emissions,Kilotonne CO2 Equivalent
Belarus,2008,16240.159787875,CH4 Emissions,Kilotonne CO2 Equivalent
Belarus,2007,15646.7932469,CH4 Emissions,Kilotonne CO2 Equivalent
Belarus,2006,15450.078575575,CH4 Emissions,Kilotonne CO2 Equivalent
Belarus,2005,14727.0600536,CH4 Emissions,Kilotonne CO2 Equivalent
Belarus,2004,14331.37019635,CH4 Emissions,Kilotonne CO2 Equivalent
Belarus,2003,13734.63191955,CH4 Emissions,Kilotonne CO2 Equivalent
Belarus,2002,12705.355449575,CH4 Emissions,Kilotonne CO2 Equivalent
Belarus,2001,12799.02585625,CH4 Emissions,Kilotonne CO2 Equivalent
Belarus,2000,12922.696280275,CH4 Emissions,Kilotonne CO2 Equivalent
Belarus,1999,13212.4624856,CH4 Emissions,Kilotonne CO2 Equivalent
Belarus,1998,13540.2447086,CH4 Emissions,Kilotonne CO2 Equivalent
Belarus,1997,13578.265278075,CH4 Emissions,Kilotonne CO2 Equivalent
Belarus,1996,13672.8220222,CH4 Emissions,Kilotonne CO2 Equivalent
Belarus,1995,13611.075969575,CH4 Emissions,Kilotonne CO2 Equivalent
Belarus,1994,14331.807082625,CH4 Emissions,Kilotonne CO2 Equivalent
Belarus,1993,15583.1133978,CH4 Emissions,Kilotonne CO2 Equivalent
Belarus,1992,16295.4361922,CH4 Emissions,Kilotonne CO2 Equivalent
Belarus,1991,17258.1344516,CH4 Emissions,Kilotonne CO2 Equivalent
Belarus,1990,17944.369142475,CH4 Emissions,Kilotonne CO2 Equivalent
Belgium,2014,8047.55231617697,CH4 Emissions,Kilotonne CO2 Equivalent
Belgium,2013,8098.24899175734,CH4 Emissions,Kilotonne CO2 Equivalent
Belgium,2012,8235.73548496177,CH4 Emissions,Kilotonne CO2 Equivalent
Belgium,2011,8369.07132160191,CH4 Emissions,Kilotonne CO2 Equivalent
Belgium,2010,8624.50488186377,CH4 Emissions,Kilotonne CO2 Equivalent
Belgium,2009,8668.57366813667,CH4 Emissions,Kilotonne CO2 Equivalent
Belgium,2008,8736.79424403213,CH4 Emissions,Kilotonne CO2 Equivalent
Belgium,2007,8947.75520960759,CH4 Emissions,Kilotonne CO2 Equivalent
Belgium,2006,8982.9819255679,CH4 Emissions,Kilotonne CO2 Equivalent
Belgium,2005,9074.7690780932,CH4 Emissions,Kilotonne CO2 Equivalent
Belgium,2004,9318.58072048247,CH4 Emissions,Kilotonne CO2 Equivalent
Belgium,2003,9372.46837983159,CH4 Emissions,Kilotonne CO2 Equivalent
Belgium,2002,9956.50085913143,CH4 Emissions,Kilotonne CO2 Equivalent
Belgium,2001,10386.2529605796,CH4 Emissions,Kilotonne CO2 Equivalent
Belgium,2000,10827.0045628699,CH4 Emissions,Kilotonne CO2 Equivalent
Belgium,1999,11265.277849541,CH4 Emissions,Kilotonne CO2 Equivalent
Belgium,1998,11524.999684482,CH4 Emissions,Kilotonne CO2 Equivalent
Belgium,1997,11689.8989430417,CH4 Emissions,Kilotonne CO2 Equivalent
Belgium,1996,11802.0818337339,CH4 Emissions,Kilotonne CO2 Equivalent
Belgium,1995,11947.6381787851,CH4 Emissions,Kilotonne CO2 Equivalent
Belgium,1994,11867.0166000478,CH4 Emissions,Kilotonne CO2 Equivalent
Belgium,1993,11838.3033737107,CH4 Emissions,Kilotonne CO2 Equivalent
Belgium,1992,11886.3497152747,CH4 Emissions,Kilotonne CO2 Equivalent
Belgium,1991,11999.377565637,CH4 Emissions,Kilotonne CO2 Equivalent
Belgium,1990,12040.1810478487,CH4 Emissions,Kilotonne CO2 Equivalent
Bulgaria,2014,7420.5096990517,CH4 Emissions,Kilotonne CO2 Equivalent
Bulgaria,2013,7526.88575101646,CH4 Emissions,Kilotonne CO2 Equivalent
Bulgaria,2012,7643.91941086577,CH4 Emissions,Kilotonne CO2 Equivalent
Bulgaria,2011,8015.19767643603,CH4 Emissions,Kilotonne CO2 Equivalent
Bulgaria,2010,7782.63795680577,CH4 Emissions,Kilotonne CO2 Equivalent
Bulgaria,2009,7794.83836774708,CH4 Emissions,Kilotonne CO2 Equivalent
Bulgaria,2008,8164.02518762776,CH4 Emissions,Kilotonne CO2 Equivalent
Bulgaria,2007,8389.98329896053,CH4 Emissions,Kilotonne CO2 Equivalent
Bulgaria,2006,8446.72532215926,CH4 Emissions,Kilotonne CO2 Equivalent
Bulgaria,2005,8720.07593547376,CH4 Emissions,Kilotonne CO2 Equivalent
Bulgaria,2004,9476.23778253349,CH4 Emissions,Kilotonne CO2 Equivalent
Bulgaria,2003,10063.7203689356,CH4 Emissions,Kilotonne CO2 Equivalent
Bulgaria,2002,9374.21254846974,CH4 Emissions,Kilotonne CO2 Equivalent
Bulgaria,2001,9491.66889604972,CH4 Emissions,Kilotonne CO2 Equivalent
Bulgaria,2000,10189.3400582433,CH4 Emissions,Kilotonne CO2 Equivalent
Bulgaria,1999,10347.0350775991,CH4 Emissions,Kilotonne CO2 Equivalent
Bulgaria,1998,10886.0585680953,CH4 Emissions,Kilotonne CO2 Equivalent
Bulgaria,1997,11500.6452771229,CH4 Emissions,Kilotonne CO2 Equivalent
Bulgaria,1996,11936.1665164785,CH4 Emissions,Kilotonne CO2 Equivalent
Bulgaria,1995,12051.2105618057,CH4 Emissions,Kilotonne CO2 Equivalent
Bulgaria,1994,12003.0873409571,CH4 Emissions,Kilotonne CO2 Equivalent
Bulgaria,1993,13764.491318609,CH4 Emissions,Kilotonne CO2 Equivalent
Bulgaria,1992,14869.2959926006,CH4 Emissions,Kilotonne CO2 Equivalent
Bulgaria,1991,15313.2688547055,CH4 Emissions,Kilotonne CO2 Equivalent
Bulgaria,1990,16430.8375650653,CH4 Emissions,Kilotonne CO2 Equivalent
Canada,2014,108436.716890674,CH4 Emissions,Kilotonne CO2 Equivalent
Canada,2013,107063.129352267,CH4 Emissions,Kilotonne CO2 Equivalent
Canada,2012,105633.624841341,CH4 Emissions,Kilotonne CO2 Equivalent
Canada,2011,103884.67007464,CH4 Emissions,Kilotonne CO2 Equivalent
Canada,2010,103730.441039052,CH4 Emissions,Kilotonne CO2 Equivalent
Canada,2009,106149.435212774,CH4 Emissions,Kilotonne CO2 Equivalent
Canada,2008,110540.258265441,CH4 Emissions,Kilotonne CO2 Equivalent
Canada,2007,113213.994030922,CH4 Emissions,Kilotonne CO2 Equivalent
Canada,2006,115516.052739182,CH4 Emissions,Kilotonne CO2 Equivalent
Canada,2005,116434.331258317,CH4 Emissions,Kilotonne CO2 Equivalent
Canada,2004,117419.386086716,CH4 Emissions,Kilotonne CO2 Equivalent
Canada,2003,116809.277477492,CH4 Emissions,Kilotonne CO2 Equivalent
Canada,2002,117504.637070844,CH4 Emissions,Kilotonne CO2 Equivalent
Canada,2001,119920.258788481,CH4 Emissions,Kilotonne CO2 Equivalent
Canada,2000,120724.87183077,CH4 Emissions,Kilotonne CO2 Equivalent
Canada,1999,120592.533776685,CH4 Emissions,Kilotonne CO2 Equivalent
Canada,1998,120647.45834463,CH4 Emissions,Kilotonne CO2 Equivalent
Canada,1997,118988.193047761,CH4 Emissions,Kilotonne CO2 Equivalent
Canada,1996,116885.460266137,CH4 Emissions,Kilotonne CO2 Equivalent
Canada,1995,113111.078283263,CH4 Emissions,Kilotonne CO2 Equivalent
Canada,1994,108917.321071169,CH4 Emissions,Kilotonne CO2 Equivalent
Canada,1993,105204.361166736,CH4 Emissions,Kilotonne CO2 Equivalent
Canada,1992,101927.841562881,CH4 Emissions,Kilotonne CO2 Equivalent
Canada,1991,97516.5116855337,CH4 Emissions,Kilotonne CO2 Equivalent
Canada,1990,95378.2519424985,CH4 Emissions,Kilotonne CO2 Equivalent
Croatia,2014,3080.40853019068,CH4 Emissions,Kilotonne CO2 Equivalent
Croatia,2013,3129.72543393844,CH4 Emissions,Kilotonne CO2 Equivalent
Croatia,2012,3167.14806901099,CH4 Emissions,Kilotonne CO2 Equivalent
Croatia,2011,3230.31536846447,CH4 Emissions,Kilotonne CO2 Equivalent
Croatia,2010,3243.5128716914,CH4 Emissions,Kilotonne CO2 Equivalent
Croatia,2009,3214.901482772,CH4 Emissions,Kilotonne CO2 Equivalent
Croatia,2008,3153.40276223641,CH4 Emissions,Kilotonne CO2 Equivalent
Croatia,2007,3114.80205676473,CH4 Emissions,Kilotonne CO2 Equivalent
Croatia,2006,3100.59041226758,CH4 Emissions,Kilotonne CO2 Equivalent
Croatia,2005,3029.46175248614,CH4 Emissions,Kilotonne CO2 Equivalent
Croatia,2004,3061.84419542201,CH4 Emissions,Kilotonne CO2 Equivalent
Croatia,2003,2936.87051081454,CH4 Emissions,Kilotonne CO2 Equivalent
Croatia,2002,2838.3026167308,CH4 Emissions,Kilotonne CO2 Equivalent
Croatia,2001,2844.14784113738,CH4 Emissions,Kilotonne CO2 Equivalent
Croatia,2000,2785.33822318065,CH4 Emissions,Kilotonne CO2 Equivalent
Croatia,1999,2847.59085469199,CH4 Emissions,Kilotonne CO2 Equivalent
Croatia,1998,2866.64655382612,CH4 Emissions,Kilotonne CO2 Equivalent
Croatia,1997,2908.31403017727,CH4 Emissions,Kilotonne CO2 Equivalent
Croatia,1996,2968.51300596132,CH4 Emissions,Kilotonne CO2 Equivalent
Croatia,1995,2986.63717495509,CH4 Emissions,Kilotonne CO2 Equivalent
Croatia,1994,3034.34843612463,CH4 Emissions,Kilotonne CO2 Equivalent
Croatia,1993,3260.04156278717,CH4 Emissions,Kilotonne CO2 Equivalent
Croatia,1992,3227.33608899515,CH4 Emissions,Kilotonne CO2 Equivalent
Croatia,1991,3625.91574246337,CH4 Emissions,Kilotonne CO2 Equivalent
Croatia,1990,3770.71776073763,CH4 Emissions,Kilotonne CO2 Equivalent
Cyprus,2014,923.95729815,CH4 Emissions,Kilotonne CO2 Equivalent
Cyprus,2013,918.03627175,CH4 Emissions,Kilotonne CO2 Equivalent
Cyprus,2012,937.200815325,CH4 Emissions,Kilotonne CO2 Equivalent
Cyprus,2011,962.211507475,CH4 Emissions,Kilotonne CO2 Equivalent
Cyprus,2010,943.41757105,CH4 Emissions,Kilotonne CO2 Equivalent
Cyprus,2009,921.274583825,CH4 Emissions,Kilotonne CO2 Equivalent
Cyprus,2008,919.096319925,CH4 Emissions,Kilotonne CO2 Equivalent
Cyprus,2007,915.518720925,CH4 Emissions,Kilotonne CO2 Equivalent
Cyprus,2006,894.0424515,CH4 Emissions,Kilotonne CO2 Equivalent
Cyprus,2005,894.24997675,CH4 Emissions,Kilotonne CO2 Equivalent
Cyprus,2004,914.7121712975,CH4 Emissions,Kilotonne CO2 Equivalent
Cyprus,2003,917.7058670025,CH4 Emissions,Kilotonne CO2 Equivalent
Cyprus,2002,921.2514937525,CH4 Emissions,Kilotonne CO2 Equivalent
Cyprus,2001,887.6023426025,CH4 Emissions,Kilotonne CO2 Equivalent
Cyprus,2000,847.453418015,CH4 Emissions,Kilotonne CO2 Equivalent
Cyprus,1999,831.09081945,CH4 Emissions,Kilotonne CO2 Equivalent
Cyprus,1998,830.2704043625,CH4 Emissions,Kilotonne CO2 Equivalent
Cyprus,1997,826.651706795,CH4 Emissions,Kilotonne CO2 Equivalent
Cyprus,1996,819.0833783575,CH4 Emissions,Kilotonne CO2 Equivalent
Cyprus,1995,797.53350701,CH4 Emissions,Kilotonne CO2 Equivalent
Cyprus,1994,773.1755828925,CH4 Emissions,Kilotonne CO2 Equivalent
Cyprus,1993,761.6780691625,CH4 Emissions,Kilotonne CO2 Equivalent
Cyprus,1992,733.57027363,CH4 Emissions,Kilotonne CO2 Equivalent
Cyprus,1991,704.35598565,CH4 Emissions,Kilotonne CO2 Equivalent
Cyprus,1990,693.566622225,CH4 Emissions,Kilotonne CO2 Equivalent
Czech Republic,2014,13491.7350801132,CH4 Emissions,Kilotonne CO2 Equivalent
Czech Republic,2013,13435.2557834496,CH4 Emissions,Kilotonne CO2 Equivalent
Czech Republic,2012,14086.0926559991,CH4 Emissions,Kilotonne CO2 Equivalent
Czech Republic,2011,14017.0357351339,CH4 Emissions,Kilotonne CO2 Equivalent
Czech Republic,2010,13992.577303959,CH4 Emissions,Kilotonne CO2 Equivalent
Czech Republic,2009,13800.6277577976,CH4 Emissions,Kilotonne CO2 Equivalent
Czech Republic,2008,14227.763705649,CH4 Emissions,Kilotonne CO2 Equivalent
Czech Republic,2007,13800.5707318147,CH4 Emissions,Kilotonne CO2 Equivalent
Czech Republic,2006,14265.958595564,CH4 Emissions,Kilotonne CO2 Equivalent
Czech Republic,2005,14032.8320191286,CH4 Emissions,Kilotonne CO2 Equivalent
Czech Republic,2004,13662.7252004331,CH4 Emissions,Kilotonne CO2 Equivalent
Czech Republic,2003,14100.163381463,CH4 Emissions,Kilotonne CO2 Equivalent
Czech Republic,2002,14091.9237338679,CH4 Emissions,Kilotonne CO2 Equivalent
Czech Republic,2001,14582.6966713551,CH4 Emissions,Kilotonne CO2 Equivalent
Czech Republic,2000,14896.9598528393,CH4 Emissions,Kilotonne CO2 Equivalent
Czech Republic,1999,15771.0192915883,CH4 Emissions,Kilotonne CO2 Equivalent
Czech Republic,1998,16431.8822443428,CH4 Emissions,Kilotonne CO2 Equivalent
Czech Republic,1997,17105.0797387672,CH4 Emissions,Kilotonne CO2 Equivalent
Czech Republic,1996,17564.9120993273,CH4 Emissions,Kilotonne CO2 Equivalent
Czech Republic,1995,17744.9425854554,CH4 Emissions,Kilotonne CO2 Equivalent
Czech Republic,1994,18086.8290768361,CH4 Emissions,Kilotonne CO2 Equivalent
Czech Republic,1993,19226.5899303059,CH4 Emissions,Kilotonne CO2 Equivalent
Czech Republic,1992,20139.1599524718,CH4 Emissions,Kilotonne CO2 Equivalent
Czech Republic,1991,21607.1754215005,CH4 Emissions,Kilotonne CO2 Equivalent
Czech Republic,1990,23315.0467690008,CH4 Emissions,Kilotonne CO2 Equivalent
Denmark,2014,7362.96580142096,CH4 Emissions,Kilotonne CO2 Equivalent
Denmark,2013,7380.66591211233,CH4 Emissions,Kilotonne CO2 Equivalent
Denmark,2012,7484.69780241921,CH4 Emissions,Kilotonne CO2 Equivalent
Denmark,2011,7642.00247598388,CH4 Emissions,Kilotonne CO2 Equivalent
Denmark,2010,7786.91504181373,CH4 Emissions,Kilotonne CO2 Equivalent
Denmark,2009,7736.95119835375,CH4 Emissions,Kilotonne CO2 Equivalent
Denmark,2008,7888.33361672816,CH4 Emissions,Kilotonne CO2 Equivalent
Denmark,2007,8033.11864277544,CH4 Emissions,Kilotonne CO2 Equivalent
Denmark,2006,8038.39858566613,CH4 Emissions,Kilotonne CO2 Equivalent
Denmark,2005,8148.66665814821,CH4 Emissions,Kilotonne CO2 Equivalent
Denmark,2004,8392.88343058255,CH4 Emissions,Kilotonne CO2 Equivalent
Denmark,2003,8547.44503107124,CH4 Emissions,Kilotonne CO2 Equivalent
Denmark,2002,8534.70873161076,CH4 Emissions,Kilotonne CO2 Equivalent
Denmark,2001,8611.9154571632,CH4 Emissions,Kilotonne CO2 Equivalent
Denmark,2000,8355.10829286277,CH4 Emissions,Kilotonne CO2 Equivalent
Denmark,1999,8465.65156344192,CH4 Emissions,Kilotonne CO2 Equivalent
Denmark,1998,8572.25402920572,CH4 Emissions,Kilotonne CO2 Equivalent
Denmark,1997,8506.80196089025,CH4 Emissions,Kilotonne CO2 Equivalent
Denmark,1996,8608.32097420401,CH4 Emissions,Kilotonne CO2 Equivalent
Denmark,1995,8497.61328401879,CH4 Emissions,Kilotonne CO2 Equivalent
Denmark,1994,8437.69390271024,CH4 Emissions,Kilotonne CO2 Equivalent
Denmark,1993,8570.9152817898,CH4 Emissions,Kilotonne CO2 Equivalent
Denmark,1992,8364.64610116621,CH4 Emissions,Kilotonne CO2 Equivalent
Denmark,1991,8279.66224670937,CH4 Emissions,Kilotonne CO2 Equivalent
Denmark,1990,8082.7076134516,CH4 Emissions,Kilotonne CO2 Equivalent
Estonia,2014,1102.37331637054,CH4 Emissions,Kilotonne CO2 Equivalent
Estonia,2013,1132.68979885955,CH4 Emissions,Kilotonne CO2 Equivalent
Estonia,2012,1143.20507646736,CH4 Emissions,Kilotonne CO2 Equivalent
Estonia,2011,1134.03455551706,CH4 Emissions,Kilotonne CO2 Equivalent
Estonia,2010,1182.87076894973,CH4 Emissions,Kilotonne CO2 Equivalent
Estonia,2009,1168.36839941857,CH4 Emissions,Kilotonne CO2 Equivalent
Estonia,2008,1213.6813667467,CH4 Emissions,Kilotonne CO2 Equivalent
Estonia,2007,1223.38046026192,CH4 Emissions,Kilotonne CO2 Equivalent
Estonia,2006,1192.14620738161,CH4 Emissions,Kilotonne CO2 Equivalent
Estonia,2005,1209.49974865901,CH4 Emissions,Kilotonne CO2 Equivalent
Estonia,2004,1247.51885004831,CH4 Emissions,Kilotonne CO2 Equivalent
Estonia,2003,1233.42072726444,CH4 Emissions,Kilotonne CO2 Equivalent
Estonia,2002,1229.78306528844,CH4 Emissions,Kilotonne CO2 Equivalent
Estonia,2001,1278.59546226988,CH4 Emissions,Kilotonne CO2 Equivalent
Estonia,2000,1237.38661811289,CH4 Emissions,Kilotonne CO2 Equivalent
Estonia,1999,1197.48060973097,CH4 Emissions,Kilotonne CO2 Equivalent
Estonia,1998,1280.35522131878,CH4 Emissions,Kilotonne CO2 Equivalent
Estonia,1997,1318.57002819266,CH4 Emissions,Kilotonne CO2 Equivalent
Estonia,1996,1265.14393763371,CH4 Emissions,Kilotonne CO2 Equivalent
Estonia,1995,1246.81186955066,CH4 Emissions,Kilotonne CO2 Equivalent
Estonia,1994,1287.76549159454,CH4 Emissions,Kilotonne CO2 Equivalent
Estonia,1993,1349.78969025339,CH4 Emissions,Kilotonne CO2 Equivalent
Estonia,1992,1585.1281387907,CH4 Emissions,Kilotonne CO2 Equivalent
Estonia,1991,1825.52131402923,CH4 Emissions,Kilotonne CO2 Equivalent
Estonia,1990,1912.19338766312,CH4 Emissions,Kilotonne CO2 Equivalent
European Union,2014,452695.943070072,CH4 Emissions,Kilotonne CO2 Equivalent
European Union,2013,458525.673635933,CH4 Emissions,Kilotonne CO2 Equivalent
European Union,2012,469808.637546842,CH4 Emissions,Kilotonne CO2 Equivalent
European Union,2011,474490.816761964,CH4 Emissions,Kilotonne CO2 Equivalent
European Union,2010,484704.844801329,CH4 Emissions,Kilotonne CO2 Equivalent
European Union,2009,495012.880473162,CH4 Emissions,Kilotonne CO2 Equivalent
European Union,2008,510421.889519788,CH4 Emissions,Kilotonne CO2 Equivalent
European Union,2007,520923.65690099,CH4 Emissions,Kilotonne CO2 Equivalent
European Union,2006,531707.940879268,CH4 Emissions,Kilotonne CO2 Equivalent
European Union,2005,543442.470359115,CH4 Emissions,Kilotonne CO2 Equivalent
European Union,2004,555673.072414182,CH4 Emissions,Kilotonne CO2 Equivalent
European Union,2003,575051.654505593,CH4 Emissions,Kilotonne CO2 Equivalent
European Union,2002,586079.497621722,CH4 Emissions,Kilotonne CO2 Equivalent
European Union,2001,600252.512233256,CH4 Emissions,Kilotonne CO2 Equivalent
European Union,2000,609440.975898133,CH4 Emissions,Kilotonne CO2 Equivalent
European Union,1999,622775.452019011,CH4 Emissions,Kilotonne CO2 Equivalent
European Union,1998,634900.160179924,CH4 Emissions,Kilotonne CO2 Equivalent
European Union,1997,651528.738611337,CH4 Emissions,Kilotonne CO2 Equivalent
European Union,1996,665079.336732812,CH4 Emissions,Kilotonne CO2 Equivalent
European Union,1995,668698.051516691,CH4 Emissions,Kilotonne CO2 Equivalent
European Union,1994,669301.26346178,CH4 Emissions,Kilotonne CO2 Equivalent
European Union,1993,686376.82193796,CH4 Emissions,Kilotonne CO2 Equivalent
European Union,1992,695017.254202625,CH4 Emissions,Kilotonne CO2 Equivalent
European Union,1991,715378.704916053,CH4 Emissions,Kilotonne CO2 Equivalent
European Union,1990,734491.057033518,CH4 Emissions,Kilotonne CO2 Equivalent
Finland,2014,5016.97475927124,CH4 Emissions,Kilotonne CO2 Equivalent
Finland,2013,5122.63476634708,CH4 Emissions,Kilotonne CO2 Equivalent
Finland,2012,5264.87608155703,CH4 Emissions,Kilotonne CO2 Equivalent
Finland,2011,5306.52535118825,CH4 Emissions,Kilotonne CO2 Equivalent
Finland,2010,5487.22228155129,CH4 Emissions,Kilotonne CO2 Equivalent
Finland,2009,5404.95544159765,CH4 Emissions,Kilotonne CO2 Equivalent
Finland,2008,5460.81837555993,CH4 Emissions,Kilotonne CO2 Equivalent
Finland,2007,5591.48730557558,CH4 Emissions,Kilotonne CO2 Equivalent
Finland,2006,5731.23824153894,CH4 Emissions,Kilotonne CO2 Equivalent
Finland,2005,5659.29231113621,CH4 Emissions,Kilotonne CO2 Equivalent
Finland,2004,5907.35786486111,CH4 Emissions,Kilotonne CO2 Equivalent
Finland,2003,6092.65311451928,CH4 Emissions,Kilotonne CO2 Equivalent
Finland,2002,6301.45349814581,CH4 Emissions,Kilotonne CO2 Equivalent
Finland,2001,6519.02653867057,CH4 Emissions,Kilotonne CO2 Equivalent
Finland,2000,6661.09848014005,CH4 Emissions,Kilotonne CO2 Equivalent
Finland,1999,6911.88870684184,CH4 Emissions,Kilotonne CO2 Equivalent
Finland,1998,7062.38153640282,CH4 Emissions,Kilotonne CO2 Equivalent
Finland,1997,7308.33510699067,CH4 Emissions,Kilotonne CO2 Equivalent
Finland,1996,7392.08120336162,CH4 Emissions,Kilotonne CO2 Equivalent
Finland,1995,7469.55919015096,CH4 Emissions,Kilotonne CO2 Equivalent
Finland,1994,7674.10373712289,CH4 Emissions,Kilotonne CO2 Equivalent
Finland,1993,7707.9832414101,CH4 Emissions,Kilotonne CO2 Equivalent
Finland,1992,7669.45024354611,CH4 Emissions,Kilotonne CO2 Equivalent
Finland,1991,7714.30236241026,CH4 Emissions,Kilotonne CO2 Equivalent
Finland,1990,7744.71648814565,CH4 Emissions,Kilotonne CO2 Equivalent
France,2014,59761.9528472267,CH4 Emissions,Kilotonne CO2 Equivalent
France,2013,59044.2244613822,CH4 Emissions,Kilotonne CO2 Equivalent
France,2012,60127.5132193103,CH4 Emissions,Kilotonne CO2 Equivalent
France,2011,61629.4557619662,CH4 Emissions,Kilotonne CO2 Equivalent
France,2010,62525.8673176549,CH4 Emissions,Kilotonne CO2 Equivalent
France,2009,62891.0095101663,CH4 Emissions,Kilotonne CO2 Equivalent
France,2008,64028.1148182801,CH4 Emissions,Kilotonne CO2 Equivalent
France,2007,63982.0876839439,CH4 Emissions,Kilotonne CO2 Equivalent
France,2006,64334.0646145919,CH4 Emissions,Kilotonne CO2 Equivalent
France,2005,64648.9662937465,CH4 Emissions,Kilotonne CO2 Equivalent
France,2004,65595.1706935046,CH4 Emissions,Kilotonne CO2 Equivalent
France,2003,67193.6740593953,CH4 Emissions,Kilotonne CO2 Equivalent
France,2002,68554.5511011781,CH4 Emissions,Kilotonne CO2 Equivalent
France,2001,69813.1366322753,CH4 Emissions,Kilotonne CO2 Equivalent
France,2000,70804.6629751047,CH4 Emissions,Kilotonne CO2 Equivalent
France,1999,69712.1789585953,CH4 Emissions,Kilotonne CO2 Equivalent
France,1998,69651.4999955398,CH4 Emissions,Kilotonne CO2 Equivalent
France,1997,69337.9969309813,CH4 Emissions,Kilotonne CO2 Equivalent
France,1996,70531.7294337273,CH4 Emissions,Kilotonne CO2 Equivalent
France,1995,71037.5972489191,CH4 Emissions,Kilotonne CO2 Equivalent
France,1994,70218.6948335419,CH4 Emissions,Kilotonne CO2 Equivalent
France,1993,70105.2675441496,CH4 Emissions,Kilotonne CO2 Equivalent
France,1992,69655.999402699,CH4 Emissions,Kilotonne CO2 Equivalent
France,1991,69716.5189421919,CH4 Emissions,Kilotonne CO2 Equivalent
France,1990,68916.2451844809,CH4 Emissions,Kilotonne CO2 Equivalent
Germany,2014,55527.8634424139,CH4 Emissions,Kilotonne CO2 Equivalent
Germany,2013,56975.0838315538,CH4 Emissions,Kilotonne CO2 Equivalent
Germany,2012,57647.4129377664,CH4 Emissions,Kilotonne CO2 Equivalent
Germany,2011,56966.4720171698,CH4 Emissions,Kilotonne CO2 Equivalent
Germany,2010,58092.1746036375,CH4 Emissions,Kilotonne CO2 Equivalent
Germany,2009,58947.976950009,CH4 Emissions,Kilotonne CO2 Equivalent
Germany,2008,61206.5919907347,CH4 Emissions,Kilotonne CO2 Equivalent
Germany,2007,62176.4396182939,CH4 Emissions,Kilotonne CO2 Equivalent
Germany,2006,64446.0125643471,CH4 Emissions,Kilotonne CO2 Equivalent
Germany,2005,68393.115093358,CH4 Emissions,Kilotonne CO2 Equivalent
Germany,2004,71621.0265587495,CH4 Emissions,Kilotonne CO2 Equivalent
Germany,2003,76675.5132245103,CH4 Emissions,Kilotonne CO2 Equivalent
Germany,2002,80070.7211145719,CH4 Emissions,Kilotonne CO2 Equivalent
Germany,2001,83997.3104199,CH4 Emissions,Kilotonne CO2 Equivalent
Germany,2000,87647.831055257,CH4 Emissions,Kilotonne CO2 Equivalent
Germany,1999,91950.884989181,CH4 Emissions,Kilotonne CO2 Equivalent
Germany,1998,92582.8263981802,CH4 Emissions,Kilotonne CO2 Equivalent
Germany,1997,97821.4079091795,CH4 Emissions,Kilotonne CO2 Equivalent
Germany,1996,102065.899968129,CH4 Emissions,Kilotonne CO2 Equivalent
Germany,1995,104722.349111503,CH4 Emissions,Kilotonne CO2 Equivalent
Germany,1994,106948.196214421,CH4 Emissions,Kilotonne CO2 Equivalent
Germany,1993,110830.331560082,CH4 Emissions,Kilotonne CO2 Equivalent
Germany,1992,110261.119707033,CH4 Emissions,Kilotonne CO2 Equivalent
Germany,1991,113697.661601505,CH4 Emissions,Kilotonne CO2 Equivalent
Germany,1990,119234.769548572,CH4 Emissions,Kilotonne CO2 Equivalent
Greece,2014,11086.1359200325,CH4 Emissions,Kilotonne CO2 Equivalent
Greece,2013,11155.0325268011,CH4 Emissions,Kilotonne CO2 Equivalent
Greece,2012,11249.2097049828,CH4 Emissions,Kilotonne CO2 Equivalent
Greece,2011,11378.9058333308,CH4 Emissions,Kilotonne CO2 Equivalent
Greece,2010,11540.6404313943,CH4 Emissions,Kilotonne CO2 Equivalent
Greece,2009,11340.9690478372,CH4 Emissions,Kilotonne CO2 Equivalent
Greece,2008,11496.7293651832,CH4 Emissions,Kilotonne CO2 Equivalent
Greece,2007,11542.2810575399,CH4 Emissions,Kilotonne CO2 Equivalent
Greece,2006,11739.036949799,CH4 Emissions,Kilotonne CO2 Equivalent
Greece,2005,11646.3345602405,CH4 Emissions,Kilotonne CO2 Equivalent
Greece,2004,11640.4033662938,CH4 Emissions,Kilotonne CO2 Equivalent
Greece,2003,11651.6730121343,CH4 Emissions,Kilotonne CO2 Equivalent
Greece,2002,11754.7634307252,CH4 Emissions,Kilotonne CO2 Equivalent
Greece,2001,11764.2791122408,CH4 Emissions,Kilotonne CO2 Equivalent
Greece,2000,12816.9911994903,CH4 Emissions,Kilotonne CO2 Equivalent
Greece,1999,13048.393384033,CH4 Emissions,Kilotonne CO2 Equivalent
Greece,1998,13077.547365796,CH4 Emissions,Kilotonne CO2 Equivalent
Greece,1997,12860.5150592604,CH4 Emissions,Kilotonne CO2 Equivalent
Greece,1996,12984.3026861401,CH4 Emissions,Kilotonne CO2 Equivalent
Greece,1995,12830.0078211275,CH4 Emissions,Kilotonne CO2 Equivalent
Greece,1994,12710.7969355586,CH4 Emissions,Kilotonne CO2 Equivalent
Greece,1993,12589.3614976901,CH4 Emissions,Kilotonne CO2 Equivalent
Greece,1992,12598.7072283314,CH4 Emissions,Kilotonne CO2 Equivalent
Greece,1991,12513.6486135472,CH4 Emissions,Kilotonne CO2 Equivalent
Greece,1990,12534.1245971224,CH4 Emissions,Kilotonne CO2 Equivalent
Hungary,2014,7613.96898517364,CH4 Emissions,Kilotonne CO2 Equivalent
Hungary,2013,7618.50037046322,CH4 Emissions,Kilotonne CO2 Equivalent
Hungary,2012,7824.92080876326,CH4 Emissions,Kilotonne CO2 Equivalent
Hungary,2011,7821.16627134829,CH4 Emissions,Kilotonne CO2 Equivalent
Hungary,2010,8036.88485856424,CH4 Emissions,Kilotonne CO2 Equivalent
Hungary,2009,8090.37983725947,CH4 Emissions,Kilotonne CO2 Equivalent
Hungary,2008,8251.38147841946,CH4 Emissions,Kilotonne CO2 Equivalent
Hungary,2007,8307.57942063685,CH4 Emissions,Kilotonne CO2 Equivalent
Hungary,2006,8350.81925965161,CH4 Emissions,Kilotonne CO2 Equivalent
Hungary,2005,8443.37560580961,CH4 Emissions,Kilotonne CO2 Equivalent
Hungary,2004,8603.56236475025,CH4 Emissions,Kilotonne CO2 Equivalent
Hungary,2003,9131.88807344021,CH4 Emissions,Kilotonne CO2 Equivalent
Hungary,2002,9011.49654010019,CH4 Emissions,Kilotonne CO2 Equivalent
Hungary,2001,8897.43012339844,CH4 Emissions,Kilotonne CO2 Equivalent
Hungary,2000,8957.81834187386,CH4 Emissions,Kilotonne CO2 Equivalent
Hungary,1999,8998.22978445531,CH4 Emissions,Kilotonne CO2 Equivalent
Hungary,1998,8933.20819016801,CH4 Emissions,Kilotonne CO2 Equivalent
Hungary,1997,9026.81757363921,CH4 Emissions,Kilotonne CO2 Equivalent
Hungary,1996,9165.18686943856,CH4 Emissions,Kilotonne CO2 Equivalent
Hungary,1995,9034.22661974485,CH4 Emissions,Kilotonne CO2 Equivalent
Hungary,1994,9389.62326133879,CH4 Emissions,Kilotonne CO2 Equivalent
Hungary,1993,9872.85733548455,CH4 Emissions,Kilotonne CO2 Equivalent
Hungary,1992,10397.6966584347,CH4 Emissions,Kilotonne CO2 Equivalent
Hungary,1991,11674.0240070414,CH4 Emissions,Kilotonne CO2 Equivalent
Hungary,1990,11967.2425194782,CH4 Emissions,Kilotonne CO2 Equivalent
Iceland,2014,592.490097771568,CH4 Emissions,Kilotonne CO2 Equivalent
Iceland,2013,546.326289750485,CH4 Emissions,Kilotonne CO2 Equivalent
Iceland,2012,545.986934743431,CH4 Emissions,Kilotonne CO2 Equivalent
Iceland,2011,565.841700268254,CH4 Emissions,Kilotonne CO2 Equivalent
Iceland,2010,583.726825693513,CH4 Emissions,Kilotonne CO2 Equivalent
Iceland,2009,583.347081095975,CH4 Emissions,Kilotonne CO2 Equivalent
Iceland,2008,586.608688711014,CH4 Emissions,Kilotonne CO2 Equivalent
Iceland,2007,591.161640049857,CH4 Emissions,Kilotonne CO2 Equivalent
Iceland,2006,589.048342642654,CH4 Emissions,Kilotonne CO2 Equivalent
Iceland,2005,561.803561420248,CH4 Emissions,Kilotonne CO2 Equivalent
Iceland,2004,566.075195778504,CH4 Emissions,Kilotonne CO2 Equivalent
Iceland,2003,564.314880165058,CH4 Emissions,Kilotonne CO2 Equivalent
Iceland,2002,566.717838493313,CH4 Emissions,Kilotonne CO2 Equivalent
Iceland,2001,570.077976632161,CH4 Emissions,Kilotonne CO2 Equivalent
Iceland,2000,558.843790318998,CH4 Emissions,Kilotonne CO2 Equivalent
Iceland,1999,566.017907213725,CH4 Emissions,Kilotonne CO2 Equivalent
Iceland,1998,560.855414397848,CH4 Emissions,Kilotonne CO2 Equivalent
Iceland,1997,548.487618181255,CH4 Emissions,Kilotonne CO2 Equivalent
Iceland,1996,548.365598128893,CH4 Emissions,Kilotonne CO2 Equivalent
Iceland,1995,540.029936360099,CH4 Emissions,Kilotonne CO2 Equivalent
Iceland,1994,543.438194954868,CH4 Emissions,Kilotonne CO2 Equivalent
Iceland,1993,532.44604072678,CH4 Emissions,Kilotonne CO2 Equivalent
Iceland,1992,522.840391711536,CH4 Emissions,Kilotonne CO2 Equivalent
Iceland,1991,516.622937656656,CH4 Emissions,Kilotonne CO2 Equivalent
Iceland,1990,521.754007975608,CH4 Emissions,Kilotonne CO2 Equivalent
Ireland,2014,13433.3537485563,CH4 Emissions,Kilotonne CO2 Equivalent
Ireland,2013,13224.5004360501,CH4 Emissions,Kilotonne CO2 Equivalent
Ireland,2012,12891.0378919229,CH4 Emissions,Kilotonne CO2 Equivalent
Ireland,2011,12594.3956182384,CH4 Emissions,Kilotonne CO2 Equivalent
Ireland,2010,12632.7938618075,CH4 Emissions,Kilotonne CO2 Equivalent
Ireland,2009,12870.7448590899,CH4 Emissions,Kilotonne CO2 Equivalent
Ireland,2008,13206.6583127526,CH4 Emissions,Kilotonne CO2 Equivalent
Ireland,2007,13363.2696736717,CH4 Emissions,Kilotonne CO2 Equivalent
Ireland,2006,13992.2282630042,CH4 Emissions,Kilotonne CO2 Equivalent
Ireland,2005,13980.9114900362,CH4 Emissions,Kilotonne CO2 Equivalent
Ireland,2004,14248.8484604593,CH4 Emissions,Kilotonne CO2 Equivalent
Ireland,2003,15178.8735598674,CH4 Emissions,Kilotonne CO2 Equivalent
Ireland,2002,14525.9879348916,CH4 Emissions,Kilotonne CO2 Equivalent
Ireland,2001,14585.9758649374,CH4 Emissions,Kilotonne CO2 Equivalent
Ireland,2000,14532.2025177425,CH4 Emissions,Kilotonne CO2 Equivalent
Ireland,1999,15104.358411834,CH4 Emissions,Kilotonne CO2 Equivalent
Ireland,1998,15593.8882772154,CH4 Emissions,Kilotonne CO2 Equivalent
Ireland,1997,15348.9427625121,CH4 Emissions,Kilotonne CO2 Equivalent
Ireland,1996,15369.9949793376,CH4 Emissions,Kilotonne CO2 Equivalent
Ireland,1995,15129.7925232797,CH4 Emissions,Kilotonne CO2 Equivalent
Ireland,1994,15111.276023595,CH4 Emissions,Kilotonne CO2 Equivalent
Ireland,1993,15185.062007503,CH4 Emissions,Kilotonne CO2 Equivalent
Ireland,1992,15172.9904306476,CH4 Emissions,Kilotonne CO2 Equivalent
Ireland,1991,15060.9463728375,CH4 Emissions,Kilotonne CO2 Equivalent
Ireland,1990,14881.8267322304,CH4 Emissions,Kilotonne CO2 Equivalent
Italy,2014,43252.0281137566,CH4 Emissions,Kilotonne CO2 Equivalent
Italy,2013,44074.4060266239,CH4 Emissions,Kilotonne CO2 Equivalent
Italy,2012,46521.3334043081,CH4 Emissions,Kilotonne CO2 Equivalent
Italy,2011,46314.0052529268,CH4 Emissions,Kilotonne CO2 Equivalent
Italy,2010,47942.2582321725,CH4 Emissions,Kilotonne CO2 Equivalent
Italy,2009,48435.6439713659,CH4 Emissions,Kilotonne CO2 Equivalent
Italy,2008,49053.2980477557,CH4 Emissions,Kilotonne CO2 Equivalent
Italy,2007,49560.5043849069,CH4 Emissions,Kilotonne CO2 Equivalent
Italy,2006,49344.3616410495,CH4 Emissions,Kilotonne CO2 Equivalent
Italy,2005,50821.1119885594,CH4 Emissions,Kilotonne CO2 Equivalent
Italy,2004,50476.1196194394,CH4 Emissions,Kilotonne CO2 Equivalent
Italy,2003,52723.3992636202,CH4 Emissions,Kilotonne CO2 Equivalent
Italy,2002,53345.4685247307,CH4 Emissions,Kilotonne CO2 Equivalent
Italy,2001,55366.385563849,CH4 Emissions,Kilotonne CO2 Equivalent
Italy,2000,55514.8052878267,CH4 Emissions,Kilotonne CO2 Equivalent
Italy,1999,55371.7154790509,CH4 Emissions,Kilotonne CO2 Equivalent
Italy,1998,55449.6937982996,CH4 Emissions,Kilotonne CO2 Equivalent
Italy,1997,55889.9048270693,CH4 Emissions,Kilotonne CO2 Equivalent
Italy,1996,55293.8708922891,CH4 Emissions,Kilotonne CO2 Equivalent
Italy,1995,54531.9581289499,CH4 Emissions,Kilotonne CO2 Equivalent
Italy,1994,53920.3139635746,CH4 Emissions,Kilotonne CO2 Equivalent
Italy,1993,53531.2373140554,CH4 Emissions,Kilotonne CO2 Equivalent
Italy,1992,53903.3305059745,CH4 Emissions,Kilotonne CO2 Equivalent
Italy,1991,55829.6777542009,CH4 Emissions,Kilotonne CO2 Equivalent
Italy,1990,54530.7700217967,CH4 Emissions,Kilotonne CO2 Equivalent
Japan,2014,35481.8654615459,CH4 Emissions,Kilotonne CO2 Equivalent
Japan,2013,36065.6870031811,CH4 Emissions,Kilotonne CO2 Equivalent
Japan,2012,36452.8171644772,CH4 Emissions,Kilotonne CO2 Equivalent
Japan,2011,37281.6961298776,CH4 Emissions,Kilotonne CO2 Equivalent
Japan,2010,38272.2554555355,CH4 Emissions,Kilotonne CO2 Equivalent
Japan,2009,37169.9662038379,CH4 Emissions,Kilotonne CO2 Equivalent
Japan,2008,38239.0452791275,CH4 Emissions,Kilotonne CO2 Equivalent
Japan,2007,38451.2188340267,CH4 Emissions,Kilotonne CO2 Equivalent
Japan,2006,38194.7591155809,CH4 Emissions,Kilotonne CO2 Equivalent
Japan,2005,38938.2198407023,CH4 Emissions,Kilotonne CO2 Equivalent
Japan,2004,39000.2112346486,CH4 Emissions,Kilotonne CO2 Equivalent
Japan,2003,37561.2962610553,CH4 Emissions,Kilotonne CO2 Equivalent
Japan,2002,39471.6008685318,CH4 Emissions,Kilotonne CO2 Equivalent
Japan,2001,40248.0449840683,CH4 Emissions,Kilotonne CO2 Equivalent
Japan,2000,41474.3035517523,CH4 Emissions,Kilotonne CO2 Equivalent
Japan,1999,41431.0874022745,CH4 Emissions,Kilotonne CO2 Equivalent
Japan,1998,41366.229671637,CH4 Emissions,Kilotonne CO2 Equivalent
Japan,1997,43678.9620385086,CH4 Emissions,Kilotonne CO2 Equivalent
Japan,1996,44503.1722518203,CH4 Emissions,Kilotonne CO2 Equivalent
Japan,1995,45806.8361246506,CH4 Emissions,Kilotonne CO2 Equivalent
Japan,1994,47890.2539354229,CH4 Emissions,Kilotonne CO2 Equivalent
Japan,1993,42802.5676779224,CH4 Emissions,Kilotonne CO2 Equivalent
Japan,1992,48083.2641854464,CH4 Emissions,Kilotonne CO2 Equivalent
Japan,1991,46856.5103039108,CH4 Emissions,Kilotonne CO2 Equivalent
Japan,1990,48582.354583789,CH4 Emissions,Kilotonne CO2 Equivalent
Latvia,2014,2082.2121449712,CH4 Emissions,Kilotonne CO2 Equivalent
Latvia,2013,2010.24333265301,CH4 Emissions,Kilotonne CO2 Equivalent
Latvia,2012,1971.18501563382,CH4 Emissions,Kilotonne CO2 Equivalent
Latvia,2011,1897.76839603949,CH4 Emissions,Kilotonne CO2 Equivalent
Latvia,2010,1949.62204571713,CH4 Emissions,Kilotonne CO2 Equivalent
Latvia,2009,1944.00369228414,CH4 Emissions,Kilotonne CO2 Equivalent
Latvia,2008,1962.60473631884,CH4 Emissions,Kilotonne CO2 Equivalent
Latvia,2007,1967.57532337137,CH4 Emissions,Kilotonne CO2 Equivalent
Latvia,2006,1906.51130709666,CH4 Emissions,Kilotonne CO2 Equivalent
Latvia,2005,1929.4467468179,CH4 Emissions,Kilotonne CO2 Equivalent
Latvia,2004,1871.48610903085,CH4 Emissions,Kilotonne CO2 Equivalent
Latvia,2003,1894.3278431911,CH4 Emissions,Kilotonne CO2 Equivalent
Latvia,2002,1988.24259225888,CH4 Emissions,Kilotonne CO2 Equivalent
Latvia,2001,2011.12796529729,CH4 Emissions,Kilotonne CO2 Equivalent
Latvia,2000,1922.67669825472,CH4 Emissions,Kilotonne CO2 Equivalent
Latvia,1999,1886.83395140844,CH4 Emissions,Kilotonne CO2 Equivalent
Latvia,1998,2020.44763487794,CH4 Emissions,Kilotonne CO2 Equivalent
Latvia,1997,2114.37735818473,CH4 Emissions,Kilotonne CO2 Equivalent
Latvia,1996,2149.65955409861,CH4 Emissions,Kilotonne CO2 Equivalent
Latvia,1995,2195.31337202979,CH4 Emissions,Kilotonne CO2 Equivalent
Latvia,1994,2221.6565284619,CH4 Emissions,Kilotonne CO2 Equivalent
Latvia,1993,2399.58632889774,CH4 Emissions,Kilotonne CO2 Equivalent
Latvia,1992,3127.74322563859,CH4 Emissions,Kilotonne CO2 Equivalent
Latvia,1991,3618.13417296435,CH4 Emissions,Kilotonne CO2 Equivalent
Latvia,1990,3671.25976256575,CH4 Emissions,Kilotonne CO2 Equivalent
Liechtenstein,2014,20.604916295051,CH4 Emissions,Kilotonne CO2 Equivalent
Liechtenstein,2013,19.9010173531568,CH4 Emissions,Kilotonne CO2 Equivalent
Liechtenstein,2012,20.7844563777485,CH4 Emissions,Kilotonne CO2 Equivalent
Liechtenstein,2011,20.3737358553615,CH4 Emissions,Kilotonne CO2 Equivalent
Liechtenstein,2010,19.932714765938,CH4 Emissions,Kilotonne CO2 Equivalent
Liechtenstein,2009,20.4682385094255,CH4 Emissions,Kilotonne CO2 Equivalent
Liechtenstein,2008,20.7477032008307,CH4 Emissions,Kilotonne CO2 Equivalent
Liechtenstein,2007,20.4636383509078,CH4 Emissions,Kilotonne CO2 Equivalent
Liechtenstein,2006,20.0275559533513,CH4 Emissions,Kilotonne CO2 Equivalent
Liechtenstein,2005,19.3132364778163,CH4 Emissions,Kilotonne CO2 Equivalent
Liechtenstein,2004,18.618279576927,CH4 Emissions,Kilotonne CO2 Equivalent
Liechtenstein,2003,18.5453134041077,CH4 Emissions,Kilotonne CO2 Equivalent
Liechtenstein,2002,18.3519930401303,CH4 Emissions,Kilotonne CO2 Equivalent
Liechtenstein,2001,18.0431819588685,CH4 Emissions,Kilotonne CO2 Equivalent
Liechtenstein,2000,17.369543920951,CH4 Emissions,Kilotonne CO2 Equivalent
Liechtenstein,1999,17.6046629524728,CH4 Emissions,Kilotonne CO2 Equivalent
Liechtenstein,1998,18.2353000685398,CH4 Emissions,Kilotonne CO2 Equivalent
Liechtenstein,1997,18.424472166493,CH4 Emissions,Kilotonne CO2 Equivalent
Liechtenstein,1996,18.739888143299,CH4 Emissions,Kilotonne CO2 Equivalent
Liechtenstein,1995,18.3065757362233,CH4 Emissions,Kilotonne CO2 Equivalent
Liechtenstein,1994,18.4095160207945,CH4 Emissions,Kilotonne CO2 Equivalent
Liechtenstein,1993,18.2064697958675,CH4 Emissions,Kilotonne CO2 Equivalent
Liechtenstein,1992,19.0447482728985,CH4 Emissions,Kilotonne CO2 Equivalent
Liechtenstein,1991,19.427332509758,CH4 Emissions,Kilotonne CO2 Equivalent
Liechtenstein,1990,19.5448681479855,CH4 Emissions,Kilotonne CO2 Equivalent
Lithuania,2014,3464.71200906324,CH4 Emissions,Kilotonne CO2 Equivalent
Lithuania,2013,3420.26593617902,CH4 Emissions,Kilotonne CO2 Equivalent
Lithuania,2012,3520.2622326953,CH4 Emissions,Kilotonne CO2 Equivalent
Lithuania,2011,3505.33672585866,CH4 Emissions,Kilotonne CO2 Equivalent
Lithuania,2010,3672.49491174983,CH4 Emissions,Kilotonne CO2 Equivalent
Lithuania,2009,3708.3941133046,CH4 Emissions,Kilotonne CO2 Equivalent
Lithuania,2008,3812.12741354936,CH4 Emissions,Kilotonne CO2 Equivalent
Lithuania,2007,3828.72115070059,CH4 Emissions,Kilotonne CO2 Equivalent
Lithuania,2006,3945.65980476589,CH4 Emissions,Kilotonne CO2 Equivalent
Lithuania,2005,3927.75320855396,CH4 Emissions,Kilotonne CO2 Equivalent
Lithuania,2004,3910.36577809041,CH4 Emissions,Kilotonne CO2 Equivalent
Lithuania,2003,3926.60268517467,CH4 Emissions,Kilotonne CO2 Equivalent
Lithuania,2002,3879.03670913168,CH4 Emissions,Kilotonne CO2 Equivalent
Lithuania,2001,3818.39781470549,CH4 Emissions,Kilotonne CO2 Equivalent
Lithuania,2000,3764.72211005541,CH4 Emissions,Kilotonne CO2 Equivalent
Lithuania,1999,3973.11985881798,CH4 Emissions,Kilotonne CO2 Equivalent
Lithuania,1998,4166.8419588454,CH4 Emissions,Kilotonne CO2 Equivalent
Lithuania,1997,4333.212697407,CH4 Emissions,Kilotonne CO2 Equivalent
Lithuania,1996,4357.3847907889,CH4 Emissions,Kilotonne CO2 Equivalent
Lithuania,1995,4396.41137578976,CH4 Emissions,Kilotonne CO2 Equivalent
Lithuania,1994,4532.41401940857,CH4 Emissions,Kilotonne CO2 Equivalent
Lithuania,1993,4970.26928000649,CH4 Emissions,Kilotonne CO2 Equivalent
Lithuania,1992,5540.78729828295,CH4 Emissions,Kilotonne CO2 Equivalent
Lithuania,1991,6680.69092500982,CH4 Emissions,Kilotonne CO2 Equivalent
Lithuania,1990,7006.655486476,CH4 Emissions,Kilotonne CO2 Equivalent
Luxembourg,2014,578.848945492463,CH4 Emissions,Kilotonne CO2 Equivalent
Luxembourg,2013,571.509112734277,CH4 Emissions,Kilotonne CO2 Equivalent
Luxembourg,2012,567.564137037106,CH4 Emissions,Kilotonne CO2 Equivalent
Luxembourg,2011,579.155090022415,CH4 Emissions,Kilotonne CO2 Equivalent
Luxembourg,2010,605.388342437241,CH4 Emissions,Kilotonne CO2 Equivalent
Luxembourg,2009,596.059166166682,CH4 Emissions,Kilotonne CO2 Equivalent
Luxembourg,2008,594.572638988346,CH4 Emissions,Kilotonne CO2 Equivalent
Luxembourg,2007,586.531291471803,CH4 Emissions,Kilotonne CO2 Equivalent
Luxembourg,2006,576.538031763112,CH4 Emissions,Kilotonne CO2 Equivalent
Luxembourg,2005,581.192207700899,CH4 Emissions,Kilotonne CO2 Equivalent
Luxembourg,2004,583.986684151156,CH4 Emissions,Kilotonne CO2 Equivalent
Luxembourg,2003,589.470578516704,CH4 Emissions,Kilotonne CO2 Equivalent
Luxembourg,2002,602.574388214459,CH4 Emissions,Kilotonne CO2 Equivalent
Luxembourg,2001,605.291655699578,CH4 Emissions,Kilotonne CO2 Equivalent
Luxembourg,2000,605.300360457794,CH4 Emissions,Kilotonne CO2 Equivalent
Luxembourg,1999,612.35769256732,CH4 Emissions,Kilotonne CO2 Equivalent
Luxembourg,1998,609.239933612537,CH4 Emissions,Kilotonne CO2 Equivalent
Luxembourg,1997,614.090221562596,CH4 Emissions,Kilotonne CO2 Equivalent
Luxembourg,1996,616.674302794138,CH4 Emissions,Kilotonne CO2 Equivalent
Luxembourg,1995,610.774874533831,CH4 Emissions,Kilotonne CO2 Equivalent
Luxembourg,1994,597.962358421104,CH4 Emissions,Kilotonne CO2 Equivalent
Luxembourg,1993,616.155806059571,CH4 Emissions,Kilotonne CO2 Equivalent
Luxembourg,1992,617.188043702728,CH4 Emissions,Kilotonne CO2 Equivalent
Luxembourg,1991,626.977822312807,CH4 Emissions,Kilotonne CO2 Equivalent
Luxembourg,1990,619.79720020077,CH4 Emissions,Kilotonne CO2 Equivalent
Malta,2014,196.512672670164,CH4 Emissions,Kilotonne CO2 Equivalent
Malta,2013,188.678404880364,CH4 Emissions,Kilotonne CO2 Equivalent
Malta,2012,186.649388252953,CH4 Emissions,Kilotonne CO2 Equivalent
Malta,2011,185.964580851034,CH4 Emissions,Kilotonne CO2 Equivalent
Malta,2010,196.620159883201,CH4 Emissions,Kilotonne CO2 Equivalent
Malta,2009,185.942106974754,CH4 Emissions,Kilotonne CO2 Equivalent
Malta,2008,174.395966541596,CH4 Emissions,Kilotonne CO2 Equivalent
Malta,2007,173.255722109399,CH4 Emissions,Kilotonne CO2 Equivalent
Malta,2006,161.796877820381,CH4 Emissions,Kilotonne CO2 Equivalent
Malta,2005,149.102920708606,CH4 Emissions,Kilotonne CO2 Equivalent
Malta,2004,139.922725337744,CH4 Emissions,Kilotonne CO2 Equivalent
Malta,2003,134.610429373196,CH4 Emissions,Kilotonne CO2 Equivalent
Malta,2002,133.252574514187,CH4 Emissions,Kilotonne CO2 Equivalent
Malta,2001,132.208824495452,CH4 Emissions,Kilotonne CO2 Equivalent
Malta,2000,130.415984367632,CH4 Emissions,Kilotonne CO2 Equivalent
Malta,1999,118.218004406639,CH4 Emissions,Kilotonne CO2 Equivalent
Malta,1998,113.968647524501,CH4 Emissions,Kilotonne CO2 Equivalent
Malta,1997,121.810701627414,CH4 Emissions,Kilotonne CO2 Equivalent
Malta,1996,114.735396897697,CH4 Emissions,Kilotonne CO2 Equivalent
Malta,1995,112.679326178727,CH4 Emissions,Kilotonne CO2 Equivalent
Malta,1994,107.984439625268,CH4 Emissions,Kilotonne CO2 Equivalent
Malta,1993,100.163487380424,CH4 Emissions,Kilotonne CO2 Equivalent
Malta,1992,91.6735549425145,CH4 Emissions,Kilotonne CO2 Equivalent
Malta,1991,83.84207178692,CH4 Emissions,Kilotonne CO2 Equivalent
Malta,1990,78.2784946699763,CH4 Emissions,Kilotonne CO2 Equivalent
Monaco,2013,2.75869770987175,CH4 Emissions,Kilotonne CO2 Equivalent
Monaco,2012,2.76529965369225,CH4 Emissions,Kilotonne CO2 Equivalent
Monaco,2011,1.5204392572205,CH4 Emissions,Kilotonne CO2 Equivalent
Monaco,2010,2.2046599731715,CH4 Emissions,Kilotonne CO2 Equivalent
Monaco,2009,1.015465806253,CH4 Emissions,Kilotonne CO2 Equivalent
Monaco,2008,2.17628555776875,CH4 Emissions,Kilotonne CO2 Equivalent
Monaco,2007,2.65372153124075,CH4 Emissions,Kilotonne CO2 Equivalent
Monaco,2006,2.61322817193625,CH4 Emissions,Kilotonne CO2 Equivalent
Monaco,2005,2.2835949472065,CH4 Emissions,Kilotonne CO2 Equivalent
Monaco,2004,2.167985793617,CH4 Emissions,Kilotonne CO2 Equivalent
Monaco,2003,1.85785489892875,CH4 Emissions,Kilotonne CO2 Equivalent
Monaco,2002,1.65734907206325,CH4 Emissions,Kilotonne CO2 Equivalent
Monaco,2001,1.9009648622455,CH4 Emissions,Kilotonne CO2 Equivalent
Monaco,2000,2.100792106079,CH4 Emissions,Kilotonne CO2 Equivalent
Monaco,1999,1.84993117768775,CH4 Emissions,Kilotonne CO2 Equivalent
Monaco,1998,1.07595012823325,CH4 Emissions,Kilotonne CO2 Equivalent
Monaco,1997,0.8606488726735,CH4 Emissions,Kilotonne CO2 Equivalent
Monaco,1996,1.347291326578,CH4 Emissions,Kilotonne CO2 Equivalent
Monaco,1995,1.26807228418025,CH4 Emissions,Kilotonne CO2 Equivalent
Monaco,1994,0.849257216906,CH4 Emissions,Kilotonne CO2 Equivalent
Monaco,1993,1.11440107839475,CH4 Emissions,Kilotonne CO2 Equivalent
Monaco,1992,1.42229023836975,CH4 Emissions,Kilotonne CO2 Equivalent
Monaco,1991,1.67470953534925,CH4 Emissions,Kilotonne CO2 Equivalent
Monaco,1990,1.78468944171875,CH4 Emissions,Kilotonne CO2 Equivalent
Netherlands,2014,18771.5091659698,CH4 Emissions,Kilotonne CO2 Equivalent
Netherlands,2013,19166.6903667133,CH4 Emissions,Kilotonne CO2 Equivalent
Netherlands,2012,19178.5113761634,CH4 Emissions,Kilotonne CO2 Equivalent
Netherlands,2011,19508.8084072993,CH4 Emissions,Kilotonne CO2 Equivalent
Netherlands,2010,19991.0218467974,CH4 Emissions,Kilotonne CO2 Equivalent
Netherlands,2009,19915.9141671014,CH4 Emissions,Kilotonne CO2 Equivalent
Netherlands,2008,20131.5259390667,CH4 Emissions,Kilotonne CO2 Equivalent
Netherlands,2007,19995.2227035279,CH4 Emissions,Kilotonne CO2 Equivalent
Netherlands,2006,20009.3230427717,CH4 Emissions,Kilotonne CO2 Equivalent
Netherlands,2005,20384.7089056172,CH4 Emissions,Kilotonne CO2 Equivalent
Netherlands,2004,20966.3301413584,CH4 Emissions,Kilotonne CO2 Equivalent
Netherlands,2003,21683.4239486584,CH4 Emissions,Kilotonne CO2 Equivalent
Netherlands,2002,22787.5104119532,CH4 Emissions,Kilotonne CO2 Equivalent
Netherlands,2001,24252.477084595,CH4 Emissions,Kilotonne CO2 Equivalent
Netherlands,2000,25342.1695646155,CH4 Emissions,Kilotonne CO2 Equivalent
Netherlands,1999,26493.871767821,CH4 Emissions,Kilotonne CO2 Equivalent
Netherlands,1998,27791.9754500505,CH4 Emissions,Kilotonne CO2 Equivalent
Netherlands,1997,28986.5752071457,CH4 Emissions,Kilotonne CO2 Equivalent
Netherlands,1996,29941.6368265097,CH4 Emissions,Kilotonne CO2 Equivalent
Netherlands,1995,30736.1230802944,CH4 Emissions,Kilotonne CO2 Equivalent
Netherlands,1994,31549.133256387,CH4 Emissions,Kilotonne CO2 Equivalent
Netherlands,1993,32645.9685900643,CH4 Emissions,Kilotonne CO2 Equivalent
Netherlands,1992,32902.2308650947,CH4 Emissions,Kilotonne CO2 Equivalent
Netherlands,1991,33327.3813536039,CH4 Emissions,Kilotonne CO2 Equivalent
Netherlands,1990,32906.2235822508,CH4 Emissions,Kilotonne CO2 Equivalent
New Zealand,2014,34813.0112773416,CH4 Emissions,Kilotonne CO2 Equivalent
New Zealand,2013,34615.5036357438,CH4 Emissions,Kilotonne CO2 Equivalent
New Zealand,2012,34720.8163742651,CH4 Emissions,Kilotonne CO2 Equivalent
New Zealand,2011,34235.4903194342,CH4 Emissions,Kilotonne CO2 Equivalent
New Zealand,2010,34057.8688418782,CH4 Emissions,Kilotonne CO2 Equivalent
New Zealand,2009,34150.6927827583,CH4 Emissions,Kilotonne CO2 Equivalent
New Zealand,2008,33678.6106062512,CH4 Emissions,Kilotonne CO2 Equivalent
New Zealand,2007,34736.4523815952,CH4 Emissions,Kilotonne CO2 Equivalent
New Zealand,2006,36072.4207586266,CH4 Emissions,Kilotonne CO2 Equivalent
New Zealand,2005,35965.9762878402,CH4 Emissions,Kilotonne CO2 Equivalent
New Zealand,2004,35664.0383589404,CH4 Emissions,Kilotonne CO2 Equivalent
New Zealand,2003,35658.5319752869,CH4 Emissions,Kilotonne CO2 Equivalent
New Zealand,2002,35417.1902201137,CH4 Emissions,Kilotonne CO2 Equivalent
New Zealand,2001,35437.3491194536,CH4 Emissions,Kilotonne CO2 Equivalent
New Zealand,2000,35269.0187216559,CH4 Emissions,Kilotonne CO2 Equivalent
New Zealand,1999,34329.4057171005,CH4 Emissions,Kilotonne CO2 Equivalent
New Zealand,1998,33956.0663275481,CH4 Emissions,Kilotonne CO2 Equivalent
New Zealand,1997,34701.3779378346,CH4 Emissions,Kilotonne CO2 Equivalent
New Zealand,1996,34018.1175394738,CH4 Emissions,Kilotonne CO2 Equivalent
New Zealand,1995,33311.6528910972,CH4 Emissions,Kilotonne CO2 Equivalent
New Zealand,1994,32947.7413897417,CH4 Emissions,Kilotonne CO2 Equivalent
New Zealand,1993,32212.7506471288,CH4 Emissions,Kilotonne CO2 Equivalent
New Zealand,1992,32085.961697341,CH4 Emissions,Kilotonne CO2 Equivalent
New Zealand,1991,32407.4691855982,CH4 Emissions,Kilotonne CO2 Equivalent
New Zealand,1990,32157.5939588451,CH4 Emissions,Kilotonne CO2 Equivalent
Norway,2014,5369.15135574197,CH4 Emissions,Kilotonne CO2 Equivalent
Norway,2013,5341.82845364398,CH4 Emissions,Kilotonne CO2 Equivalent
Norway,2012,5344.4198428745,CH4 Emissions,Kilotonne CO2 Equivalent
Norway,2011,5377.99251864038,CH4 Emissions,Kilotonne CO2 Equivalent
Norway,2010,5522.60840583578,CH4 Emissions,Kilotonne CO2 Equivalent
Norway,2009,5484.38677327953,CH4 Emissions,Kilotonne CO2 Equivalent
Norway,2008,5562.01889713448,CH4 Emissions,Kilotonne CO2 Equivalent
Norway,2007,5717.367617495,CH4 Emissions,Kilotonne CO2 Equivalent
Norway,2006,5587.77961925883,CH4 Emissions,Kilotonne CO2 Equivalent
Norway,2005,5714.28290780002,CH4 Emissions,Kilotonne CO2 Equivalent
Norway,2004,5923.48070514935,CH4 Emissions,Kilotonne CO2 Equivalent
Norway,2003,5977.83268145929,CH4 Emissions,Kilotonne CO2 Equivalent
Norway,2002,5845.22072585589,CH4 Emissions,Kilotonne CO2 Equivalent
Norway,2001,5998.5660170652,CH4 Emissions,Kilotonne CO2 Equivalent
Norway,2000,5966.43807539703,CH4 Emissions,Kilotonne CO2 Equivalent
Norway,1999,5901.22136802298,CH4 Emissions,Kilotonne CO2 Equivalent
Norway,1998,6004.50907130999,CH4 Emissions,Kilotonne CO2 Equivalent
Norway,1997,6202.65308716493,CH4 Emissions,Kilotonne CO2 Equivalent
Norway,1996,6209.68053681859,CH4 Emissions,Kilotonne CO2 Equivalent
Norway,1995,6147.24144232192,CH4 Emissions,Kilotonne CO2 Equivalent
Norway,1994,6257.2327960805,CH4 Emissions,Kilotonne CO2 Equivalent
Norway,1993,6189.09783545494,CH4 Emissions,Kilotonne CO2 Equivalent
Norway,1992,6109.90977258505,CH4 Emissions,Kilotonne CO2 Equivalent
Norway,1991,6021.96448777375,CH4 Emissions,Kilotonne CO2 Equivalent
Norway,1990,6032.67910764945,CH4 Emissions,Kilotonne CO2 Equivalent
Poland,2014,41330.2239177884,CH4 Emissions,Kilotonne CO2 Equivalent
Poland,2013,42357.1053674555,CH4 Emissions,Kilotonne CO2 Equivalent
Poland,2012,42588.0293419857,CH4 Emissions,Kilotonne CO2 Equivalent
Poland,2011,42128.0184540177,CH4 Emissions,Kilotonne CO2 Equivalent
Poland,2010,43166.3688921373,CH4 Emissions,Kilotonne CO2 Equivalent
Poland,2009,42979.9466687696,CH4 Emissions,Kilotonne CO2 Equivalent
Poland,2008,44522.5329455041,CH4 Emissions,Kilotonne CO2 Equivalent
Poland,2007,45463.6886549986,CH4 Emissions,Kilotonne CO2 Equivalent
Poland,2006,46921.4656459648,CH4 Emissions,Kilotonne CO2 Equivalent
Poland,2005,47127.6113666599,CH4 Emissions,Kilotonne CO2 Equivalent
Poland,2004,47387.9725173312,CH4 Emissions,Kilotonne CO2 Equivalent
Poland,2003,48078.1252906339,CH4 Emissions,Kilotonne CO2 Equivalent
Poland,2002,48140.6929560793,CH4 Emissions,Kilotonne CO2 Equivalent
Poland,2001,50166.704126627,CH4 Emissions,Kilotonne CO2 Equivalent
Poland,2000,49402.9453474548,CH4 Emissions,Kilotonne CO2 Equivalent
Poland,1999,51883.1145515131,CH4 Emissions,Kilotonne CO2 Equivalent
Poland,1998,53196.211518049,CH4 Emissions,Kilotonne CO2 Equivalent
Poland,1997,56997.5006137546,CH4 Emissions,Kilotonne CO2 Equivalent
Poland,1996,57780.8910703342,CH4 Emissions,Kilotonne CO2 Equivalent
Poland,1995,58255.2326354076,CH4 Emissions,Kilotonne CO2 Equivalent
Poland,1994,59184.8167449163,CH4 Emissions,Kilotonne CO2 Equivalent
Poland,1993,59798.5582285691,CH4 Emissions,Kilotonne CO2 Equivalent
Poland,1992,60719.2536724422,CH4 Emissions,Kilotonne CO2 Equivalent
Poland,1991,64062.6127156915,CH4 Emissions,Kilotonne CO2 Equivalent
Poland,1990,67064.0400741522,CH4 Emissions,Kilotonne CO2 Equivalent
Portugal,2014,11374.1561796849,CH4 Emissions,Kilotonne CO2 Equivalent
Portugal,2013,11560.465782546,CH4 Emissions,Kilotonne CO2 Equivalent
Portugal,2012,11798.7302349001,CH4 Emissions,Kilotonne CO2 Equivalent
Portugal,2011,12123.974738762,CH4 Emissions,Kilotonne CO2 Equivalent
Portugal,2010,12108.0204084857,CH4 Emissions,Kilotonne CO2 Equivalent
Portugal,2009,12448.6379070819,CH4 Emissions,Kilotonne CO2 Equivalent
Portugal,2008,12553.8952717715,CH4 Emissions,Kilotonne CO2 Equivalent
Portugal,2007,12799.6306415142,CH4 Emissions,Kilotonne CO2 Equivalent
Portugal,2006,13004.4137934613,CH4 Emissions,Kilotonne CO2 Equivalent
Portugal,2005,13508.0444706683,CH4 Emissions,Kilotonne CO2 Equivalent
Portugal,2004,13521.2698686566,CH4 Emissions,Kilotonne CO2 Equivalent
Portugal,2003,13510.7943363221,CH4 Emissions,Kilotonne CO2 Equivalent
Portugal,2002,13270.3197187701,CH4 Emissions,Kilotonne CO2 Equivalent
Portugal,2001,12958.8787386983,CH4 Emissions,Kilotonne CO2 Equivalent
Portugal,2000,12639.4362223485,CH4 Emissions,Kilotonne CO2 Equivalent
Portugal,1999,12743.7715374656,CH4 Emissions,Kilotonne CO2 Equivalent
Portugal,1998,12531.4768578546,CH4 Emissions,Kilotonne CO2 Equivalent
Portugal,1997,12071.4136178801,CH4 Emissions,Kilotonne CO2 Equivalent
Portugal,1996,11866.5224135865,CH4 Emissions,Kilotonne CO2 Equivalent
Portugal,1995,11863.022133925,CH4 Emissions,Kilotonne CO2 Equivalent
Portugal,1994,11493.1647729527,CH4 Emissions,Kilotonne CO2 Equivalent
Portugal,1993,11040.8233937646,CH4 Emissions,Kilotonne CO2 Equivalent
Portugal,1992,11024.9964012123,CH4 Emissions,Kilotonne CO2 Equivalent
Portugal,1991,10834.9303764926,CH4 Emissions,Kilotonne CO2 Equivalent
Portugal,1990,10599.4817581936,CH4 Emissions,Kilotonne CO2 Equivalent
Romania,2014,29101.498838372,CH4 Emissions,Kilotonne CO2 Equivalent
Romania,2013,29191.884198204,CH4 Emissions,Kilotonne CO2 Equivalent
Romania,2012,29612.0449638371,CH4 Emissions,Kilotonne CO2 Equivalent
Romania,2011,29103.712694332,CH4 Emissions,Kilotonne CO2 Equivalent
Romania,2010,29750.669877696,CH4 Emissions,Kilotonne CO2 Equivalent
Romania,2009,31949.2870169765,CH4 Emissions,Kilotonne CO2 Equivalent
Romania,2008,33537.5507405169,CH4 Emissions,Kilotonne CO2 Equivalent
Romania,2007,34257.4868141058,CH4 Emissions,Kilotonne CO2 Equivalent
Romania,2006,35480.8785188678,CH4 Emissions,Kilotonne CO2 Equivalent
Romania,2005,36102.062476496,CH4 Emissions,Kilotonne CO2 Equivalent
Romania,2004,36332.7137709539,CH4 Emissions,Kilotonne CO2 Equivalent
Romania,2003,37762.3036977547,CH4 Emissions,Kilotonne CO2 Equivalent
Romania,2002,37815.8281581869,CH4 Emissions,Kilotonne CO2 Equivalent
Romania,2001,38303.8426044501,CH4 Emissions,Kilotonne CO2 Equivalent
Romania,2000,36291.1315956144,CH4 Emissions,Kilotonne CO2 Equivalent
Romania,1999,35542.5946511613,CH4 Emissions,Kilotonne CO2 Equivalent
Romania,1998,37069.3177406358,CH4 Emissions,Kilotonne CO2 Equivalent
Romania,1997,39362.6307016748,CH4 Emissions,Kilotonne CO2 Equivalent
Romania,1996,42560.8709800098,CH4 Emissions,Kilotonne CO2 Equivalent
Romania,1995,43002.2946675177,CH4 Emissions,Kilotonne CO2 Equivalent
Romania,1994,43060.8333223704,CH4 Emissions,Kilotonne CO2 Equivalent
Romania,1993,44116.8406111296,CH4 Emissions,Kilotonne CO2 Equivalent
Romania,1992,45874.7728245789,CH4 Emissions,Kilotonne CO2 Equivalent
Romania,1991,51601.7076598056,CH4 Emissions,Kilotonne CO2 Equivalent
Romania,1990,62314.7567421458,CH4 Emissions,Kilotonne CO2 Equivalent
Russian Federation,2014,859101.067596339,CH4 Emissions,Kilotonne CO2 Equivalent
Russian Federation,2013,856648.068476539,CH4 Emissions,Kilotonne CO2 Equivalent
Russian Federation,2012,852552.481621696,CH4 Emissions,Kilotonne CO2 Equivalent
Russian Federation,2011,842543.993580557,CH4 Emissions,Kilotonne CO2 Equivalent
Russian Federation,2010,827300.14885215,CH4 Emissions,Kilotonne CO2 Equivalent
Russian Federation,2009,799070.495434016,CH4 Emissions,Kilotonne CO2 Equivalent
Russian Federation,2008,819537.108753173,CH4 Emissions,Kilotonne CO2 Equivalent
Russian Federation,2007,817694.587677569,CH4 Emissions,Kilotonne CO2 Equivalent
Russian Federation,2006,806182.562699162,CH4 Emissions,Kilotonne CO2 Equivalent
Russian Federation,2005,790311.941662593,CH4 Emissions,Kilotonne CO2 Equivalent
Russian Federation,2004,777315.958937797,CH4 Emissions,Kilotonne CO2 Equivalent
Russian Federation,2003,737661.372592713,CH4 Emissions,Kilotonne CO2 Equivalent
Russian Federation,2002,689309.206365057,CH4 Emissions,Kilotonne CO2 Equivalent
Russian Federation,2001,661581.711232814,CH4 Emissions,Kilotonne CO2 Equivalent
Russian Federation,2000,634332.610865134,CH4 Emissions,Kilotonne CO2 Equivalent
Russian Federation,1999,615217.687290042,CH4 Emissions,Kilotonne CO2 Equivalent
Russian Federation,1998,614448.449154696,CH4 Emissions,Kilotonne CO2 Equivalent
Russian Federation,1997,627871.889657435,CH4 Emissions,Kilotonne CO2 Equivalent
Russian Federation,1996,637618.056003041,CH4 Emissions,Kilotonne CO2 Equivalent
Russian Federation,1995,655448.422294398,CH4 Emissions,Kilotonne CO2 Equivalent
Russian Federation,1994,680641.143637547,CH4 Emissions,Kilotonne CO2 Equivalent
Russian Federation,1993,737770.858518844,CH4 Emissions,Kilotonne CO2 Equivalent
Russian Federation,1992,794953.160990131,CH4 Emissions,Kilotonne CO2 Equivalent
Russian Federation,1991,875196.162996812,CH4 Emissions,Kilotonne CO2 Equivalent
Russian Federation,1990,942383.462118004,CH4 Emissions,Kilotonne CO2 Equivalent
Slovakia,2014,4363.29112322851,CH4 Emissions,Kilotonne CO2 Equivalent
Slovakia,2013,4555.86784703824,CH4 Emissions,Kilotonne CO2 Equivalent
Slovakia,2012,4408.49510534884,CH4 Emissions,Kilotonne CO2 Equivalent
Slovakia,2011,4788.51272057605,CH4 Emissions,Kilotonne CO2 Equivalent
Slovakia,2010,4707.52415289806,CH4 Emissions,Kilotonne CO2 Equivalent
Slovakia,2009,4668.54719152074,CH4 Emissions,Kilotonne CO2 Equivalent
Slovakia,2008,5120.15578648425,CH4 Emissions,Kilotonne CO2 Equivalent
Slovakia,2007,4894.01010856053,CH4 Emissions,Kilotonne CO2 Equivalent
Slovakia,2006,5028.68835754704,CH4 Emissions,Kilotonne CO2 Equivalent
Slovakia,2005,5184.36933254953,CH4 Emissions,Kilotonne CO2 Equivalent
Slovakia,2004,5183.93487150681,CH4 Emissions,Kilotonne CO2 Equivalent
Slovakia,2003,5138.51406858598,CH4 Emissions,Kilotonne CO2 Equivalent
Slovakia,2002,5237.54381346797,CH4 Emissions,Kilotonne CO2 Equivalent
Slovakia,2001,5358.10742688496,CH4 Emissions,Kilotonne CO2 Equivalent
Slovakia,2000,5422.7427246162,CH4 Emissions,Kilotonne CO2 Equivalent
Slovakia,1999,5657.96959573303,CH4 Emissions,Kilotonne CO2 Equivalent
Slovakia,1998,5708.46919242492,CH4 Emissions,Kilotonne CO2 Equivalent
Slovakia,1997,5749.457734349,CH4 Emissions,Kilotonne CO2 Equivalent
Slovakia,1996,6049.61100679276,CH4 Emissions,Kilotonne CO2 Equivalent
Slovakia,1995,6132.90650836921,CH4 Emissions,Kilotonne CO2 Equivalent
Slovakia,1994,5988.53761142181,CH4 Emissions,Kilotonne CO2 Equivalent
Slovakia,1993,6155.26738815384,CH4 Emissions,Kilotonne CO2 Equivalent
Slovakia,1992,6553.87787414712,CH4 Emissions,Kilotonne CO2 Equivalent
Slovakia,1991,6887.8601811054,CH4 Emissions,Kilotonne CO2 Equivalent
Slovakia,1990,7121.2834186975,CH4 Emissions,Kilotonne CO2 Equivalent
Slovenia,2014,1978.92047046031,CH4 Emissions,Kilotonne CO2 Equivalent
Slovenia,2013,2080.22651630495,CH4 Emissions,Kilotonne CO2 Equivalent
Slovenia,2012,2127.71067150079,CH4 Emissions,Kilotonne CO2 Equivalent
Slovenia,2011,2182.15441596544,CH4 Emissions,Kilotonne CO2 Equivalent
Slovenia,2010,2187.90236287205,CH4 Emissions,Kilotonne CO2 Equivalent
Slovenia,2009,2207.16389844843,CH4 Emissions,Kilotonne CO2 Equivalent
Slovenia,2008,2247.92799808857,CH4 Emissions,Kilotonne CO2 Equivalent
Slovenia,2007,2391.90961197287,CH4 Emissions,Kilotonne CO2 Equivalent
Slovenia,2006,2391.73695756628,CH4 Emissions,Kilotonne CO2 Equivalent
Slovenia,2005,2437.58307667229,CH4 Emissions,Kilotonne CO2 Equivalent
Slovenia,2004,2449.21446657268,CH4 Emissions,Kilotonne CO2 Equivalent
Slovenia,2003,2471.36919403308,CH4 Emissions,Kilotonne CO2 Equivalent
Slovenia,2002,2515.78600812245,CH4 Emissions,Kilotonne CO2 Equivalent
Slovenia,2001,2422.01857221348,CH4 Emissions,Kilotonne CO2 Equivalent
Slovenia,2000,2459.12599911899,CH4 Emissions,Kilotonne CO2 Equivalent
Slovenia,1999,2373.46242276013,CH4 Emissions,Kilotonne CO2 Equivalent
Slovenia,1998,2370.50421902455,CH4 Emissions,Kilotonne CO2 Equivalent
Slovenia,1997,2331.42106935408,CH4 Emissions,Kilotonne CO2 Equivalent
Slovenia,1996,2338.37240810363,CH4 Emissions,Kilotonne CO2 Equivalent
Slovenia,1995,2378.69044191864,CH4 Emissions,Kilotonne CO2 Equivalent
Slovenia,1994,2350.49469278122,CH4 Emissions,Kilotonne CO2 Equivalent
Slovenia,1993,2353.82832323806,CH4 Emissions,Kilotonne CO2 Equivalent
Slovenia,1992,2429.87919040936,CH4 Emissions,Kilotonne CO2 Equivalent
Slovenia,1991,2384.36661489612,CH4 Emissions,Kilotonne CO2 Equivalent
Slovenia,1990,2471.36093079217,CH4 Emissions,Kilotonne CO2 Equivalent
Spain,2014,34450.6511625869,CH4 Emissions,Kilotonne CO2 Equivalent
Spain,2013,34043.956531788,CH4 Emissions,Kilotonne CO2 Equivalent
Spain,2012,34614.9874675765,CH4 Emissions,Kilotonne CO2 Equivalent
Spain,2011,35615.1350344722,CH4 Emissions,Kilotonne CO2 Equivalent
Spain,2010,35291.2127611771,CH4 Emissions,Kilotonne CO2 Equivalent
Spain,2009,37270.5119828752,CH4 Emissions,Kilotonne CO2 Equivalent
Spain,2008,35588.3535943915,CH4 Emissions,Kilotonne CO2 Equivalent
Spain,2007,36422.1025275888,CH4 Emissions,Kilotonne CO2 Equivalent
Spain,2006,35804.8128583556,CH4 Emissions,Kilotonne CO2 Equivalent
Spain,2005,35576.2419918783,CH4 Emissions,Kilotonne CO2 Equivalent
Spain,2004,36137.9677434611,CH4 Emissions,Kilotonne CO2 Equivalent
Spain,2003,36826.7232000656,CH4 Emissions,Kilotonne CO2 Equivalent
Spain,2002,36482.1402838537,CH4 Emissions,Kilotonne CO2 Equivalent
Spain,2001,36310.6338952737,CH4 Emissions,Kilotonne CO2 Equivalent
Spain,2000,35247.7130225363,CH4 Emissions,Kilotonne CO2 Equivalent
Spain,1999,34269.9240249584,CH4 Emissions,Kilotonne CO2 Equivalent
Spain,1998,34044.2064020706,CH4 Emissions,Kilotonne CO2 Equivalent
Spain,1997,33553.5165538679,CH4 Emissions,Kilotonne CO2 Equivalent
Spain,1996,32667.3653350493,CH4 Emissions,Kilotonne CO2 Equivalent
Spain,1995,31370.4074782782,CH4 Emissions,Kilotonne CO2 Equivalent
Spain,1994,30913.1253878026,CH4 Emissions,Kilotonne CO2 Equivalent
Spain,1993,30056.5712241291,CH4 Emissions,Kilotonne CO2 Equivalent
Spain,1992,30128.9391822298,CH4 Emissions,Kilotonne CO2 Equivalent
Spain,1991,29619.8064908904,CH4 Emissions,Kilotonne CO2 Equivalent
Spain,1990,29575.3539622042,CH4 Emissions,Kilotonne CO2 Equivalent
Sweden,2014,5158.27460523819,CH4 Emissions,Kilotonne CO2 Equivalent
Sweden,2013,5277.9329959555,CH4 Emissions,Kilotonne CO2 Equivalent
Sweden,2012,5377.20589996254,CH4 Emissions,Kilotonne CO2 Equivalent
Sweden,2011,5564.02878754298,CH4 Emissions,Kilotonne CO2 Equivalent
Sweden,2010,5687.88384904194,CH4 Emissions,Kilotonne CO2 Equivalent
Sweden,2009,5805.53611701953,CH4 Emissions,Kilotonne CO2 Equivalent
Sweden,2008,5936.88253361973,CH4 Emissions,Kilotonne CO2 Equivalent
Sweden,2007,6198.31709727474,CH4 Emissions,Kilotonne CO2 Equivalent
Sweden,2006,6455.72723390608,CH4 Emissions,Kilotonne CO2 Equivalent
Sweden,2005,6559.35989947183,CH4 Emissions,Kilotonne CO2 Equivalent
Sweden,2004,6731.72214167272,CH4 Emissions,Kilotonne CO2 Equivalent
Sweden,2003,6697.65944365526,CH4 Emissions,Kilotonne CO2 Equivalent
Sweden,2002,6905.54276182783,CH4 Emissions,Kilotonne CO2 Equivalent
Sweden,2001,7126.72343791621,CH4 Emissions,Kilotonne CO2 Equivalent
Sweden,2000,7192.46227726898,CH4 Emissions,Kilotonne CO2 Equivalent
Sweden,1999,7404.10061602602,CH4 Emissions,Kilotonne CO2 Equivalent
Sweden,1998,7594.95386962024,CH4 Emissions,Kilotonne CO2 Equivalent
Sweden,1997,7776.31024090937,CH4 Emissions,Kilotonne CO2 Equivalent
Sweden,1996,7839.9346862074,CH4 Emissions,Kilotonne CO2 Equivalent
Sweden,1995,7882.64884569976,CH4 Emissions,Kilotonne CO2 Equivalent
Sweden,1994,7989.14748730005,CH4 Emissions,Kilotonne CO2 Equivalent
Sweden,1993,8078.73506347173,CH4 Emissions,Kilotonne CO2 Equivalent
Sweden,1992,8083.24368960871,CH4 Emissions,Kilotonne CO2 Equivalent
Sweden,1991,7989.38189793243,CH4 Emissions,Kilotonne CO2 Equivalent
Sweden,1990,7989.91210405711,CH4 Emissions,Kilotonne CO2 Equivalent
Switzerland,2014,5095.06928368112,CH4 Emissions,Kilotonne CO2 Equivalent
Switzerland,2013,5095.04936019242,CH4 Emissions,Kilotonne CO2 Equivalent
Switzerland,2012,5164.95570965621,CH4 Emissions,Kilotonne CO2 Equivalent
Switzerland,2011,5206.27074742073,CH4 Emissions,Kilotonne CO2 Equivalent
Switzerland,2010,5271.57952042053,CH4 Emissions,Kilotonne CO2 Equivalent
Switzerland,2009,5292.02775234507,CH4 Emissions,Kilotonne CO2 Equivalent
Switzerland,2008,5375.4107335135,CH4 Emissions,Kilotonne CO2 Equivalent
Switzerland,2007,5296.65119681511,CH4 Emissions,Kilotonne CO2 Equivalent
Switzerland,2006,5316.96272569942,CH4 Emissions,Kilotonne CO2 Equivalent
Switzerland,2005,5302.88222527316,CH4 Emissions,Kilotonne CO2 Equivalent
Switzerland,2004,5285.8499987863,CH4 Emissions,Kilotonne CO2 Equivalent
Switzerland,2003,5317.73163021896,CH4 Emissions,Kilotonne CO2 Equivalent
Switzerland,2002,5395.26998565461,CH4 Emissions,Kilotonne CO2 Equivalent
Switzerland,2001,5429.09432517074,CH4 Emissions,Kilotonne CO2 Equivalent
Switzerland,2000,5388.96544955272,CH4 Emissions,Kilotonne CO2 Equivalent
Switzerland,1999,5422.28424062902,CH4 Emissions,Kilotonne CO2 Equivalent
Switzerland,1998,5523.54865560759,CH4 Emissions,Kilotonne CO2 Equivalent
Switzerland,1997,5594.1066238157,CH4 Emissions,Kilotonne CO2 Equivalent
Switzerland,1996,5736.9447004692,CH4 Emissions,Kilotonne CO2 Equivalent
Switzerland,1995,5776.09283368107,CH4 Emissions,Kilotonne CO2 Equivalent
Switzerland,1994,5783.90634134274,CH4 Emissions,Kilotonne CO2 Equivalent
Switzerland,1993,5835.37716229404,CH4 Emissions,Kilotonne CO2 Equivalent
Switzerland,1992,5943.5191147313,CH4 Emissions,Kilotonne CO2 Equivalent
Switzerland,1991,6023.58758108533,CH4 Emissions,Kilotonne CO2 Equivalent
Switzerland,1990,6086.29442897972,CH4 Emissions,Kilotonne CO2 Equivalent
Turkey,2014,57137.7139091579,CH4 Emissions,Kilotonne CO2 Equivalent
Turkey,2013,56177.4699248097,CH4 Emissions,Kilotonne CO2 Equivalent
Turkey,2012,58027.0063963444,CH4 Emissions,Kilotonne CO2 Equivalent
Turkey,2011,53909.3461767295,CH4 Emissions,Kilotonne CO2 Equivalent
Turkey,2010,51415.1382065348,CH4 Emissions,Kilotonne CO2 Equivalent
Turkey,2009,49378.7268313077,CH4 Emissions,Kilotonne CO2 Equivalent
Turkey,2008,49560.3882549665,CH4 Emissions,Kilotonne CO2 Equivalent
Turkey,2007,48509.6025985556,CH4 Emissions,Kilotonne CO2 Equivalent
Turkey,2006,46145.6795228267,CH4 Emissions,Kilotonne CO2 Equivalent
Turkey,2005,44591.0371768022,CH4 Emissions,Kilotonne CO2 Equivalent
Turkey,2004,42957.6624479264,CH4 Emissions,Kilotonne CO2 Equivalent
Turkey,2003,43383.3566407907,CH4 Emissions,Kilotonne CO2 Equivalent
Turkey,2002,42186.5818252638,CH4 Emissions,Kilotonne CO2 Equivalent
Turkey,2001,44029.502946249,CH4 Emissions,Kilotonne CO2 Equivalent
Turkey,2000,44821.5030613892,CH4 Emissions,Kilotonne CO2 Equivalent
Turkey,1999,44984.1695687879,CH4 Emissions,Kilotonne CO2 Equivalent
Turkey,1998,43468.3479172528,CH4 Emissions,Kilotonne CO2 Equivalent
Turkey,1997,43353.8481224517,CH4 Emissions,Kilotonne CO2 Equivalent
Turkey,1996,44230.7805542568,CH4 Emissions,Kilotonne CO2 Equivalent
Turkey,1995,43881.318616833,CH4 Emissions,Kilotonne CO2 Equivalent
Turkey,1994,44126.2636425085,CH4 Emissions,Kilotonne CO2 Equivalent
Turkey,1993,44556.5476329221,CH4 Emissions,Kilotonne CO2 Equivalent
Turkey,1992,44659.263861418,CH4 Emissions,Kilotonne CO2 Equivalent
Turkey,1991,44842.0060781142,CH4 Emissions,Kilotonne CO2 Equivalent
Turkey,1990,43820.3601995038,CH4 Emissions,Kilotonne CO2 Equivalent
Ukraine,2014,70341.49779823,CH4 Emissions,Kilotonne CO2 Equivalent
Ukraine,2013,76562.5268335439,CH4 Emissions,Kilotonne CO2 Equivalent
Ukraine,2012,80865.701095892,CH4 Emissions,Kilotonne CO2 Equivalent
Ukraine,2011,85863.5766080093,CH4 Emissions,Kilotonne CO2 Equivalent
Ukraine,2010,86107.8301161962,CH4 Emissions,Kilotonne CO2 Equivalent
Ukraine,2009,87087.7692567806,CH4 Emissions,Kilotonne CO2 Equivalent
Ukraine,2008,94169.6993084897,CH4 Emissions,Kilotonne CO2 Equivalent
Ukraine,2007,99448.1505922096,CH4 Emissions,Kilotonne CO2 Equivalent
Ukraine,2006,100145.052387275,CH4 Emissions,Kilotonne CO2 Equivalent
Ukraine,2005,102337.827256208,CH4 Emissions,Kilotonne CO2 Equivalent
Ukraine,2004,105294.379477373,CH4 Emissions,Kilotonne CO2 Equivalent
Ukraine,2003,108659.235719262,CH4 Emissions,Kilotonne CO2 Equivalent
Ukraine,2002,109282.701351881,CH4 Emissions,Kilotonne CO2 Equivalent
Ukraine,2001,116709.217869159,CH4 Emissions,Kilotonne CO2 Equivalent
Ukraine,2000,118474.57628621,CH4 Emissions,Kilotonne CO2 Equivalent
Ukraine,1999,127576.177018233,CH4 Emissions,Kilotonne CO2 Equivalent
Ukraine,1998,127849.31785029,CH4 Emissions,Kilotonne CO2 Equivalent
Ukraine,1997,130581.384834043,CH4 Emissions,Kilotonne CO2 Equivalent
Ukraine,1996,136462.531350641,CH4 Emissions,Kilotonne CO2 Equivalent
Ukraine,1995,140557.060825691,CH4 Emissions,Kilotonne CO2 Equivalent
Ukraine,1994,152153.898575784,CH4 Emissions,Kilotonne CO2 Equivalent
Ukraine,1993,162409.127835875,CH4 Emissions,Kilotonne CO2 Equivalent
Ukraine,1992,171038.14623614,CH4 Emissions,Kilotonne CO2 Equivalent
Ukraine,1991,181262.050249576,CH4 Emissions,Kilotonne CO2 Equivalent
Ukraine,1990,189322.963464903,CH4 Emissions,Kilotonne CO2 Equivalent
United Kingdom,2014,53890.8647627838,CH4 Emissions,Kilotonne CO2 Equivalent
United Kingdom,2013,56195.5118644143,CH4 Emissions,Kilotonne CO2 Equivalent
United Kingdom,2012,60961.9140389103,CH4 Emissions,Kilotonne CO2 Equivalent
United Kingdom,2011,63739.8912348792,CH4 Emissions,Kilotonne CO2 Equivalent
United Kingdom,2010,66694.9389076353,CH4 Emissions,Kilotonne CO2 Equivalent
United Kingdom,2009,72125.315458803,CH4 Emissions,Kilotonne CO2 Equivalent
United Kingdom,2008,78550.1722167093,CH4 Emissions,Kilotonne CO2 Equivalent
United Kingdom,2007,84539.0150829793,CH4 Emissions,Kilotonne CO2 Equivalent
United Kingdom,2006,88581.9368741875,CH4 Emissions,Kilotonne CO2 Equivalent
United Kingdom,2005,92488.4413042543,CH4 Emissions,Kilotonne CO2 Equivalent
United Kingdom,2004,97862.7540762458,CH4 Emissions,Kilotonne CO2 Equivalent
United Kingdom,2003,102618.540465135,CH4 Emissions,Kilotonne CO2 Equivalent
United Kingdom,2002,107770.759393659,CH4 Emissions,Kilotonne CO2 Equivalent
United Kingdom,2001,109992.684875697,CH4 Emissions,Kilotonne CO2 Equivalent
United Kingdom,2000,114951.354845456,CH4 Emissions,Kilotonne CO2 Equivalent
United Kingdom,1999,119677.351145818,CH4 Emissions,Kilotonne CO2 Equivalent
United Kingdom,1998,124554.185183254,CH4 Emissions,Kilotonne CO2 Equivalent
United Kingdom,1997,127791.871600672,CH4 Emissions,Kilotonne CO2 Equivalent
United Kingdom,1996,130231.724714821,CH4 Emissions,Kilotonne CO2 Equivalent
United Kingdom,1995,130927.696076743,CH4 Emissions,Kilotonne CO2 Equivalent
United Kingdom,1994,128718.699057069,CH4 Emissions,Kilotonne CO2 Equivalent
United Kingdom,1993,135765.417974994,CH4 Emissions,Kilotonne CO2 Equivalent
United Kingdom,1992,137621.814117708,CH4 Emissions,Kilotonne CO2 Equivalent
United Kingdom,1991,138188.478428113,CH4 Emissions,Kilotonne CO2 Equivalent
United Kingdom,1990,137607.97835943,CH4 Emissions,Kilotonne CO2 Equivalent
United States of America,2014,730828.659455192,CH4 Emissions,Kilotonne CO2 Equivalent
United States of America,2013,721475.055605471,CH4 Emissions,Kilotonne CO2 Equivalent
United States of America,2012,714401.17249108,CH4 Emissions,Kilotonne CO2 Equivalent
United States of America,2011,717423.690198875,CH4 Emissions,Kilotonne CO2 Equivalent
United States of America,2010,722410.566141546,CH4 Emissions,Kilotonne CO2 Equivalent
United States of America,2009,735358.695211077,CH4 Emissions,Kilotonne CO2 Equivalent
United States of America,2008,738889.54094161,CH4 Emissions,Kilotonne CO2 Equivalent
United States of America,2007,725974.6403866,CH4 Emissions,Kilotonne CO2 Equivalent
United States of America,2006,719580.692062306,CH4 Emissions,Kilotonne CO2 Equivalent
United States of America,2005,717356.20467005,CH4 Emissions,Kilotonne CO2 Equivalent
United States of America,2004,704886.776627103,CH4 Emissions,Kilotonne CO2 Equivalent
United States of America,2003,708554.517044191,CH4 Emissions,Kilotonne CO2 Equivalent
United States of America,2002,706330.241904929,CH4 Emissions,Kilotonne CO2 Equivalent
United States of America,2001,712676.764973809,CH4 Emissions,Kilotonne CO2 Equivalent
United States of America,2000,717473.935246073,CH4 Emissions,Kilotonne CO2 Equivalent
United States of America,1999,723454.873639721,CH4 Emissions,Kilotonne CO2 Equivalent
United States of America,1998,737821.420619752,CH4 Emissions,Kilotonne CO2 Equivalent
United States of America,1997,747177.110142734,CH4 Emissions,Kilotonne CO2 Equivalent
United States of America,1996,762203.846175451,CH4 Emissions,Kilotonne CO2 Equivalent
United States of America,1995,767943.405720072,CH4 Emissions,Kilotonne CO2 Equivalent
United States of America,1994,770450.426146208,CH4 Emissions,Kilotonne CO2 Equivalent
United States of America,1993,764089.671266567,CH4 Emissions,Kilotonne CO2 Equivalent
United States of America,1992,776869.789751931,CH4 Emissions,Kilotonne CO2 Equivalent
United States of America,1991,777034.220915012,CH4 Emissions,Kilotonne CO2 Equivalent
United States of America,1990,773854.896420295,CH4 Emissions,Kilotonne CO2 Equivalent
Austria,2014,10.56252,NF3 Emissions,Kilotonne CO2 Equivalent
Austria,2013,9.7524,NF3 Emissions,Kilotonne CO2 Equivalent
Austria,2012,8.56388,NF3 Emissions,Kilotonne CO2 Equivalent
Austria,2011,4.1022,NF3 Emissions,Kilotonne CO2 Equivalent
Austria,2010,4.11596,NF3 Emissions,Kilotonne CO2 Equivalent
Austria,2009,4.5408,NF3 Emissions,Kilotonne CO2 Equivalent
Austria,2008,53.47136,NF3 Emissions,Kilotonne CO2 Equivalent
Austria,2007,59.3916,NF3 Emissions,Kilotonne CO2 Equivalent
Austria,2006,32.7316,NF3 Emissions,Kilotonne CO2 Equivalent
Austria,2005,28.1564,NF3 Emissions,Kilotonne CO2 Equivalent
Austria,2004,26.5396,NF3 Emissions,Kilotonne CO2 Equivalent
Austria,2003,21.555384,NF3 Emissions,Kilotonne CO2 Equivalent
Austria,2002,10.5092,NF3 Emissions,Kilotonne CO2 Equivalent
Austria,2001,10.5092,NF3 Emissions,Kilotonne CO2 Equivalent
Austria,2000,10.5092,NF3 Emissions,Kilotonne CO2 Equivalent
Austria,1999,8.236693877544,NF3 Emissions,Kilotonne CO2 Equivalent
Austria,1998,9.430603636348,NF3 Emissions,Kilotonne CO2 Equivalent
Austria,1997,15.52644,NF3 Emissions,Kilotonne CO2 Equivalent
Austria,1996,7.92576,NF3 Emissions,Kilotonne CO2 Equivalent
Austria,1995,6.43968,NF3 Emissions,Kilotonne CO2 Equivalent
Austria,1994,0.75852,NF3 Emissions,Kilotonne CO2 Equivalent
Belgium,2014,0.68972,NF3 Emissions,Kilotonne CO2 Equivalent
Belgium,2013,1.24184,NF3 Emissions,Kilotonne CO2 Equivalent
Belgium,2012,1.118,NF3 Emissions,Kilotonne CO2 Equivalent
Belgium,2011,2.47508,NF3 Emissions,Kilotonne CO2 Equivalent
Belgium,2010,1.3244,NF3 Emissions,Kilotonne CO2 Equivalent
Belgium,2009,0.5676,NF3 Emissions,Kilotonne CO2 Equivalent
Belgium,2008,0.6708,NF3 Emissions,Kilotonne CO2 Equivalent
Canada,2014,0.151044896,NF3 Emissions,Kilotonne CO2 Equivalent
Canada,2013,0.151044896,NF3 Emissions,Kilotonne CO2 Equivalent
Canada,2012,0.151044896,NF3 Emissions,Kilotonne CO2 Equivalent
Canada,2011,0.151044896,NF3 Emissions,Kilotonne CO2 Equivalent
Canada,2010,0.151044896,NF3 Emissions,Kilotonne CO2 Equivalent
Canada,2009,0.159715358724,NF3 Emissions,Kilotonne CO2 Equivalent
Canada,2008,0.168385821276,NF3 Emissions,Kilotonne CO2 Equivalent
Canada,2007,0.177056284,NF3 Emissions,Kilotonne CO2 Equivalent
Canada,2006,0.185726746724,NF3 Emissions,Kilotonne CO2 Equivalent
Canada,2005,0.194397209276,NF3 Emissions,Kilotonne CO2 Equivalent
Canada,2004,0.203067672,NF3 Emissions,Kilotonne CO2 Equivalent
Canada,2003,0.211738134724,NF3 Emissions,Kilotonne CO2 Equivalent
Canada,2002,0.220408597276,NF3 Emissions,Kilotonne CO2 Equivalent
Canada,2001,0.22907906,NF3 Emissions,Kilotonne CO2 Equivalent
Canada,2000,0.237749522724,NF3 Emissions,Kilotonne CO2 Equivalent
Canada,1999,0.246419985276,NF3 Emissions,Kilotonne CO2 Equivalent
Canada,1998,0.255090448,NF3 Emissions,Kilotonne CO2 Equivalent
Canada,1997,0.263760910724,NF3 Emissions,Kilotonne CO2 Equivalent
Canada,1996,0.272431373276,NF3 Emissions,Kilotonne CO2 Equivalent
Canada,1995,0.281101836,NF3 Emissions,Kilotonne CO2 Equivalent
Canada,1994,0.289772298724,NF3 Emissions,Kilotonne CO2 Equivalent
Canada,1993,0.298442761276,NF3 Emissions,Kilotonne CO2 Equivalent
Canada,1992,0.307113224,NF3 Emissions,Kilotonne CO2 Equivalent
Canada,1991,0.315783686724,NF3 Emissions,Kilotonne CO2 Equivalent
Canada,1990,0.324454149276,NF3 Emissions,Kilotonne CO2 Equivalent
Czech Republic,2014,2.35296,NF3 Emissions,Kilotonne CO2 Equivalent
Czech Republic,2013,3.82356,NF3 Emissions,Kilotonne CO2 Equivalent
Czech Republic,2012,1.7974,NF3 Emissions,Kilotonne CO2 Equivalent
European Union,2014,74.339224081068,NF3 Emissions,Kilotonne CO2 Equivalent
European Union,2013,68.492991964148,NF3 Emissions,Kilotonne CO2 Equivalent
European Union,2012,93.1290384431,NF3 Emissions,Kilotonne CO2 Equivalent
European Union,2011,127.22133417034,NF3 Emissions,Kilotonne CO2 Equivalent
European Union,2010,119.446191157172,NF3 Emissions,Kilotonne CO2 Equivalent
European Union,2009,77.369604336128,NF3 Emissions,Kilotonne CO2 Equivalent
European Union,2008,149.150632422208,NF3 Emissions,Kilotonne CO2 Equivalent
European Union,2007,163.03676748804,NF3 Emissions,Kilotonne CO2 Equivalent
European Union,2006,141.023426929852,NF3 Emissions,Kilotonne CO2 Equivalent
European Union,2005,155.965446411044,NF3 Emissions,Kilotonne CO2 Equivalent
European Union,2004,132.425271746812,NF3 Emissions,Kilotonne CO2 Equivalent
European Union,2003,146.820604989224,NF3 Emissions,Kilotonne CO2 Equivalent
European Union,2002,133.944841610532,NF3 Emissions,Kilotonne CO2 Equivalent
European Union,2001,82.369082539064,NF3 Emissions,Kilotonne CO2 Equivalent
European Union,2000,115.813276128828,NF3 Emissions,Kilotonne CO2 Equivalent
European Union,1999,60.790961401372,NF3 Emissions,Kilotonne CO2 Equivalent
European Union,1998,116.818673629288,NF3 Emissions,Kilotonne CO2 Equivalent
European Union,1997,103.422374691952,NF3 Emissions,Kilotonne CO2 Equivalent
European Union,1996,69.4206446022,NF3 Emissions,Kilotonne CO2 Equivalent
European Union,1995,43.481083627964,NF3 Emissions,Kilotonne CO2 Equivalent
European Union,1994,32.494030108916,NF3 Emissions,Kilotonne CO2 Equivalent
European Union,1993,29.44722859624,NF3 Emissions,Kilotonne CO2 Equivalent
European Union,1992,27.37071480848,NF3 Emissions,Kilotonne CO2 Equivalent
European Union,1991,25.486229029928,NF3 Emissions,Kilotonne CO2 Equivalent
European Union,1990,23.775889730364,NF3 Emissions,Kilotonne CO2 Equivalent
France,2014,10.6296,NF3 Emissions,Kilotonne CO2 Equivalent
France,2013,10.6296,NF3 Emissions,Kilotonne CO2 Equivalent
France,2012,20.3992,NF3 Emissions,Kilotonne CO2 Equivalent
France,2011,31.3556,NF3 Emissions,Kilotonne CO2 Equivalent
France,2010,32.1296,NF3 Emissions,Kilotonne CO2 Equivalent
France,2009,24.9572,NF3 Emissions,Kilotonne CO2 Equivalent
France,2008,46.354,NF3 Emissions,Kilotonne CO2 Equivalent
France,2007,42.1056,NF3 Emissions,Kilotonne CO2 Equivalent
France,2006,29.756,NF3 Emissions,Kilotonne CO2 Equivalent
France,2005,31.2696,NF3 Emissions,Kilotonne CO2 Equivalent
France,2004,35.544820182568,NF3 Emissions,Kilotonne CO2 Equivalent
France,2003,30.46698872794,NF3 Emissions,Kilotonne CO2 Equivalent
France,2002,35.544820182568,NF3 Emissions,Kilotonne CO2 Equivalent
France,2001,28.445694444368,NF3 Emissions,Kilotonne CO2 Equivalent
France,2000,19.891693827152,NF3 Emissions,Kilotonne CO2 Equivalent
France,1999,28.409592493876,NF3 Emissions,Kilotonne CO2 Equivalent
France,1998,89.6997888,NF3 Emissions,Kilotonne CO2 Equivalent
France,1997,72.8315424,NF3 Emissions,Kilotonne CO2 Equivalent
France,1996,48.594816,NF3 Emissions,Kilotonne CO2 Equivalent
France,1995,26.5426272,NF3 Emissions,Kilotonne CO2 Equivalent
France,1994,24.129661090956,NF3 Emissions,Kilotonne CO2 Equivalent
France,1993,21.936055537264,NF3 Emissions,Kilotonne CO2 Equivalent
France,1992,19.94186867024,NF3 Emissions,Kilotonne CO2 Equivalent
France,1991,18.1289715184,NF3 Emissions,Kilotonne CO2 Equivalent
France,1990,16.480883198436,NF3 Emissions,Kilotonne CO2 Equivalent
Germany,2014,20.2788,NF3 Emissions,Kilotonne CO2 Equivalent
Germany,2013,16.0304,NF3 Emissions,Kilotonne CO2 Equivalent
Germany,2012,35.207000092,NF3 Emissions,Kilotonne CO2 Equivalent
Germany,2011,61.206666636,NF3 Emissions,Kilotonne CO2 Equivalent
Germany,2010,61.433666732,NF3 Emissions,Kilotonne CO2 Equivalent
Germany,2009,29.081333268,NF3 Emissions,Kilotonne CO2 Equivalent
Germany,2008,29.595868,NF3 Emissions,Kilotonne CO2 Equivalent
Germany,2007,12.0228,NF3 Emissions,Kilotonne CO2 Equivalent
Germany,2006,27.83992,NF3 Emissions,Kilotonne CO2 Equivalent
Germany,2005,34.48944,NF3 Emissions,Kilotonne CO2 Equivalent
Germany,2004,22.814366724,NF3 Emissions,Kilotonne CO2 Equivalent
Germany,2003,19.377233276,NF3 Emissions,Kilotonne CO2 Equivalent
Germany,2002,12.219166724,NF3 Emissions,Kilotonne CO2 Equivalent
Germany,2001,7.820266724,NF3 Emissions,Kilotonne CO2 Equivalent
Germany,2000,8.91605,NF3 Emissions,Kilotonne CO2 Equivalent
Germany,1999,6.685066724,NF3 Emissions,Kilotonne CO2 Equivalent
Germany,1998,7.583766724,NF3 Emissions,Kilotonne CO2 Equivalent
Germany,1997,7.8518,NF3 Emissions,Kilotonne CO2 Equivalent
Germany,1996,7.221133276,NF3 Emissions,Kilotonne CO2 Equivalent
Germany,1995,5.289716724,NF3 Emissions,Kilotonne CO2 Equivalent
Germany,1994,6.88,NF3 Emissions,Kilotonne CO2 Equivalent
Germany,1993,6.88,NF3 Emissions,Kilotonne CO2 Equivalent
Germany,1992,6.88,NF3 Emissions,Kilotonne CO2 Equivalent
Germany,1991,6.88,NF3 Emissions,Kilotonne CO2 Equivalent
Germany,1990,6.88,NF3 Emissions,Kilotonne CO2 Equivalent
Ireland,2014,0.961015872964,NF3 Emissions,Kilotonne CO2 Equivalent
Ireland,2013,0.900952380936,NF3 Emissions,Kilotonne CO2 Equivalent
Ireland,2012,0.78082539688,NF3 Emissions,Kilotonne CO2 Equivalent
Ireland,2007,37.668,NF3 Emissions,Kilotonne CO2 Equivalent
Ireland,2006,28.208,NF3 Emissions,Kilotonne CO2 Equivalent
Ireland,2005,28.38,NF3 Emissions,Kilotonne CO2 Equivalent
Ireland,2004,18.0772,NF3 Emissions,Kilotonne CO2 Equivalent
Ireland,2003,46.6292,NF3 Emissions,Kilotonne CO2 Equivalent
Ireland,2002,46.5776,NF3 Emissions,Kilotonne CO2 Equivalent
Ireland,2001,21.7752,NF3 Emissions,Kilotonne CO2 Equivalent
Ireland,2000,49.1748,NF3 Emissions,Kilotonne CO2 Equivalent
Ireland,1999,3.787666666588,NF3 Emissions,Kilotonne CO2 Equivalent
Ireland,1998,4.19100000004,NF3 Emissions,Kilotonne CO2 Equivalent
Ireland,1997,6.108666666672,NF3 Emissions,Kilotonne CO2 Equivalent
Ireland,1996,4.719000000064,NF3 Emissions,Kilotonne CO2 Equivalent
Ireland,1995,4.374333333396,NF3 Emissions,Kilotonne CO2 Equivalent
Italy,2014,28.1746666666,NF3 Emissions,Kilotonne CO2 Equivalent
Italy,2013,25.695999999964,NF3 Emissions,Kilotonne CO2 Equivalent
Italy,2012,24.93333333332,NF3 Emissions,Kilotonne CO2 Equivalent
Italy,2011,27.782333333256,NF3 Emissions,Kilotonne CO2 Equivalent
Italy,2010,20.17033333334,NF3 Emissions,Kilotonne CO2 Equivalent
Italy,2009,17.966666666652,NF3 Emissions,Kilotonne CO2 Equivalent
Italy,2008,18.78800000008,NF3 Emissions,Kilotonne CO2 Equivalent
Italy,2007,11.568333333336,NF3 Emissions,Kilotonne CO2 Equivalent
Italy,2006,22.201666666608,NF3 Emissions,Kilotonne CO2 Equivalent
Italy,2005,33.38133333336,NF3 Emissions,Kilotonne CO2 Equivalent
Italy,2004,28.860333333348,NF3 Emissions,Kilotonne CO2 Equivalent
Italy,2003,27.83733333328,NF3 Emissions,Kilotonne CO2 Equivalent
Italy,2002,28.060999999964,NF3 Emissions,Kilotonne CO2 Equivalent
Italy,2001,12.785666666696,NF3 Emissions,Kilotonne CO2 Equivalent
Italy,2000,25.628,NF3 Emissions,Kilotonne CO2 Equivalent
Italy,1999,12.212,NF3 Emissions,Kilotonne CO2 Equivalent
Italy,1998,4.644,NF3 Emissions,Kilotonne CO2 Equivalent
Japan,2014,830.718458569632,NF3 Emissions,Kilotonne CO2 Equivalent
Japan,2013,1360.95736567399,NF3 Emissions,Kilotonne CO2 Equivalent
Japan,2012,1255.57224938292,NF3 Emissions,Kilotonne CO2 Equivalent
Japan,2011,1561.29996890664,NF3 Emissions,Kilotonne CO2 Equivalent
Japan,2010,1369.46147154892,NF3 Emissions,Kilotonne CO2 Equivalent
Japan,2009,1166.67539751926,NF3 Emissions,Kilotonne CO2 Equivalent
Japan,2008,1173.15965386692,NF3 Emissions,Kilotonne CO2 Equivalent
Japan,2007,1210.1174562836,NF3 Emissions,Kilotonne CO2 Equivalent
Japan,2006,1093.43374395054,NF3 Emissions,Kilotonne CO2 Equivalent
Japan,2005,1249.8727115608,NF3 Emissions,Kilotonne CO2 Equivalent
Japan,2004,367.35833940564,NF3 Emissions,Kilotonne CO2 Equivalent
Japan,2003,299.13627155916,NF3 Emissions,Kilotonne CO2 Equivalent
Japan,2002,271.722833062316,NF3 Emissions,Kilotonne CO2 Equivalent
Japan,2001,195.052910487684,NF3 Emissions,Kilotonne CO2 Equivalent
Japan,2000,186.012616078876,NF3 Emissions,Kilotonne CO2 Equivalent
Japan,1999,282.58917107368,NF3 Emissions,Kilotonne CO2 Equivalent
Japan,1998,172.654668087492,NF3 Emissions,Kilotonne CO2 Equivalent
Japan,1997,172.779350425156,NF3 Emissions,Kilotonne CO2 Equivalent
Japan,1996,194.2741310511,NF3 Emissions,Kilotonne CO2 Equivalent
Japan,1995,202.814098845872,NF3 Emissions,Kilotonne CO2 Equivalent
Japan,1994,76.740469833708,NF3 Emissions,Kilotonne CO2 Equivalent
Japan,1993,43.851697047784,NF3 Emissions,Kilotonne CO2 Equivalent
Japan,1992,32.888772785924,NF3 Emissions,Kilotonne CO2 Equivalent
Japan,1991,32.888772785924,NF3 Emissions,Kilotonne CO2 Equivalent
Japan,1990,32.888772785924,NF3 Emissions,Kilotonne CO2 Equivalent
Lithuania,2014,0.291368,NF3 Emissions,Kilotonne CO2 Equivalent
Lithuania,2013,0.0559,NF3 Emissions,Kilotonne CO2 Equivalent
Switzerland,2014,0.40358682,NF3 Emissions,Kilotonne CO2 Equivalent
Switzerland,2013,0.09478404,NF3 Emissions,Kilotonne CO2 Equivalent
Switzerland,2012,0.36162828,NF3 Emissions,Kilotonne CO2 Equivalent
Switzerland,2011,6.218316,NF3 Emissions,Kilotonne CO2 Equivalent
Switzerland,2010,8.45328744,NF3 Emissions,Kilotonne CO2 Equivalent
Switzerland,2009,5.0984154,NF3 Emissions,Kilotonne CO2 Equivalent
Switzerland,2008,0.082226664,NF3 Emissions,Kilotonne CO2 Equivalent
United Kingdom,2014,0.398573541504,NF3 Emissions,Kilotonne CO2 Equivalent
United Kingdom,2013,0.362339583076,NF3 Emissions,Kilotonne CO2 Equivalent
United Kingdom,2012,0.329399621072,NF3 Emissions,Kilotonne CO2 Equivalent
United Kingdom,2011,0.299454200912,NF3 Emissions,Kilotonne CO2 Equivalent
United Kingdom,2010,0.272231091832,NF3 Emissions,Kilotonne CO2 Equivalent
United Kingdom,2009,0.256004401476,NF3 Emissions,Kilotonne CO2 Equivalent
United Kingdom,2008,0.270604422128,NF3 Emissions,Kilotonne CO2 Equivalent
United Kingdom,2007,0.280434154704,NF3 Emissions,Kilotonne CO2 Equivalent
United Kingdom,2006,0.286240263072,NF3 Emissions,Kilotonne CO2 Equivalent
United Kingdom,2005,0.288673077856,NF3 Emissions,Kilotonne CO2 Equivalent
United Kingdom,2004,0.588951506896,NF3 Emissions,Kilotonne CO2 Equivalent
United Kingdom,2003,0.954465652004,NF3 Emissions,Kilotonne CO2 Equivalent
United Kingdom,2002,1.033054704,NF3 Emissions,Kilotonne CO2 Equivalent
United Kingdom,2001,1.033054704,NF3 Emissions,Kilotonne CO2 Equivalent
United Kingdom,2000,1.693532301676,NF3 Emissions,Kilotonne CO2 Equivalent
United Kingdom,1999,1.459941639364,NF3 Emissions,Kilotonne CO2 Equivalent
United Kingdom,1998,1.269514469072,NF3 Emissions,Kilotonne CO2 Equivalent
United Kingdom,1997,1.10392562528,NF3 Emissions,Kilotonne CO2 Equivalent
United Kingdom,1996,0.959935326308,NF3 Emissions,Kilotonne CO2 Equivalent
United Kingdom,1995,0.83472637074,NF3 Emissions,Kilotonne CO2 Equivalent
United Kingdom,1994,0.72584901796,NF3 Emissions,Kilotonne CO2 Equivalent
United Kingdom,1993,0.631173059148,NF3 Emissions,Kilotonne CO2 Equivalent
United Kingdom,1992,0.548846138412,NF3 Emissions,Kilotonne CO2 Equivalent
United Kingdom,1991,0.477257511528,NF3 Emissions,Kilotonne CO2 Equivalent
United Kingdom,1990,0.415006531756,NF3 Emissions,Kilotonne CO2 Equivalent
United States of America,2014,490.436084869056,NF3 Emissions,Kilotonne CO2 Equivalent
United States of America,2013,600.342162922652,NF3 Emissions,Kilotonne CO2 Equivalent
United States of America,2012,631.9903120912,NF3 Emissions,Kilotonne CO2 Equivalent
United States of America,2011,668.9316610252,NF3 Emissions,Kilotonne CO2 Equivalent
United States of America,2010,562.170247661056,NF3 Emissions,Kilotonne CO2 Equivalent
United States of America,2009,471.796632971868,NF3 Emissions,Kilotonne CO2 Equivalent
United States of America,2008,595.280502868464,NF3 Emissions,Kilotonne CO2 Equivalent
United States of America,2007,574.867499859348,NF3 Emissions,Kilotonne CO2 Equivalent
United States of America,2006,701.351638085384,NF3 Emissions,Kilotonne CO2 Equivalent
United States of America,2005,496.0699975186,NF3 Emissions,Kilotonne CO2 Equivalent
United States of America,2004,551.286665189756,NF3 Emissions,Kilotonne CO2 Equivalent
United States of America,2003,532.762575151472,NF3 Emissions,Kilotonne CO2 Equivalent
United States of America,2002,556.238230633404,NF3 Emissions,Kilotonne CO2 Equivalent
United States of America,2001,229.040863134056,NF3 Emissions,Kilotonne CO2 Equivalent
United States of America,2000,205.737678618912,NF3 Emissions,Kilotonne CO2 Equivalent
United States of America,1999,121.542986341272,NF3 Emissions,Kilotonne CO2 Equivalent
United States of America,1998,119.775167312696,NF3 Emissions,Kilotonne CO2 Equivalent
United States of America,1997,97.681870189508,NF3 Emissions,Kilotonne CO2 Equivalent
United States of America,1996,92.431742127244,NF3 Emissions,Kilotonne CO2 Equivalent
United States of America,1995,83.237130754636,NF3 Emissions,Kilotonne CO2 Equivalent
United States of America,1994,65.892166540752,NF3 Emissions,Kilotonne CO2 Equivalent
United States of America,1993,59.90196958258,NF3 Emissions,Kilotonne CO2 Equivalent
United States of America,1992,47.921575666064,NF3 Emissions,Kilotonne CO2 Equivalent
United States of America,1991,47.921575666064,NF3 Emissions,Kilotonne CO2 Equivalent
United States of America,1990,47.921575666064,NF3 Emissions,Kilotonne CO2 Equivalent
Australia,2014,20084.5428336262,N2O Emissions,Kilotonne CO2 Equivalent
Australia,2013,19756.4526473437,N2O Emissions,Kilotonne CO2 Equivalent
Australia,2012,20342.3834778016,N2O Emissions,Kilotonne CO2 Equivalent
Australia,2011,20034.5751488136,N2O Emissions,Kilotonne CO2 Equivalent
Australia,2010,19698.2988200131,N2O Emissions,Kilotonne CO2 Equivalent
Australia,2009,19607.6331429126,N2O Emissions,Kilotonne CO2 Equivalent
Australia,2008,18908.2807875882,N2O Emissions,Kilotonne CO2 Equivalent
Australia,2007,18963.1189905204,N2O Emissions,Kilotonne CO2 Equivalent
Australia,2006,20224.6064878925,N2O Emissions,Kilotonne CO2 Equivalent
Australia,2005,20405.8158065194,N2O Emissions,Kilotonne CO2 Equivalent
Australia,2004,20163.2401501925,N2O Emissions,Kilotonne CO2 Equivalent
Australia,2003,18765.2767014156,N2O Emissions,Kilotonne CO2 Equivalent
Australia,2002,19712.7323287489,N2O Emissions,Kilotonne CO2 Equivalent
Australia,2001,19182.286785683,N2O Emissions,Kilotonne CO2 Equivalent
Australia,2000,18949.169567302,N2O Emissions,Kilotonne CO2 Equivalent
Australia,1999,17933.4397904515,N2O Emissions,Kilotonne CO2 Equivalent
Australia,1998,17743.9131061779,N2O Emissions,Kilotonne CO2 Equivalent
Australia,1997,17201.8907825515,N2O Emissions,Kilotonne CO2 Equivalent
Australia,1996,16609.5867776334,N2O Emissions,Kilotonne CO2 Equivalent
Australia,1995,15578.1964076231,N2O Emissions,Kilotonne CO2 Equivalent
Australia,1994,15790.426851818,N2O Emissions,Kilotonne CO2 Equivalent
Australia,1993,15374.9934277762,N2O Emissions,Kilotonne CO2 Equivalent
Australia,1992,15293.1833547565,N2O Emissions,Kilotonne CO2 Equivalent
Australia,1991,14923.4050205169,N2O Emissions,Kilotonne CO2 Equivalent
Australia,1990,15345.5978582934,N2O Emissions,Kilotonne CO2 Equivalent
Austria,2014,3427.43737299867,N2O Emissions,Kilotonne CO2 Equivalent
Austria,2013,3361.48349314328,N2O Emissions,Kilotonne CO2 Equivalent
Austria,2012,3359.69048998423,N2O Emissions,Kilotonne CO2 Equivalent
Austria,2011,3402.28805899567,N2O Emissions,Kilotonne CO2 Equivalent
Austria,2010,3330.1508428,N2O Emissions,Kilotonne CO2 Equivalent
Austria,2009,3523.21806483884,N2O Emissions,Kilotonne CO2 Equivalent
Austria,2008,3751.8926015206,N2O Emissions,Kilotonne CO2 Equivalent
Austria,2007,3577.37016383082,N2O Emissions,Kilotonne CO2 Equivalent
Austria,2006,3567.39359790372,N2O Emissions,Kilotonne CO2 Equivalent
Austria,2005,3581.49386376403,N2O Emissions,Kilotonne CO2 Equivalent
Austria,2004,3571.7214627101,N2O Emissions,Kilotonne CO2 Equivalent
Austria,2003,4163.74846991014,N2O Emissions,Kilotonne CO2 Equivalent
Austria,2002,4174.31268013581,N2O Emissions,Kilotonne CO2 Equivalent
Austria,2001,4177.76162490381,N2O Emissions,Kilotonne CO2 Equivalent
Austria,2000,4301.70460988914,N2O Emissions,Kilotonne CO2 Equivalent
Austria,1999,4335.79819560139,N2O Emissions,Kilotonne CO2 Equivalent
Austria,1998,4347.07409116246,N2O Emissions,Kilotonne CO2 Equivalent
Austria,1997,4286.75869314582,N2O Emissions,Kilotonne CO2 Equivalent
Austria,1996,4272.75225034369,N2O Emissions,Kilotonne CO2 Equivalent
Austria,1995,4388.99718320682,N2O Emissions,Kilotonne CO2 Equivalent
Austria,1994,4279.53097598147,N2O Emissions,Kilotonne CO2 Equivalent
Austria,1993,4080.8480946679,N2O Emissions,Kilotonne CO2 Equivalent
Austria,1992,4161.61638288105,N2O Emissions,Kilotonne CO2 Equivalent
Austria,1991,4460.64666458185,N2O Emissions,Kilotonne CO2 Equivalent
Austria,1990,4293.06258958584,N2O Emissions,Kilotonne CO2 Equivalent
Belarus,2014,12678.394857726,N2O Emissions,Kilotonne CO2 Equivalent
Belarus,2013,12799.388453272,N2O Emissions,Kilotonne CO2 Equivalent
Belarus,2012,12824.03580262,N2O Emissions,Kilotonne CO2 Equivalent
Belarus,2011,13041.54565992,N2O Emissions,Kilotonne CO2 Equivalent
Belarus,2010,12439.691519354,N2O Emissions,Kilotonne CO2 Equivalent
Belarus,2009,12507.96678271,N2O Emissions,Kilotonne CO2 Equivalent
Belarus,2008,12276.831959534,N2O Emissions,Kilotonne CO2 Equivalent
Belarus,2007,11709.4255861,N2O Emissions,Kilotonne CO2 Equivalent
Belarus,2006,11769.732019834,N2O Emissions,Kilotonne CO2 Equivalent
Belarus,2005,11203.946164142,N2O Emissions,Kilotonne CO2 Equivalent
Belarus,2004,10899.037111026,N2O Emissions,Kilotonne CO2 Equivalent
Belarus,2003,10578.776337292,N2O Emissions,Kilotonne CO2 Equivalent
Belarus,2002,10134.689907728,N2O Emissions,Kilotonne CO2 Equivalent
Belarus,2001,11338.843481618,N2O Emissions,Kilotonne CO2 Equivalent
Belarus,2000,11350.074288376,N2O Emissions,Kilotonne CO2 Equivalent
Belarus,1999,11251.338762214,N2O Emissions,Kilotonne CO2 Equivalent
Belarus,1998,11702.191035332,N2O Emissions,Kilotonne CO2 Equivalent
Belarus,1997,11732.3670118,N2O Emissions,Kilotonne CO2 Equivalent
Belarus,1996,11451.00532477,N2O Emissions,Kilotonne CO2 Equivalent
Belarus,1995,10752.765283444,N2O Emissions,Kilotonne CO2 Equivalent
Belarus,1994,11472.270574672,N2O Emissions,Kilotonne CO2 Equivalent
Belarus,1993,12816.656566594,N2O Emissions,Kilotonne CO2 Equivalent
Belarus,1992,13232.439982768,N2O Emissions,Kilotonne CO2 Equivalent
Belarus,1991,14693.752334818,N2O Emissions,Kilotonne CO2 Equivalent
Belarus,1990,15074.697805904,N2O Emissions,Kilotonne CO2 Equivalent
Belgium,2014,6278.98373750572,N2O Emissions,Kilotonne CO2 Equivalent
Belgium,2013,6280.71600286632,N2O Emissions,Kilotonne CO2 Equivalent
Belgium,2012,6470.88988425807,N2O Emissions,Kilotonne CO2 Equivalent
Belgium,2011,6564.49132627943,N2O Emissions,Kilotonne CO2 Equivalent
Belgium,2010,7759.83441618082,N2O Emissions,Kilotonne CO2 Equivalent
Belgium,2009,7229.43055480784,N2O Emissions,Kilotonne CO2 Equivalent
Belgium,2008,7102.80277274666,N2O Emissions,Kilotonne CO2 Equivalent
Belgium,2007,7094.15143768088,N2O Emissions,Kilotonne CO2 Equivalent
Belgium,2006,7591.03215178499,N2O Emissions,Kilotonne CO2 Equivalent
Belgium,2005,8581.48814510937,N2O Emissions,Kilotonne CO2 Equivalent
Belgium,2004,8850.4092731786,N2O Emissions,Kilotonne CO2 Equivalent
Belgium,2003,8712.78391381373,N2O Emissions,Kilotonne CO2 Equivalent
Belgium,2002,9613.02298617883,N2O Emissions,Kilotonne CO2 Equivalent
Belgium,2001,9963.92130157159,N2O Emissions,Kilotonne CO2 Equivalent
Belgium,2000,10352.8296876537,N2O Emissions,Kilotonne CO2 Equivalent
Belgium,1999,11071.1025909106,N2O Emissions,Kilotonne CO2 Equivalent
Belgium,1998,11057.2645597503,N2O Emissions,Kilotonne CO2 Equivalent
Belgium,1997,11183.0529189441,N2O Emissions,Kilotonne CO2 Equivalent
Belgium,1996,11415.398560162,N2O Emissions,Kilotonne CO2 Equivalent
Belgium,1995,10997.2037194408,N2O Emissions,Kilotonne CO2 Equivalent
Belgium,1994,10524.5048354457,N2O Emissions,Kilotonne CO2 Equivalent
Belgium,1993,10129.3928108206,N2O Emissions,Kilotonne CO2 Equivalent
Belgium,1992,9858.6978618329,N2O Emissions,Kilotonne CO2 Equivalent
Belgium,1991,10106.4073495644,N2O Emissions,Kilotonne CO2 Equivalent
Belgium,1990,10232.4000382159,N2O Emissions,Kilotonne CO2 Equivalent
Bulgaria,2014,3807.66613870328,N2O Emissions,Kilotonne CO2 Equivalent
Bulgaria,2013,4237.59451933528,N2O Emissions,Kilotonne CO2 Equivalent
Bulgaria,2012,3833.31577398217,N2O Emissions,Kilotonne CO2 Equivalent
Bulgaria,2011,3768.2482137874,N2O Emissions,Kilotonne CO2 Equivalent
Bulgaria,2010,4118.30970080681,N2O Emissions,Kilotonne CO2 Equivalent
Bulgaria,2009,3646.36487014831,N2O Emissions,Kilotonne CO2 Equivalent
Bulgaria,2008,4055.12998711494,N2O Emissions,Kilotonne CO2 Equivalent
Bulgaria,2007,3813.99986008563,N2O Emissions,Kilotonne CO2 Equivalent
Bulgaria,2006,3769.7414422988,N2O Emissions,Kilotonne CO2 Equivalent
Bulgaria,2005,4240.78225222001,N2O Emissions,Kilotonne CO2 Equivalent
Bulgaria,2004,4395.67656340284,N2O Emissions,Kilotonne CO2 Equivalent
Bulgaria,2003,3852.30323609396,N2O Emissions,Kilotonne CO2 Equivalent
Bulgaria,2002,4017.6318807371,N2O Emissions,Kilotonne CO2 Equivalent
Bulgaria,2001,4078.70742274843,N2O Emissions,Kilotonne CO2 Equivalent
Bulgaria,2000,4005.22085681668,N2O Emissions,Kilotonne CO2 Equivalent
Bulgaria,1999,3944.16097234411,N2O Emissions,Kilotonne CO2 Equivalent
Bulgaria,1998,3784.72928445926,N2O Emissions,Kilotonne CO2 Equivalent
Bulgaria,1997,4589.80143981182,N2O Emissions,Kilotonne CO2 Equivalent
Bulgaria,1996,4846.99043437078,N2O Emissions,Kilotonne CO2 Equivalent
Bulgaria,1995,4977.77959817515,N2O Emissions,Kilotonne CO2 Equivalent
Bulgaria,1994,5106.66182493753,N2O Emissions,Kilotonne CO2 Equivalent
Bulgaria,1993,5222.4745987816,N2O Emissions,Kilotonne CO2 Equivalent
Bulgaria,1992,5774.31109544814,N2O Emissions,Kilotonne CO2 Equivalent
Bulgaria,1991,6839.49771151956,N2O Emissions,Kilotonne CO2 Equivalent
Bulgaria,1990,8818.37141292847,N2O Emissions,Kilotonne CO2 Equivalent
Canada,2014,39407.1108706383,N2O Emissions,Kilotonne CO2 Equivalent
Canada,2013,40647.0631927479,N2O Emissions,Kilotonne CO2 Equivalent
Canada,2012,38773.5415647623,N2O Emissions,Kilotonne CO2 Equivalent
Canada,2011,37652.726724076,N2O Emissions,Kilotonne CO2 Equivalent
Canada,2010,37891.753748992,N2O Emissions,Kilotonne CO2 Equivalent
Canada,2009,37749.5907018662,N2O Emissions,Kilotonne CO2 Equivalent
Canada,2008,41681.6457531807,N2O Emissions,Kilotonne CO2 Equivalent
Canada,2007,39691.9656662167,N2O Emissions,Kilotonne CO2 Equivalent
Canada,2006,38759.9393800432,N2O Emissions,Kilotonne CO2 Equivalent
Canada,2005,40863.4283663269,N2O Emissions,Kilotonne CO2 Equivalent
Canada,2004,42328.241861865,N2O Emissions,Kilotonne CO2 Equivalent
Canada,2003,40097.5345772836,N2O Emissions,Kilotonne CO2 Equivalent
Canada,2002,38156.7745435737,N2O Emissions,Kilotonne CO2 Equivalent
Canada,2001,38523.214474169,N2O Emissions,Kilotonne CO2 Equivalent
Canada,2000,39936.356635356,N2O Emissions,Kilotonne CO2 Equivalent
Canada,1999,40309.5164172252,N2O Emissions,Kilotonne CO2 Equivalent
Canada,1998,42548.8743217178,N2O Emissions,Kilotonne CO2 Equivalent
Canada,1997,46527.870911098,N2O Emissions,Kilotonne CO2 Equivalent
Canada,1996,47724.3995197404,N2O Emissions,Kilotonne CO2 Equivalent
Canada,1995,45650.3327877802,N2O Emissions,Kilotonne CO2 Equivalent
Canada,1994,45062.1701912386,N2O Emissions,Kilotonne CO2 Equivalent
Canada,1993,42000.4456435488,N2O Emissions,Kilotonne CO2 Equivalent
Canada,1992,41323.5177157639,N2O Emissions,Kilotonne CO2 Equivalent
Canada,1991,41010.0740664717,N2O Emissions,Kilotonne CO2 Equivalent
Canada,1990,42239.7307721834,N2O Emissions,Kilotonne CO2 Equivalent
Croatia,2014,1621.47305302201,N2O Emissions,Kilotonne CO2 Equivalent
Croatia,2013,1697.40303822074,N2O Emissions,Kilotonne CO2 Equivalent
Croatia,2012,2216.92191738725,N2O Emissions,Kilotonne CO2 Equivalent
Croatia,2011,2356.55447754079,N2O Emissions,Kilotonne CO2 Equivalent
Croatia,2010,2300.07156763452,N2O Emissions,Kilotonne CO2 Equivalent
Croatia,2009,2224.65623070275,N2O Emissions,Kilotonne CO2 Equivalent
Croatia,2008,2454.85122489478,N2O Emissions,Kilotonne CO2 Equivalent
Croatia,2007,2420.17013254078,N2O Emissions,Kilotonne CO2 Equivalent
Croatia,2006,2334.44929495875,N2O Emissions,Kilotonne CO2 Equivalent
Croatia,2005,2405.29943226947,N2O Emissions,Kilotonne CO2 Equivalent
Croatia,2004,2448.45046521196,N2O Emissions,Kilotonne CO2 Equivalent
Croatia,2003,2173.68198135036,N2O Emissions,Kilotonne CO2 Equivalent
Croatia,2002,2276.72903481168,N2O Emissions,Kilotonne CO2 Equivalent
Croatia,2001,2370.13253176201,N2O Emissions,Kilotonne CO2 Equivalent
Croatia,2000,2387.67171742591,N2O Emissions,Kilotonne CO2 Equivalent
Croatia,1999,2277.14868903243,N2O Emissions,Kilotonne CO2 Equivalent
Croatia,1998,2069.62684779324,N2O Emissions,Kilotonne CO2 Equivalent
Croatia,1997,2433.92669374514,N2O Emissions,Kilotonne CO2 Equivalent
Croatia,1996,2234.91559231208,N2O Emissions,Kilotonne CO2 Equivalent
Croatia,1995,2248.32964293429,N2O Emissions,Kilotonne CO2 Equivalent
Croatia,1994,2325.58979219483,N2O Emissions,Kilotonne CO2 Equivalent
Croatia,1993,2306.49417076897,N2O Emissions,Kilotonne CO2 Equivalent
Croatia,1992,2693.14631988244,N2O Emissions,Kilotonne CO2 Equivalent
Croatia,1991,2652.77362136561,N2O Emissions,Kilotonne CO2 Equivalent
Croatia,1990,2793.14962938266,N2O Emissions,Kilotonne CO2 Equivalent
Cyprus,2014,330.5656784,N2O Emissions,Kilotonne CO2 Equivalent
Cyprus,2013,327.5974643,N2O Emissions,Kilotonne CO2 Equivalent
Cyprus,2012,355.2934651,N2O Emissions,Kilotonne CO2 Equivalent
Cyprus,2011,362.4272573,N2O Emissions,Kilotonne CO2 Equivalent
Cyprus,2010,376.8326965,N2O Emissions,Kilotonne CO2 Equivalent
Cyprus,2009,356.5110335,N2O Emissions,Kilotonne CO2 Equivalent
Cyprus,2008,358.3156917,N2O Emissions,Kilotonne CO2 Equivalent
Cyprus,2007,369.0948583,N2O Emissions,Kilotonne CO2 Equivalent
Cyprus,2006,376.1754873,N2O Emissions,Kilotonne CO2 Equivalent
Cyprus,2005,359.0261833,N2O Emissions,Kilotonne CO2 Equivalent
Cyprus,2004,385.4701073,N2O Emissions,Kilotonne CO2 Equivalent
Cyprus,2003,394.165494,N2O Emissions,Kilotonne CO2 Equivalent
Cyprus,2002,396.171332,N2O Emissions,Kilotonne CO2 Equivalent
Cyprus,2001,394.555278,N2O Emissions,Kilotonne CO2 Equivalent
Cyprus,2000,363.015256,N2O Emissions,Kilotonne CO2 Equivalent
Cyprus,1999,366.12429,N2O Emissions,Kilotonne CO2 Equivalent
Cyprus,1998,379.546806,N2O Emissions,Kilotonne CO2 Equivalent
Cyprus,1997,353.25516,N2O Emissions,Kilotonne CO2 Equivalent
Cyprus,1996,364.649488,N2O Emissions,Kilotonne CO2 Equivalent
Cyprus,1995,398.598244,N2O Emissions,Kilotonne CO2 Equivalent
Cyprus,1994,351.946642,N2O Emissions,Kilotonne CO2 Equivalent
Cyprus,1993,363.1329064,N2O Emissions,Kilotonne CO2 Equivalent
Cyprus,1992,342.5869984,N2O Emissions,Kilotonne CO2 Equivalent
Cyprus,1991,309.9044444,N2O Emissions,Kilotonne CO2 Equivalent
Cyprus,1990,309.9047424,N2O Emissions,Kilotonne CO2 Equivalent
Czech Republic,2014,6660.69397839425,N2O Emissions,Kilotonne CO2 Equivalent
Czech Republic,2013,6335.43371232632,N2O Emissions,Kilotonne CO2 Equivalent
Czech Republic,2012,6441.22389738116,N2O Emissions,Kilotonne CO2 Equivalent
Czech Republic,2011,6557.25229605377,N2O Emissions,Kilotonne CO2 Equivalent
Czech Republic,2010,6398.1561228289,N2O Emissions,Kilotonne CO2 Equivalent
Czech Republic,2009,6616.85086175011,N2O Emissions,Kilotonne CO2 Equivalent
Czech Republic,2008,6930.08190648947,N2O Emissions,Kilotonne CO2 Equivalent
Czech Republic,2007,7067.65619801291,N2O Emissions,Kilotonne CO2 Equivalent
Czech Republic,2006,7069.14006491977,N2O Emissions,Kilotonne CO2 Equivalent
Czech Republic,2005,7107.64171808379,N2O Emissions,Kilotonne CO2 Equivalent
Czech Republic,2004,7491.18980351111,N2O Emissions,Kilotonne CO2 Equivalent
Czech Republic,2003,7044.60293100224,N2O Emissions,Kilotonne CO2 Equivalent
Czech Republic,2002,7375.06206802929,N2O Emissions,Kilotonne CO2 Equivalent
Czech Republic,2001,7650.73702464,N2O Emissions,Kilotonne CO2 Equivalent
Czech Republic,2000,7568.7508246245,N2O Emissions,Kilotonne CO2 Equivalent
Czech Republic,1999,7561.34569543948,N2O Emissions,Kilotonne CO2 Equivalent
Czech Republic,1998,7694.96090306874,N2O Emissions,Kilotonne CO2 Equivalent
Czech Republic,1997,7838.49264850086,N2O Emissions,Kilotonne CO2 Equivalent
Czech Republic,1996,7869.55193757898,N2O Emissions,Kilotonne CO2 Equivalent
Czech Republic,1995,8027.71793324945,N2O Emissions,Kilotonne CO2 Equivalent
Czech Republic,1994,7840.70196490355,N2O Emissions,Kilotonne CO2 Equivalent
Czech Republic,1993,8064.5856625792,N2O Emissions,Kilotonne CO2 Equivalent
Czech Republic,1992,8999.6686196642,N2O Emissions,Kilotonne CO2 Equivalent
Czech Republic,1991,9898.53869276329,N2O Emissions,Kilotonne CO2 Equivalent
Czech Republic,1990,11446.6469272203,N2O Emissions,Kilotonne CO2 Equivalent
Denmark,2014,5084.61187572385,N2O Emissions,Kilotonne CO2 Equivalent
Denmark,2013,5114.30580754653,N2O Emissions,Kilotonne CO2 Equivalent
Denmark,2012,4974.30190021738,N2O Emissions,Kilotonne CO2 Equivalent
Denmark,2011,5133.77010296871,N2O Emissions,Kilotonne CO2 Equivalent
Denmark,2010,5137.1642230126,N2O Emissions,Kilotonne CO2 Equivalent
Denmark,2009,5147.99594399131,N2O Emissions,Kilotonne CO2 Equivalent
Denmark,2008,5449.49481677779,N2O Emissions,Kilotonne CO2 Equivalent
Denmark,2007,5482.2110056033,N2O Emissions,Kilotonne CO2 Equivalent
Denmark,2006,5389.35753047604,N2O Emissions,Kilotonne CO2 Equivalent
Denmark,2005,5411.64556687349,N2O Emissions,Kilotonne CO2 Equivalent
Denmark,2004,6050.82549268459,N2O Emissions,Kilotonne CO2 Equivalent
Denmark,2003,6490.23171109984,N2O Emissions,Kilotonne CO2 Equivalent
Denmark,2002,6726.27499735231,N2O Emissions,Kilotonne CO2 Equivalent
Denmark,2001,6645.01710511251,N2O Emissions,Kilotonne CO2 Equivalent
Denmark,2000,6837.48781306869,N2O Emissions,Kilotonne CO2 Equivalent
Denmark,1999,6992.43924979096,N2O Emissions,Kilotonne CO2 Equivalent
Denmark,1998,6789.72994670559,N2O Emissions,Kilotonne CO2 Equivalent
Denmark,1997,6794.51884463166,N2O Emissions,Kilotonne CO2 Equivalent
Denmark,1996,6666.74780296077,N2O Emissions,Kilotonne CO2 Equivalent
Denmark,1995,7085.34925940786,N2O Emissions,Kilotonne CO2 Equivalent
Denmark,1994,7207.60031402353,N2O Emissions,Kilotonne CO2 Equivalent
Denmark,1993,7117.56479342416,N2O Emissions,Kilotonne CO2 Equivalent
Denmark,1992,7610.88310734658,N2O Emissions,Kilotonne CO2 Equivalent
Denmark,1991,7680.69773539393,N2O Emissions,Kilotonne CO2 Equivalent
Denmark,1990,7813.98220403621,N2O Emissions,Kilotonne CO2 Equivalent
Estonia,2014,819.529049495335,N2O Emissions,Kilotonne CO2 Equivalent
Estonia,2013,769.162697021836,N2O Emissions,Kilotonne CO2 Equivalent
Estonia,2012,780.572716248272,N2O Emissions,Kilotonne CO2 Equivalent
Estonia,2011,716.297908811208,N2O Emissions,Kilotonne CO2 Equivalent
Estonia,2010,717.870158861874,N2O Emissions,Kilotonne CO2 Equivalent
Estonia,2009,701.683749536995,N2O Emissions,Kilotonne CO2 Equivalent
Estonia,2008,744.691616284892,N2O Emissions,Kilotonne CO2 Equivalent
Estonia,2007,666.539863671522,N2O Emissions,Kilotonne CO2 Equivalent
Estonia,2006,619.029068386866,N2O Emissions,Kilotonne CO2 Equivalent
Estonia,2005,621.450093321964,N2O Emissions,Kilotonne CO2 Equivalent
Estonia,2004,632.529220727631,N2O Emissions,Kilotonne CO2 Equivalent
Estonia,2003,609.588748916545,N2O Emissions,Kilotonne CO2 Equivalent
Estonia,2002,579.81772822248,N2O Emissions,Kilotonne CO2 Equivalent
Estonia,2001,601.710064305643,N2O Emissions,Kilotonne CO2 Equivalent
Estonia,2000,601.320771079247,N2O Emissions,Kilotonne CO2 Equivalent
Estonia,1999,576.253562953293,N2O Emissions,Kilotonne CO2 Equivalent
Estonia,1998,686.06511578056,N2O Emissions,Kilotonne CO2 Equivalent
Estonia,1997,675.819384057021,N2O Emissions,Kilotonne CO2 Equivalent
Estonia,1996,662.58133430339,N2O Emissions,Kilotonne CO2 Equivalent
Estonia,1995,702.713971252113,N2O Emissions,Kilotonne CO2 Equivalent
Estonia,1994,773.069211913729,N2O Emissions,Kilotonne CO2 Equivalent
Estonia,1993,819.81142680363,N2O Emissions,Kilotonne CO2 Equivalent
Estonia,1992,1085.92140009621,N2O Emissions,Kilotonne CO2 Equivalent
Estonia,1991,1306.620570437,N2O Emissions,Kilotonne CO2 Equivalent
Estonia,1990,1386.94803318539,N2O Emissions,Kilotonne CO2 Equivalent
European Union,2014,239890.166462187,N2O Emissions,Kilotonne CO2 Equivalent
European Union,2013,237361.491847545,N2O Emissions,Kilotonne CO2 Equivalent
European Union,2012,236629.022077268,N2O Emissions,Kilotonne CO2 Equivalent
European Union,2011,239713.781786829,N2O Emissions,Kilotonne CO2 Equivalent
European Union,2010,244135.499956629,N2O Emissions,Kilotonne CO2 Equivalent
European Union,2009,254094.405670615,N2O Emissions,Kilotonne CO2 Equivalent
European Union,2008,269056.823186962,N2O Emissions,Kilotonne CO2 Equivalent
European Union,2007,280033.581412401,N2O Emissions,Kilotonne CO2 Equivalent
European Union,2006,279466.441154281,N2O Emissions,Kilotonne CO2 Equivalent
European Union,2005,289132.4745293,N2O Emissions,Kilotonne CO2 Equivalent
European Union,2004,297172.717319457,N2O Emissions,Kilotonne CO2 Equivalent
European Union,2003,292877.869255273,N2O Emissions,Kilotonne CO2 Equivalent
European Union,2002,295460.485722041,N2O Emissions,Kilotonne CO2 Equivalent
European Union,2001,306270.054080363,N2O Emissions,Kilotonne CO2 Equivalent
European Union,2000,309752.768575118,N2O Emissions,Kilotonne CO2 Equivalent
European Union,1999,311617.795637016,N2O Emissions,Kilotonne CO2 Equivalent
European Union,1998,331944.081021336,N2O Emissions,Kilotonne CO2 Equivalent
European Union,1997,353901.179361895,N2O Emissions,Kilotonne CO2 Equivalent
European Union,1996,356924.647676983,N2O Emissions,Kilotonne CO2 Equivalent
European Union,1995,351343.564078907,N2O Emissions,Kilotonne CO2 Equivalent
European Union,1994,348484.822972035,N2O Emissions,Kilotonne CO2 Equivalent
European Union,1993,345876.471393106,N2O Emissions,Kilotonne CO2 Equivalent
European Union,1992,355959.76786929,N2O Emissions,Kilotonne CO2 Equivalent
European Union,1991,370242.088935833,N2O Emissions,Kilotonne CO2 Equivalent
European Union,1990,388663.46058574,N2O Emissions,Kilotonne CO2 Equivalent
Finland,2014,4626.44529423974,N2O Emissions,Kilotonne CO2 Equivalent
Finland,2013,4589.41603649606,N2O Emissions,Kilotonne CO2 Equivalent
Finland,2012,4527.42472097089,N2O Emissions,Kilotonne CO2 Equivalent
Finland,2011,4547.93466904221,N2O Emissions,Kilotonne CO2 Equivalent
Finland,2010,4676.58281741075,N2O Emissions,Kilotonne CO2 Equivalent
Finland,2009,5070.90249707673,N2O Emissions,Kilotonne CO2 Equivalent
Finland,2008,5917.6058746115,N2O Emissions,Kilotonne CO2 Equivalent
Finland,2007,5793.79319374182,N2O Emissions,Kilotonne CO2 Equivalent
Finland,2006,5725.75086732767,N2O Emissions,Kilotonne CO2 Equivalent
Finland,2005,5921.3804785276,N2O Emissions,Kilotonne CO2 Equivalent
Finland,2004,5844.56970927116,N2O Emissions,Kilotonne CO2 Equivalent
Finland,2003,5787.69900624858,N2O Emissions,Kilotonne CO2 Equivalent
Finland,2002,5676.41835284394,N2O Emissions,Kilotonne CO2 Equivalent
Finland,2001,5569.39400428778,N2O Emissions,Kilotonne CO2 Equivalent
Finland,2000,5621.95734522058,N2O Emissions,Kilotonne CO2 Equivalent
Finland,1999,5573.50049147288,N2O Emissions,Kilotonne CO2 Equivalent
Finland,1998,5678.76837027459,N2O Emissions,Kilotonne CO2 Equivalent
Finland,1997,5831.75844753035,N2O Emissions,Kilotonne CO2 Equivalent
Finland,1996,5886.29683034134,N2O Emissions,Kilotonne CO2 Equivalent
Finland,1995,5984.19575566851,N2O Emissions,Kilotonne CO2 Equivalent
Finland,1994,5786.16374762057,N2O Emissions,Kilotonne CO2 Equivalent
Finland,1993,5614.44591958677,N2O Emissions,Kilotonne CO2 Equivalent
Finland,1992,5461.41289768856,N2O Emissions,Kilotonne CO2 Equivalent
Finland,1991,5881.93675030608,N2O Emissions,Kilotonne CO2 Equivalent
Finland,1990,6328.71648460905,N2O Emissions,Kilotonne CO2 Equivalent
France,2014,43031.3392485803,N2O Emissions,Kilotonne CO2 Equivalent
France,2013,41715.4959878521,N2O Emissions,Kilotonne CO2 Equivalent
France,2012,41875.3083673158,N2O Emissions,Kilotonne CO2 Equivalent
France,2011,41732.0739671842,N2O Emissions,Kilotonne CO2 Equivalent
France,2010,43316.6262924628,N2O Emissions,Kilotonne CO2 Equivalent
France,2009,45642.3386955562,N2O Emissions,Kilotonne CO2 Equivalent
France,2008,47099.1236401676,N2O Emissions,Kilotonne CO2 Equivalent
France,2007,48057.0394991582,N2O Emissions,Kilotonne CO2 Equivalent
France,2006,47876.6192863574,N2O Emissions,Kilotonne CO2 Equivalent
France,2005,48969.4477288948,N2O Emissions,Kilotonne CO2 Equivalent
France,2004,49822.9250731393,N2O Emissions,Kilotonne CO2 Equivalent
France,2003,51538.4101767204,N2O Emissions,Kilotonne CO2 Equivalent
France,2002,53345.2948532905,N2O Emissions,Kilotonne CO2 Equivalent
France,2001,56147.5468959435,N2O Emissions,Kilotonne CO2 Equivalent
France,2000,56512.0748224093,N2O Emissions,Kilotonne CO2 Equivalent
France,1999,58037.0524807837,N2O Emissions,Kilotonne CO2 Equivalent
France,1998,64007.5898474858,N2O Emissions,Kilotonne CO2 Equivalent
France,1997,70521.2783680232,N2O Emissions,Kilotonne CO2 Equivalent
France,1996,70355.993117673,N2O Emissions,Kilotonne CO2 Equivalent
France,1995,68570.3600676745,N2O Emissions,Kilotonne CO2 Equivalent
France,1994,67047.1291904924,N2O Emissions,Kilotonne CO2 Equivalent
France,1993,66951.8882312991,N2O Emissions,Kilotonne CO2 Equivalent
France,1992,67817.2148560581,N2O Emissions,Kilotonne CO2 Equivalent
France,1991,68232.7496472636,N2O Emissions,Kilotonne CO2 Equivalent
France,1990,67665.0963966015,N2O Emissions,Kilotonne CO2 Equivalent
Germany,2014,38780.289995392,N2O Emissions,Kilotonne CO2 Equivalent
Germany,2013,38084.9191806386,N2O Emissions,Kilotonne CO2 Equivalent
Germany,2012,37497.4936607524,N2O Emissions,Kilotonne CO2 Equivalent
Germany,2011,38347.3209531827,N2O Emissions,Kilotonne CO2 Equivalent
Germany,2010,36952.5090330272,N2O Emissions,Kilotonne CO2 Equivalent
Germany,2009,44969.9864483368,N2O Emissions,Kilotonne CO2 Equivalent
Germany,2008,45768.6413223936,N2O Emissions,Kilotonne CO2 Equivalent
Germany,2007,45257.888831885,N2O Emissions,Kilotonne CO2 Equivalent
Germany,2006,43351.0600038012,N2O Emissions,Kilotonne CO2 Equivalent
Germany,2005,43642.2880424378,N2O Emissions,Kilotonne CO2 Equivalent
Germany,2004,45657.6649811772,N2O Emissions,Kilotonne CO2 Equivalent
Germany,2003,43482.068802201,N2O Emissions,Kilotonne CO2 Equivalent
Germany,2002,43849.5670144331,N2O Emissions,Kilotonne CO2 Equivalent
Germany,2001,44665.5199820162,N2O Emissions,Kilotonne CO2 Equivalent
Germany,2000,43274.075126665,N2O Emissions,Kilotonne CO2 Equivalent
Germany,1999,43242.4891829438,N2O Emissions,Kilotonne CO2 Equivalent
Germany,1998,46658.0534921103,N2O Emissions,Kilotonne CO2 Equivalent
Germany,1997,59540.8018578211,N2O Emissions,Kilotonne CO2 Equivalent
Germany,1996,62404.5335799045,N2O Emissions,Kilotonne CO2 Equivalent
Germany,1995,61135.982143179,N2O Emissions,Kilotonne CO2 Equivalent
Germany,1994,61756.6417555732,N2O Emissions,Kilotonne CO2 Equivalent
Germany,1993,60921.6171925002,N2O Emissions,Kilotonne CO2 Equivalent
Germany,1992,63686.8532595428,N2O Emissions,Kilotonne CO2 Equivalent
Germany,1991,62711.8469863504,N2O Emissions,Kilotonne CO2 Equivalent
Germany,1990,65188.8516268817,N2O Emissions,Kilotonne CO2 Equivalent
Greece,2014,4686.08988734916,N2O Emissions,Kilotonne CO2 Equivalent
Greece,2013,4670.44097914161,N2O Emissions,Kilotonne CO2 Equivalent
Greece,2012,4912.05579470615,N2O Emissions,Kilotonne CO2 Equivalent
Greece,2011,5317.62225164182,N2O Emissions,Kilotonne CO2 Equivalent
Greece,2010,5526.82836121731,N2O Emissions,Kilotonne CO2 Equivalent
Greece,2009,5325.95590579888,N2O Emissions,Kilotonne CO2 Equivalent
Greece,2008,5610.97455334186,N2O Emissions,Kilotonne CO2 Equivalent
Greece,2007,5825.36161258537,N2O Emissions,Kilotonne CO2 Equivalent
Greece,2006,5730.83250457993,N2O Emissions,Kilotonne CO2 Equivalent
Greece,2005,5882.94951366643,N2O Emissions,Kilotonne CO2 Equivalent
Greece,2004,6054.52883831513,N2O Emissions,Kilotonne CO2 Equivalent
Greece,2003,6050.25253250507,N2O Emissions,Kilotonne CO2 Equivalent
Greece,2002,6172.35756103089,N2O Emissions,Kilotonne CO2 Equivalent
Greece,2001,6207.72807311416,N2O Emissions,Kilotonne CO2 Equivalent
Greece,2000,6346.04941154567,N2O Emissions,Kilotonne CO2 Equivalent
Greece,1999,6604.32412668112,N2O Emissions,Kilotonne CO2 Equivalent
Greece,1998,6621.5570833371,N2O Emissions,Kilotonne CO2 Equivalent
Greece,1997,6686.38644285652,N2O Emissions,Kilotonne CO2 Equivalent
Greece,1996,6846.91196407554,N2O Emissions,Kilotonne CO2 Equivalent
Greece,1995,6669.80922700312,N2O Emissions,Kilotonne CO2 Equivalent
Greece,1994,6480.19419955965,N2O Emissions,Kilotonne CO2 Equivalent
Greece,1993,6564.37569257449,N2O Emissions,Kilotonne CO2 Equivalent
Greece,1992,7129.88046160346,N2O Emissions,Kilotonne CO2 Equivalent
Greece,1991,7269.55164996042,N2O Emissions,Kilotonne CO2 Equivalent
Greece,1990,7402.64281402762,N2O Emissions,Kilotonne CO2 Equivalent
Hungary,2014,4503.559566582,N2O Emissions,Kilotonne CO2 Equivalent
Hungary,2013,4599.49899611063,N2O Emissions,Kilotonne CO2 Equivalent
Hungary,2012,4200.47536001711,N2O Emissions,Kilotonne CO2 Equivalent
Hungary,2011,4259.61201967414,N2O Emissions,Kilotonne CO2 Equivalent
Hungary,2010,4054.66099691422,N2O Emissions,Kilotonne CO2 Equivalent
Hungary,2009,4149.45686329337,N2O Emissions,Kilotonne CO2 Equivalent
Hungary,2008,4486.93928380424,N2O Emissions,Kilotonne CO2 Equivalent
Hungary,2007,5206.0271026594,N2O Emissions,Kilotonne CO2 Equivalent
Hungary,2006,5718.971930524,N2O Emissions,Kilotonne CO2 Equivalent
Hungary,2005,5981.60128139731,N2O Emissions,Kilotonne CO2 Equivalent
Hungary,2004,6221.69479040374,N2O Emissions,Kilotonne CO2 Equivalent
Hungary,2003,5380.93485130088,N2O Emissions,Kilotonne CO2 Equivalent
Hungary,2002,5388.08821504104,N2O Emissions,Kilotonne CO2 Equivalent
Hungary,2001,6080.43264043046,N2O Emissions,Kilotonne CO2 Equivalent
Hungary,2000,5621.4669894554,N2O Emissions,Kilotonne CO2 Equivalent
Hungary,1999,5283.623978354,N2O Emissions,Kilotonne CO2 Equivalent
Hungary,1998,5485.9305674163,N2O Emissions,Kilotonne CO2 Equivalent
Hungary,1997,5564.32015812769,N2O Emissions,Kilotonne CO2 Equivalent
Hungary,1996,5569.08562476388,N2O Emissions,Kilotonne CO2 Equivalent
Hungary,1995,5000.68328482233,N2O Emissions,Kilotonne CO2 Equivalent
Hungary,1994,5798.26222892975,N2O Emissions,Kilotonne CO2 Equivalent
Hungary,1993,4857.52082161896,N2O Emissions,Kilotonne CO2 Equivalent
Hungary,1992,4661.37344047111,N2O Emissions,Kilotonne CO2 Equivalent
Hungary,1991,5898.46505861495,N2O Emissions,Kilotonne CO2 Equivalent
Hungary,1990,8664.9194671011,N2O Emissions,Kilotonne CO2 Equivalent
Iceland,2014,467.976035747765,N2O Emissions,Kilotonne CO2 Equivalent
Iceland,2013,425.576789916525,N2O Emissions,Kilotonne CO2 Equivalent
Iceland,2012,441.154129484311,N2O Emissions,Kilotonne CO2 Equivalent
Iceland,2011,432.110601768568,N2O Emissions,Kilotonne CO2 Equivalent
Iceland,2010,437.998561647196,N2O Emissions,Kilotonne CO2 Equivalent
Iceland,2009,453.296797496436,N2O Emissions,Kilotonne CO2 Equivalent
Iceland,2008,487.122854699782,N2O Emissions,Kilotonne CO2 Equivalent
Iceland,2007,478.46482462183,N2O Emissions,Kilotonne CO2 Equivalent
Iceland,2006,460.133441995219,N2O Emissions,Kilotonne CO2 Equivalent
Iceland,2005,435.307809254708,N2O Emissions,Kilotonne CO2 Equivalent
Iceland,2004,429.977569946523,N2O Emissions,Kilotonne CO2 Equivalent
Iceland,2003,433.032514022133,N2O Emissions,Kilotonne CO2 Equivalent
Iceland,2002,441.377625114495,N2O Emissions,Kilotonne CO2 Equivalent
Iceland,2001,472.97384561243,N2O Emissions,Kilotonne CO2 Equivalent
Iceland,2000,480.54342543483,N2O Emissions,Kilotonne CO2 Equivalent
Iceland,1999,505.193155169216,N2O Emissions,Kilotonne CO2 Equivalent
Iceland,1998,486.896684411113,N2O Emissions,Kilotonne CO2 Equivalent
Iceland,1997,485.04328312507,N2O Emissions,Kilotonne CO2 Equivalent
Iceland,1996,488.423585792905,N2O Emissions,Kilotonne CO2 Equivalent
Iceland,1995,468.52531666652,N2O Emissions,Kilotonne CO2 Equivalent
Iceland,1994,480.448203891548,N2O Emissions,Kilotonne CO2 Equivalent
Iceland,1993,474.664588477398,N2O Emissions,Kilotonne CO2 Equivalent
Iceland,1992,462.248631548003,N2O Emissions,Kilotonne CO2 Equivalent
Iceland,1991,492.025762962568,N2O Emissions,Kilotonne CO2 Equivalent
Iceland,1990,510.039969148917,N2O Emissions,Kilotonne CO2 Equivalent
Ireland,2014,6985.06039741333,N2O Emissions,Kilotonne CO2 Equivalent
Ireland,2013,7084.87206028167,N2O Emissions,Kilotonne CO2 Equivalent
Ireland,2012,6703.76811913983,N2O Emissions,Kilotonne CO2 Equivalent
Ireland,2011,6624.15270059031,N2O Emissions,Kilotonne CO2 Equivalent
Ireland,2010,7032.34683051764,N2O Emissions,Kilotonne CO2 Equivalent
Ireland,2009,6881.95880780481,N2O Emissions,Kilotonne CO2 Equivalent
Ireland,2008,6954.76947511412,N2O Emissions,Kilotonne CO2 Equivalent
Ireland,2007,6964.07174052634,N2O Emissions,Kilotonne CO2 Equivalent
Ireland,2006,7137.89562590752,N2O Emissions,Kilotonne CO2 Equivalent
Ireland,2005,7367.66884644618,N2O Emissions,Kilotonne CO2 Equivalent
Ireland,2004,7563.72479187619,N2O Emissions,Kilotonne CO2 Equivalent
Ireland,2003,7679.19656832689,N2O Emissions,Kilotonne CO2 Equivalent
Ireland,2002,7827.9333327164,N2O Emissions,Kilotonne CO2 Equivalent
Ireland,2001,8189.97350111337,N2O Emissions,Kilotonne CO2 Equivalent
Ireland,2000,8640.46632479878,N2O Emissions,Kilotonne CO2 Equivalent
Ireland,1999,8958.56605039318,N2O Emissions,Kilotonne CO2 Equivalent
Ireland,1998,9208.76962573064,N2O Emissions,Kilotonne CO2 Equivalent
Ireland,1997,8822.89550659361,N2O Emissions,Kilotonne CO2 Equivalent
Ireland,1996,8807.86555931371,N2O Emissions,Kilotonne CO2 Equivalent
Ireland,1995,8658.24489119118,N2O Emissions,Kilotonne CO2 Equivalent
Ireland,1994,8429.60337041473,N2O Emissions,Kilotonne CO2 Equivalent
Ireland,1993,8227.9826710924,N2O Emissions,Kilotonne CO2 Equivalent
Ireland,1992,8226.88792534021,N2O Emissions,Kilotonne CO2 Equivalent
Ireland,1991,8206.15403132436,N2O Emissions,Kilotonne CO2 Equivalent
Ireland,1990,8402.25146514317,N2O Emissions,Kilotonne CO2 Equivalent
Italy,2014,18584.7288524751,N2O Emissions,Kilotonne CO2 Equivalent
Italy,2013,19099.7322021243,N2O Emissions,Kilotonne CO2 Equivalent
Italy,2012,20045.1331829963,N2O Emissions,Kilotonne CO2 Equivalent
Italy,2011,19522.5416761065,N2O Emissions,Kilotonne CO2 Equivalent
Italy,2010,19945.7829086983,N2O Emissions,Kilotonne CO2 Equivalent
Italy,2009,20780.9457037698,N2O Emissions,Kilotonne CO2 Equivalent
Italy,2008,21862.6586594612,N2O Emissions,Kilotonne CO2 Equivalent
Italy,2007,23342.0937596864,N2O Emissions,Kilotonne CO2 Equivalent
Italy,2006,23780.740671803,N2O Emissions,Kilotonne CO2 Equivalent
Italy,2005,28650.3201316075,N2O Emissions,Kilotonne CO2 Equivalent
Italy,2004,29818.9429842785,N2O Emissions,Kilotonne CO2 Equivalent
Italy,2003,29067.955280636,N2O Emissions,Kilotonne CO2 Equivalent
Italy,2002,29313.7269451885,N2O Emissions,Kilotonne CO2 Equivalent
Italy,2001,30007.7263129228,N2O Emissions,Kilotonne CO2 Equivalent
Italy,2000,29716.6050112189,N2O Emissions,Kilotonne CO2 Equivalent
Italy,1999,30573.2755087135,N2O Emissions,Kilotonne CO2 Equivalent
Italy,1998,29975.391004565,N2O Emissions,Kilotonne CO2 Equivalent
Italy,1997,29840.0532436916,N2O Emissions,Kilotonne CO2 Equivalent
Italy,1996,28823.5939746128,N2O Emissions,Kilotonne CO2 Equivalent
Italy,1995,28789.0872535738,N2O Emissions,Kilotonne CO2 Equivalent
Italy,1994,27744.0589143276,N2O Emissions,Kilotonne CO2 Equivalent
Italy,1993,28357.6723363782,N2O Emissions,Kilotonne CO2 Equivalent
Italy,1992,27839.6545796609,N2O Emissions,Kilotonne CO2 Equivalent
Italy,1991,28332.3126819202,N2O Emissions,Kilotonne CO2 Equivalent
Italy,1990,27427.1150136846,N2O Emissions,Kilotonne CO2 Equivalent
Japan,2014,20848.3298842674,N2O Emissions,Kilotonne CO2 Equivalent
Japan,2013,21477.9038161769,N2O Emissions,Kilotonne CO2 Equivalent
Japan,2012,21425.9666079099,N2O Emissions,Kilotonne CO2 Equivalent
Japan,2011,21835.785656861,N2O Emissions,Kilotonne CO2 Equivalent
Japan,2010,22312.3155677288,N2O Emissions,Kilotonne CO2 Equivalent
Japan,2009,22630.1353194331,N2O Emissions,Kilotonne CO2 Equivalent
Japan,2008,23095.1181033868,N2O Emissions,Kilotonne CO2 Equivalent
Japan,2007,23977.1748948328,N2O Emissions,Kilotonne CO2 Equivalent
Japan,2006,24541.2735204516,N2O Emissions,Kilotonne CO2 Equivalent
Japan,2005,24516.8073100251,N2O Emissions,Kilotonne CO2 Equivalent
Japan,2004,24895.5761326628,N2O Emissions,Kilotonne CO2 Equivalent
Japan,2003,24862.2660643819,N2O Emissions,Kilotonne CO2 Equivalent
Japan,2002,25017.4126699641,N2O Emissions,Kilotonne CO2 Equivalent
Japan,2001,25481.0264578169,N2O Emissions,Kilotonne CO2 Equivalent
Japan,2000,28999.2067585032,N2O Emissions,Kilotonne CO2 Equivalent
Japan,1999,26427.5255572824,N2O Emissions,Kilotonne CO2 Equivalent
Japan,1998,32509.1356173477,N2O Emissions,Kilotonne CO2 Equivalent
Japan,1997,34066.5958614205,N2O Emissions,Kilotonne CO2 Equivalent
Japan,1996,33269.5652471293,N2O Emissions,Kilotonne CO2 Equivalent
Japan,1995,32150.303481633,N2O Emissions,Kilotonne CO2 Equivalent
Japan,1994,31848.6794560012,N2O Emissions,Kilotonne CO2 Equivalent
Japan,1993,30541.5917698658,N2O Emissions,Kilotonne CO2 Equivalent
Japan,1992,30649.1017879241,N2O Emissions,Kilotonne CO2 Equivalent
Japan,1991,30511.3768656314,N2O Emissions,Kilotonne CO2 Equivalent
Japan,1990,30812.4058184121,N2O Emissions,Kilotonne CO2 Equivalent
Latvia,2014,1911.51868113882,N2O Emissions,Kilotonne CO2 Equivalent
Latvia,2013,1859.45169122631,N2O Emissions,Kilotonne CO2 Equivalent
Latvia,2012,1823.60766454439,N2O Emissions,Kilotonne CO2 Equivalent
Latvia,2011,1726.2775176392,N2O Emissions,Kilotonne CO2 Equivalent
Latvia,2010,1711.99060011522,N2O Emissions,Kilotonne CO2 Equivalent
Latvia,2009,1670.70989776254,N2O Emissions,Kilotonne CO2 Equivalent
Latvia,2008,1641.93927418618,N2O Emissions,Kilotonne CO2 Equivalent
Latvia,2007,1653.06909906558,N2O Emissions,Kilotonne CO2 Equivalent
Latvia,2006,1597.0427033129,N2O Emissions,Kilotonne CO2 Equivalent
Latvia,2005,1587.19163101863,N2O Emissions,Kilotonne CO2 Equivalent
Latvia,2004,1523.54603555707,N2O Emissions,Kilotonne CO2 Equivalent
Latvia,2003,1532.55808860135,N2O Emissions,Kilotonne CO2 Equivalent
Latvia,2002,1478.85083855763,N2O Emissions,Kilotonne CO2 Equivalent
Latvia,2001,1517.20687203825,N2O Emissions,Kilotonne CO2 Equivalent
Latvia,2000,1420.33019050757,N2O Emissions,Kilotonne CO2 Equivalent
Latvia,1999,1396.00174374754,N2O Emissions,Kilotonne CO2 Equivalent
Latvia,1998,1465.2535283451,N2O Emissions,Kilotonne CO2 Equivalent
Latvia,1997,1507.68854012155,N2O Emissions,Kilotonne CO2 Equivalent
Latvia,1996,1497.20877907923,N2O Emissions,Kilotonne CO2 Equivalent
Latvia,1995,1476.64453234033,N2O Emissions,Kilotonne CO2 Equivalent
Latvia,1994,1623.45224040938,N2O Emissions,Kilotonne CO2 Equivalent
Latvia,1993,1784.12317840985,N2O Emissions,Kilotonne CO2 Equivalent
Latvia,1992,2211.11421616148,N2O Emissions,Kilotonne CO2 Equivalent
Latvia,1991,2733.79047753294,N2O Emissions,Kilotonne CO2 Equivalent
Latvia,1990,2888.4187499266,N2O Emissions,Kilotonne CO2 Equivalent
Liechtenstein,2014,9.96502634386566,N2O Emissions,Kilotonne CO2 Equivalent
Liechtenstein,2013,9.9558398217058,N2O Emissions,Kilotonne CO2 Equivalent
Liechtenstein,2012,10.2218522695012,N2O Emissions,Kilotonne CO2 Equivalent
Liechtenstein,2011,10.2991722561692,N2O Emissions,Kilotonne CO2 Equivalent
Liechtenstein,2010,9.91002436183764,N2O Emissions,Kilotonne CO2 Equivalent
Liechtenstein,2009,10.1500059833859,N2O Emissions,Kilotonne CO2 Equivalent
Liechtenstein,2008,10.2802956369935,N2O Emissions,Kilotonne CO2 Equivalent
Liechtenstein,2007,10.1044735088831,N2O Emissions,Kilotonne CO2 Equivalent
Liechtenstein,2006,10.0432599001638,N2O Emissions,Kilotonne CO2 Equivalent
Liechtenstein,2005,9.8626424137403,N2O Emissions,Kilotonne CO2 Equivalent
Liechtenstein,2004,9.71942719946702,N2O Emissions,Kilotonne CO2 Equivalent
Liechtenstein,2003,10.0529496192889,N2O Emissions,Kilotonne CO2 Equivalent
Liechtenstein,2002,10.0511549420148,N2O Emissions,Kilotonne CO2 Equivalent
Liechtenstein,2001,9.90992319345408,N2O Emissions,Kilotonne CO2 Equivalent
Liechtenstein,2000,9.85174988711484,N2O Emissions,Kilotonne CO2 Equivalent
Liechtenstein,1999,9.99184559814152,N2O Emissions,Kilotonne CO2 Equivalent
Liechtenstein,1998,10.2466803031628,N2O Emissions,Kilotonne CO2 Equivalent
Liechtenstein,1997,10.5660800717191,N2O Emissions,Kilotonne CO2 Equivalent
Liechtenstein,1996,10.5601249829528,N2O Emissions,Kilotonne CO2 Equivalent
Liechtenstein,1995,10.6048663617398,N2O Emissions,Kilotonne CO2 Equivalent
Liechtenstein,1994,10.6934412738792,N2O Emissions,Kilotonne CO2 Equivalent
Liechtenstein,1993,10.7341219517833,N2O Emissions,Kilotonne CO2 Equivalent
Liechtenstein,1992,10.9734548154026,N2O Emissions,Kilotonne CO2 Equivalent
Liechtenstein,1991,11.0653925025075,N2O Emissions,Kilotonne CO2 Equivalent
Liechtenstein,1990,10.8571660758976,N2O Emissions,Kilotonne CO2 Equivalent
Lithuania,2014,3124.49173783258,N2O Emissions,Kilotonne CO2 Equivalent
Lithuania,2013,3031.22069484703,N2O Emissions,Kilotonne CO2 Equivalent
Lithuania,2012,3261.86765708307,N2O Emissions,Kilotonne CO2 Equivalent
Lithuania,2011,3515.82369314823,N2O Emissions,Kilotonne CO2 Equivalent
Lithuania,2010,3198.21752159965,N2O Emissions,Kilotonne CO2 Equivalent
Lithuania,2009,3281.23929862331,N2O Emissions,Kilotonne CO2 Equivalent
Lithuania,2008,5421.12248963546,N2O Emissions,Kilotonne CO2 Equivalent
Lithuania,2007,5742.41827130086,N2O Emissions,Kilotonne CO2 Equivalent
Lithuania,2006,5008.20286482918,N2O Emissions,Kilotonne CO2 Equivalent
Lithuania,2005,5069.49334461018,N2O Emissions,Kilotonne CO2 Equivalent
Lithuania,2004,4818.30211223451,N2O Emissions,Kilotonne CO2 Equivalent
Lithuania,2003,4620.94173592212,N2O Emissions,Kilotonne CO2 Equivalent
Lithuania,2002,4455.33481030971,N2O Emissions,Kilotonne CO2 Equivalent
Lithuania,2001,4209.78397242922,N2O Emissions,Kilotonne CO2 Equivalent
Lithuania,2000,4015.79074170298,N2O Emissions,Kilotonne CO2 Equivalent
Lithuania,1999,3819.75891455678,N2O Emissions,Kilotonne CO2 Equivalent
Lithuania,1998,3818.61264750151,N2O Emissions,Kilotonne CO2 Equivalent
Lithuania,1997,3541.31123602261,N2O Emissions,Kilotonne CO2 Equivalent
Lithuania,1996,3426.2922104685,N2O Emissions,Kilotonne CO2 Equivalent
Lithuania,1995,2975.29479169396,N2O Emissions,Kilotonne CO2 Equivalent
Lithuania,1994,2936.65837029095,N2O Emissions,Kilotonne CO2 Equivalent
Lithuania,1993,3230.83540643641,N2O Emissions,Kilotonne CO2 Equivalent
Lithuania,1992,3698.14887089031,N2O Emissions,Kilotonne CO2 Equivalent
Lithuania,1991,5644.46714535688,N2O Emissions,Kilotonne CO2 Equivalent
Lithuania,1990,5370.7328500769,N2O Emissions,Kilotonne CO2 Equivalent
Luxembourg,2014,296.011003249245,N2O Emissions,Kilotonne CO2 Equivalent
Luxembourg,2013,269.43618207575,N2O Emissions,Kilotonne CO2 Equivalent
Luxembourg,2012,265.074028888637,N2O Emissions,Kilotonne CO2 Equivalent
Luxembourg,2011,277.860213484339,N2O Emissions,Kilotonne CO2 Equivalent
Luxembourg,2010,270.342568087369,N2O Emissions,Kilotonne CO2 Equivalent
Luxembourg,2009,265.181812832346,N2O Emissions,Kilotonne CO2 Equivalent
Luxembourg,2008,267.234508701033,N2O Emissions,Kilotonne CO2 Equivalent
Luxembourg,2007,265.596040937961,N2O Emissions,Kilotonne CO2 Equivalent
Luxembourg,2006,267.763841086298,N2O Emissions,Kilotonne CO2 Equivalent
Luxembourg,2005,274.122055884668,N2O Emissions,Kilotonne CO2 Equivalent
Luxembourg,2004,292.258192231611,N2O Emissions,Kilotonne CO2 Equivalent
Luxembourg,2003,273.070286492627,N2O Emissions,Kilotonne CO2 Equivalent
Luxembourg,2002,278.037182537339,N2O Emissions,Kilotonne CO2 Equivalent
Luxembourg,2001,274.37769800511,N2O Emissions,Kilotonne CO2 Equivalent
Luxembourg,2000,287.954799648072,N2O Emissions,Kilotonne CO2 Equivalent
Luxembourg,1999,287.482157140005,N2O Emissions,Kilotonne CO2 Equivalent
Luxembourg,1998,290.332029253033,N2O Emissions,Kilotonne CO2 Equivalent
Luxembourg,1997,286.931918902091,N2O Emissions,Kilotonne CO2 Equivalent
Luxembourg,1996,286.547775839817,N2O Emissions,Kilotonne CO2 Equivalent
Luxembourg,1995,285.39082112669,N2O Emissions,Kilotonne CO2 Equivalent
Luxembourg,1994,283.134021961962,N2O Emissions,Kilotonne CO2 Equivalent
Luxembourg,1993,285.206983296675,N2O Emissions,Kilotonne CO2 Equivalent
Luxembourg,1992,291.198837987111,N2O Emissions,Kilotonne CO2 Equivalent
Luxembourg,1991,301.408489735,N2O Emissions,Kilotonne CO2 Equivalent
Luxembourg,1990,288.770394487681,N2O Emissions,Kilotonne CO2 Equivalent
Malta,2014,68.2263872462731,N2O Emissions,Kilotonne CO2 Equivalent
Malta,2013,68.1981628828519,N2O Emissions,Kilotonne CO2 Equivalent
Malta,2012,67.8278743735485,N2O Emissions,Kilotonne CO2 Equivalent
Malta,2011,67.5062466750124,N2O Emissions,Kilotonne CO2 Equivalent
Malta,2010,65.4775122662086,N2O Emissions,Kilotonne CO2 Equivalent
Malta,2009,69.2330465101579,N2O Emissions,Kilotonne CO2 Equivalent
Malta,2008,72.0198840710079,N2O Emissions,Kilotonne CO2 Equivalent
Malta,2007,74.7640519351901,N2O Emissions,Kilotonne CO2 Equivalent
Malta,2006,72.5030060826119,N2O Emissions,Kilotonne CO2 Equivalent
Malta,2005,71.0684625020077,N2O Emissions,Kilotonne CO2 Equivalent
Malta,2004,71.751846760821,N2O Emissions,Kilotonne CO2 Equivalent
Malta,2003,72.8688072389343,N2O Emissions,Kilotonne CO2 Equivalent
Malta,2002,73.8597959357422,N2O Emissions,Kilotonne CO2 Equivalent
Malta,2001,75.1294317631725,N2O Emissions,Kilotonne CO2 Equivalent
Malta,2000,75.9171127750792,N2O Emissions,Kilotonne CO2 Equivalent
Malta,1999,71.996805884162,N2O Emissions,Kilotonne CO2 Equivalent
Malta,1998,70.6395304767423,N2O Emissions,Kilotonne CO2 Equivalent
Malta,1997,74.841775621278,N2O Emissions,Kilotonne CO2 Equivalent
Malta,1996,72.8749240241485,N2O Emissions,Kilotonne CO2 Equivalent
Malta,1995,73.3523914143725,N2O Emissions,Kilotonne CO2 Equivalent
Malta,1994,71.4985791131761,N2O Emissions,Kilotonne CO2 Equivalent
Malta,1993,69.0535884485676,N2O Emissions,Kilotonne CO2 Equivalent
Malta,1992,66.2028984968267,N2O Emissions,Kilotonne CO2 Equivalent
Malta,1991,64.0571444235168,N2O Emissions,Kilotonne CO2 Equivalent
Malta,1990,61.4890147278553,N2O Emissions,Kilotonne CO2 Equivalent
Monaco,2013,4.42338724010374,N2O Emissions,Kilotonne CO2 Equivalent
Monaco,2012,4.42665457510988,N2O Emissions,Kilotonne CO2 Equivalent
Monaco,2011,4.22511080256166,N2O Emissions,Kilotonne CO2 Equivalent
Monaco,2010,4.32952761909508,N2O Emissions,Kilotonne CO2 Equivalent
Monaco,2009,4.42009415440802,N2O Emissions,Kilotonne CO2 Equivalent
Monaco,2008,4.3398240028206,N2O Emissions,Kilotonne CO2 Equivalent
Monaco,2007,4.41808469499282,N2O Emissions,Kilotonne CO2 Equivalent
Monaco,2006,3.49545528125816,N2O Emissions,Kilotonne CO2 Equivalent
Monaco,2005,3.23070433519814,N2O Emissions,Kilotonne CO2 Equivalent
Monaco,2004,3.3773263821158,N2O Emissions,Kilotonne CO2 Equivalent
Monaco,2003,3.50849521514336,N2O Emissions,Kilotonne CO2 Equivalent
Monaco,2002,3.65871946640196,N2O Emissions,Kilotonne CO2 Equivalent
Monaco,2001,3.71805884336784,N2O Emissions,Kilotonne CO2 Equivalent
Monaco,2000,3.48371994613954,N2O Emissions,Kilotonne CO2 Equivalent
Monaco,1999,3.28348801225896,N2O Emissions,Kilotonne CO2 Equivalent
Monaco,1998,3.1648164950784,N2O Emissions,Kilotonne CO2 Equivalent
Monaco,1997,3.14819111472134,N2O Emissions,Kilotonne CO2 Equivalent
Monaco,1996,2.91706098052766,N2O Emissions,Kilotonne CO2 Equivalent
Monaco,1995,2.68769382417096,N2O Emissions,Kilotonne CO2 Equivalent
Monaco,1994,2.57858689154972,N2O Emissions,Kilotonne CO2 Equivalent
Monaco,1993,2.3465214146151,N2O Emissions,Kilotonne CO2 Equivalent
Monaco,1992,2.06026827971132,N2O Emissions,Kilotonne CO2 Equivalent
Monaco,1991,1.93637803263462,N2O Emissions,Kilotonne CO2 Equivalent
Monaco,1990,1.64555106483988,N2O Emissions,Kilotonne CO2 Equivalent
Netherlands,2014,7815.38236187074,N2O Emissions,Kilotonne CO2 Equivalent
Netherlands,2013,7684.82303825765,N2O Emissions,Kilotonne CO2 Equivalent
Netherlands,2012,7672.69160566458,N2O Emissions,Kilotonne CO2 Equivalent
Netherlands,2011,7855.24805918649,N2O Emissions,Kilotonne CO2 Equivalent
Netherlands,2010,8049.91507197078,N2O Emissions,Kilotonne CO2 Equivalent
Netherlands,2009,8349.9549378197,N2O Emissions,Kilotonne CO2 Equivalent
Netherlands,2008,8558.09830231033,N2O Emissions,Kilotonne CO2 Equivalent
Netherlands,2007,12339.8672323027,N2O Emissions,Kilotonne CO2 Equivalent
Netherlands,2006,13985.149325462,N2O Emissions,Kilotonne CO2 Equivalent
Netherlands,2005,14078.9068139764,N2O Emissions,Kilotonne CO2 Equivalent
Netherlands,2004,14171.0645203012,N2O Emissions,Kilotonne CO2 Equivalent
Netherlands,2003,13732.0407567732,N2O Emissions,Kilotonne CO2 Equivalent
Netherlands,2002,13849.9441099384,N2O Emissions,Kilotonne CO2 Equivalent
Netherlands,2001,14662.0039733458,N2O Emissions,Kilotonne CO2 Equivalent
Netherlands,2000,15638.7401610969,N2O Emissions,Kilotonne CO2 Equivalent
Netherlands,1999,16173.3643974875,N2O Emissions,Kilotonne CO2 Equivalent
Netherlands,1998,16848.7846462731,N2O Emissions,Kilotonne CO2 Equivalent
Netherlands,1997,17427.5466180966,N2O Emissions,Kilotonne CO2 Equivalent
Netherlands,1996,17701.233947839,N2O Emissions,Kilotonne CO2 Equivalent
Netherlands,1995,17667.7629373555,N2O Emissions,Kilotonne CO2 Equivalent
Netherlands,1994,17794.0890617889,N2O Emissions,Kilotonne CO2 Equivalent
Netherlands,1993,18310.8013829881,N2O Emissions,Kilotonne CO2 Equivalent
Netherlands,1992,18043.076403011,N2O Emissions,Kilotonne CO2 Equivalent
Netherlands,1991,17814.3101355604,N2O Emissions,Kilotonne CO2 Equivalent
Netherlands,1990,17636.5109993368,N2O Emissions,Kilotonne CO2 Equivalent
New Zealand,2014,9065.96488457113,N2O Emissions,Kilotonne CO2 Equivalent
New Zealand,2013,9003.28729897108,N2O Emissions,Kilotonne CO2 Equivalent
New Zealand,2012,9007.08511320006,N2O Emissions,Kilotonne CO2 Equivalent
New Zealand,2011,8808.47652328659,N2O Emissions,Kilotonne CO2 Equivalent
New Zealand,2010,8638.06714757371,N2O Emissions,Kilotonne CO2 Equivalent
New Zealand,2009,8498.47983808188,N2O Emissions,Kilotonne CO2 Equivalent
New Zealand,2008,8562.96327758457,N2O Emissions,Kilotonne CO2 Equivalent
New Zealand,2007,8735.59005370899,N2O Emissions,Kilotonne CO2 Equivalent
New Zealand,2006,9150.64047721487,N2O Emissions,Kilotonne CO2 Equivalent
New Zealand,2005,9221.80129766319,N2O Emissions,Kilotonne CO2 Equivalent
New Zealand,2004,9116.33612246547,N2O Emissions,Kilotonne CO2 Equivalent
New Zealand,2003,9074.80536352527,N2O Emissions,Kilotonne CO2 Equivalent
New Zealand,2002,8852.69769975615,N2O Emissions,Kilotonne CO2 Equivalent
New Zealand,2001,8651.6967746452,N2O Emissions,Kilotonne CO2 Equivalent
New Zealand,2000,8429.2163392427,N2O Emissions,Kilotonne CO2 Equivalent
New Zealand,1999,8071.72726637944,N2O Emissions,Kilotonne CO2 Equivalent
New Zealand,1998,8032.43338060887,N2O Emissions,Kilotonne CO2 Equivalent
New Zealand,1997,8202.51468567649,N2O Emissions,Kilotonne CO2 Equivalent
New Zealand,1996,8041.91720217759,N2O Emissions,Kilotonne CO2 Equivalent
New Zealand,1995,7961.71323528806,N2O Emissions,Kilotonne CO2 Equivalent
New Zealand,1994,7768.4564544589,N2O Emissions,Kilotonne CO2 Equivalent
New Zealand,1993,7495.32910664526,N2O Emissions,Kilotonne CO2 Equivalent
New Zealand,1992,7336.13881214683,N2O Emissions,Kilotonne CO2 Equivalent
New Zealand,1991,7388.32723487971,N2O Emissions,Kilotonne CO2 Equivalent
New Zealand,1990,7326.58834952041,N2O Emissions,Kilotonne CO2 Equivalent
Norway,2014,2530.79307976937,N2O Emissions,Kilotonne CO2 Equivalent
Norway,2013,2537.98859746485,N2O Emissions,Kilotonne CO2 Equivalent
Norway,2012,2574.89762243645,N2O Emissions,Kilotonne CO2 Equivalent
Norway,2011,2557.33479104071,N2O Emissions,Kilotonne CO2 Equivalent
Norway,2010,2567.69234912913,N2O Emissions,Kilotonne CO2 Equivalent
Norway,2009,2650.25392278059,N2O Emissions,Kilotonne CO2 Equivalent
Norway,2008,3221.34777760348,N2O Emissions,Kilotonne CO2 Equivalent
Norway,2007,3666.86553938301,N2O Emissions,Kilotonne CO2 Equivalent
Norway,2006,3830.66788058937,N2O Emissions,Kilotonne CO2 Equivalent
Norway,2005,4161.72306052617,N2O Emissions,Kilotonne CO2 Equivalent
Norway,2004,4093.13028670936,N2O Emissions,Kilotonne CO2 Equivalent
Norway,2003,3955.04642490128,N2O Emissions,Kilotonne CO2 Equivalent
Norway,2002,4094.81605934683,N2O Emissions,Kilotonne CO2 Equivalent
Norway,2001,3856.44295079183,N2O Emissions,Kilotonne CO2 Equivalent
Norway,2000,3928.86426278429,N2O Emissions,Kilotonne CO2 Equivalent
Norway,1999,4133.38724194164,N2O Emissions,Kilotonne CO2 Equivalent
Norway,1998,3905.74516569602,N2O Emissions,Kilotonne CO2 Equivalent
Norway,1997,3820.34678663926,N2O Emissions,Kilotonne CO2 Equivalent
Norway,1996,3829.40103564342,N2O Emissions,Kilotonne CO2 Equivalent
Norway,1995,3812.83475899116,N2O Emissions,Kilotonne CO2 Equivalent
Norway,1994,3782.43502763893,N2O Emissions,Kilotonne CO2 Equivalent
Norway,1993,3709.22978640157,N2O Emissions,Kilotonne CO2 Equivalent
Norway,1992,3505.71263797904,N2O Emissions,Kilotonne CO2 Equivalent
Norway,1991,4043.87719358935,N2O Emissions,Kilotonne CO2 Equivalent
Norway,1990,4200.88799506625,N2O Emissions,Kilotonne CO2 Equivalent
Poland,2014,19746.4241281078,N2O Emissions,Kilotonne CO2 Equivalent
Poland,2013,20140.1894467855,N2O Emissions,Kilotonne CO2 Equivalent
Poland,2012,20019.9495803623,N2O Emissions,Kilotonne CO2 Equivalent
Poland,2011,19924.8402870562,N2O Emissions,Kilotonne CO2 Equivalent
Poland,2010,19571.1946083641,N2O Emissions,Kilotonne CO2 Equivalent
Poland,2009,19874.6441054399,N2O Emissions,Kilotonne CO2 Equivalent
Poland,2008,23001.0091549207,N2O Emissions,Kilotonne CO2 Equivalent
Poland,2007,23550.4552959159,N2O Emissions,Kilotonne CO2 Equivalent
Poland,2006,22746.1698317613,N2O Emissions,Kilotonne CO2 Equivalent
Poland,2005,22228.4734121288,N2O Emissions,Kilotonne CO2 Equivalent
Poland,2004,22060.3628108664,N2O Emissions,Kilotonne CO2 Equivalent
Poland,2003,21543.1577893007,N2O Emissions,Kilotonne CO2 Equivalent
Poland,2002,21318.7063987095,N2O Emissions,Kilotonne CO2 Equivalent
Poland,2001,22430.6792882544,N2O Emissions,Kilotonne CO2 Equivalent
Poland,2000,22271.8338908563,N2O Emissions,Kilotonne CO2 Equivalent
Poland,1999,21901.5840128999,N2O Emissions,Kilotonne CO2 Equivalent
Poland,1998,22618.2561376705,N2O Emissions,Kilotonne CO2 Equivalent
Poland,1997,22871.9241656837,N2O Emissions,Kilotonne CO2 Equivalent
Poland,1996,22977.6748655972,N2O Emissions,Kilotonne CO2 Equivalent
Poland,1995,22833.3090979169,N2O Emissions,Kilotonne CO2 Equivalent
Poland,1994,21854.741084692,N2O Emissions,Kilotonne CO2 Equivalent
Poland,1993,21979.8360828494,N2O Emissions,Kilotonne CO2 Equivalent
Poland,1992,20994.4604290014,N2O Emissions,Kilotonne CO2 Equivalent
Poland,1991,22544.706831355,N2O Emissions,Kilotonne CO2 Equivalent
Poland,1990,27007.524867479,N2O Emissions,Kilotonne CO2 Equivalent
Portugal,2014,3409.62400934855,N2O Emissions,Kilotonne CO2 Equivalent
Portugal,2013,3340.18692695386,N2O Emissions,Kilotonne CO2 Equivalent
Portugal,2012,3288.15029272676,N2O Emissions,Kilotonne CO2 Equivalent
Portugal,2011,3289.28022658172,N2O Emissions,Kilotonne CO2 Equivalent
Portugal,2010,3557.74785534388,N2O Emissions,Kilotonne CO2 Equivalent
Portugal,2009,3554.79082697767,N2O Emissions,Kilotonne CO2 Equivalent
Portugal,2008,3889.9242280114,N2O Emissions,Kilotonne CO2 Equivalent
Portugal,2007,4015.59465743918,N2O Emissions,Kilotonne CO2 Equivalent
Portugal,2006,3832.74846782682,N2O Emissions,Kilotonne CO2 Equivalent
Portugal,2005,3971.17440303175,N2O Emissions,Kilotonne CO2 Equivalent
Portugal,2004,4117.79191596473,N2O Emissions,Kilotonne CO2 Equivalent
Portugal,2003,3950.55419014144,N2O Emissions,Kilotonne CO2 Equivalent
Portugal,2002,4301.61007299425,N2O Emissions,Kilotonne CO2 Equivalent
Portugal,2001,4247.50361496866,N2O Emissions,Kilotonne CO2 Equivalent
Portugal,2000,4409.52691041788,N2O Emissions,Kilotonne CO2 Equivalent
Portugal,1999,4436.60817501299,N2O Emissions,Kilotonne CO2 Equivalent
Portugal,1998,4354.33440942864,N2O Emissions,Kilotonne CO2 Equivalent
Portugal,1997,4383.9684049824,N2O Emissions,Kilotonne CO2 Equivalent
Portugal,1996,4382.93829367037,N2O Emissions,Kilotonne CO2 Equivalent
Portugal,1995,4155.40685689607,N2O Emissions,Kilotonne CO2 Equivalent
Portugal,1994,3966.30261279031,N2O Emissions,Kilotonne CO2 Equivalent
Portugal,1993,3921.57470054113,N2O Emissions,Kilotonne CO2 Equivalent
Portugal,1992,3941.08489815327,N2O Emissions,Kilotonne CO2 Equivalent
Portugal,1991,3964.80879849084,N2O Emissions,Kilotonne CO2 Equivalent
Portugal,1990,3989.64751345284,N2O Emissions,Kilotonne CO2 Equivalent
Romania,2014,7033.44187377962,N2O Emissions,Kilotonne CO2 Equivalent
Romania,2013,7296.70629926774,N2O Emissions,Kilotonne CO2 Equivalent
Romania,2012,7138.0604970156,N2O Emissions,Kilotonne CO2 Equivalent
Romania,2011,7844.4840008974,N2O Emissions,Kilotonne CO2 Equivalent
Romania,2010,7526.23486910661,N2O Emissions,Kilotonne CO2 Equivalent
Romania,2009,7310.85975392882,N2O Emissions,Kilotonne CO2 Equivalent
Romania,2008,7977.25333142211,N2O Emissions,Kilotonne CO2 Equivalent
Romania,2007,9186.64981314088,N2O Emissions,Kilotonne CO2 Equivalent
Romania,2006,9202.29729004353,N2O Emissions,Kilotonne CO2 Equivalent
Romania,2005,10333.0575152435,N2O Emissions,Kilotonne CO2 Equivalent
Romania,2004,10507.3426599539,N2O Emissions,Kilotonne CO2 Equivalent
Romania,2003,9227.78096748403,N2O Emissions,Kilotonne CO2 Equivalent
Romania,2002,8538.49930900853,N2O Emissions,Kilotonne CO2 Equivalent
Romania,2001,9237.23183051083,N2O Emissions,Kilotonne CO2 Equivalent
Romania,2000,9343.81071400135,N2O Emissions,Kilotonne CO2 Equivalent
Romania,1999,8879.86478887155,N2O Emissions,Kilotonne CO2 Equivalent
Romania,1998,9339.91235496597,N2O Emissions,Kilotonne CO2 Equivalent
Romania,1997,10529.2053253052,N2O Emissions,Kilotonne CO2 Equivalent
Romania,1996,10916.3428436608,N2O Emissions,Kilotonne CO2 Equivalent
Romania,1995,11359.7482166044,N2O Emissions,Kilotonne CO2 Equivalent
Romania,1994,10704.2644609703,N2O Emissions,Kilotonne CO2 Equivalent
Romania,1993,11438.4210210271,N2O Emissions,Kilotonne CO2 Equivalent
Romania,1992,10757.2248670157,N2O Emissions,Kilotonne CO2 Equivalent
Romania,1991,11034.7365410325,N2O Emissions,Kilotonne CO2 Equivalent
Romania,1990,15496.6567854678,N2O Emissions,Kilotonne CO2 Equivalent
Russian Federation,2014,90157.2301603383,N2O Emissions,Kilotonne CO2 Equivalent
Russian Federation,2013,89940.2264159072,N2O Emissions,Kilotonne CO2 Equivalent
Russian Federation,2012,94665.8340233052,N2O Emissions,Kilotonne CO2 Equivalent
Russian Federation,2011,90299.5012365659,N2O Emissions,Kilotonne CO2 Equivalent
Russian Federation,2010,94899.4081306796,N2O Emissions,Kilotonne CO2 Equivalent
Russian Federation,2009,89567.1533433811,N2O Emissions,Kilotonne CO2 Equivalent
Russian Federation,2008,88292.291111172,N2O Emissions,Kilotonne CO2 Equivalent
Russian Federation,2007,90272.1744880892,N2O Emissions,Kilotonne CO2 Equivalent
Russian Federation,2006,90062.7308603463,N2O Emissions,Kilotonne CO2 Equivalent
Russian Federation,2005,89955.4194623921,N2O Emissions,Kilotonne CO2 Equivalent
Russian Federation,2004,92492.5413015098,N2O Emissions,Kilotonne CO2 Equivalent
Russian Federation,2003,93531.8409541245,N2O Emissions,Kilotonne CO2 Equivalent
Russian Federation,2002,94511.3920356638,N2O Emissions,Kilotonne CO2 Equivalent
Russian Federation,2001,94903.7659042362,N2O Emissions,Kilotonne CO2 Equivalent
Russian Federation,2000,98853.7534472518,N2O Emissions,Kilotonne CO2 Equivalent
Russian Federation,1999,100582.618903202,N2O Emissions,Kilotonne CO2 Equivalent
Russian Federation,1998,106113.074634081,N2O Emissions,Kilotonne CO2 Equivalent
Russian Federation,1997,101973.721975766,N2O Emissions,Kilotonne CO2 Equivalent
Russian Federation,1996,109396.237302039,N2O Emissions,Kilotonne CO2 Equivalent
Russian Federation,1995,115186.706382254,N2O Emissions,Kilotonne CO2 Equivalent
Russian Federation,1994,116051.660024745,N2O Emissions,Kilotonne CO2 Equivalent
Russian Federation,1993,129170.885233433,N2O Emissions,Kilotonne CO2 Equivalent
Russian Federation,1992,151404.310476502,N2O Emissions,Kilotonne CO2 Equivalent
Russian Federation,1991,175740.256148132,N2O Emissions,Kilotonne CO2 Equivalent
Russian Federation,1990,183239.558098725,N2O Emissions,Kilotonne CO2 Equivalent
Slovakia,2014,2335.55044444234,N2O Emissions,Kilotonne CO2 Equivalent
Slovakia,2013,2274.1499941858,N2O Emissions,Kilotonne CO2 Equivalent
Slovakia,2012,2322.23783071163,N2O Emissions,Kilotonne CO2 Equivalent
Slovakia,2011,2371.88871523254,N2O Emissions,Kilotonne CO2 Equivalent
Slovakia,2010,2815.09250730482,N2O Emissions,Kilotonne CO2 Equivalent
Slovakia,2009,2973.50922684502,N2O Emissions,Kilotonne CO2 Equivalent
Slovakia,2008,3284.418364156,N2O Emissions,Kilotonne CO2 Equivalent
Slovakia,2007,3413.50348514705,N2O Emissions,Kilotonne CO2 Equivalent
Slovakia,2006,3515.89052371799,N2O Emissions,Kilotonne CO2 Equivalent
Slovakia,2005,3240.76655488675,N2O Emissions,Kilotonne CO2 Equivalent
Slovakia,2004,3306.26660395665,N2O Emissions,Kilotonne CO2 Equivalent
Slovakia,2003,3170.98633400458,N2O Emissions,Kilotonne CO2 Equivalent
Slovakia,2002,3135.48858194719,N2O Emissions,Kilotonne CO2 Equivalent
Slovakia,2001,3159.28067201745,N2O Emissions,Kilotonne CO2 Equivalent
Slovakia,2000,3022.04612936188,N2O Emissions,Kilotonne CO2 Equivalent
Slovakia,1999,2770.59394396515,N2O Emissions,Kilotonne CO2 Equivalent
Slovakia,1998,3184.01772105759,N2O Emissions,Kilotonne CO2 Equivalent
Slovakia,1997,3523.19657006017,N2O Emissions,Kilotonne CO2 Equivalent
Slovakia,1996,3603.42403169771,N2O Emissions,Kilotonne CO2 Equivalent
Slovakia,1995,3439.83507734675,N2O Emissions,Kilotonne CO2 Equivalent
Slovakia,1994,3255.22420980715,N2O Emissions,Kilotonne CO2 Equivalent
Slovakia,1993,2886.05389372195,N2O Emissions,Kilotonne CO2 Equivalent
Slovakia,1992,3382.9976726304,N2O Emissions,Kilotonne CO2 Equivalent
Slovakia,1991,3999.47283837756,N2O Emissions,Kilotonne CO2 Equivalent
Slovakia,1990,4997.73829414391,N2O Emissions,Kilotonne CO2 Equivalent
Slovenia,2014,758.844818434183,N2O Emissions,Kilotonne CO2 Equivalent
Slovenia,2013,751.64129298851,N2O Emissions,Kilotonne CO2 Equivalent
Slovenia,2012,781.002250751342,N2O Emissions,Kilotonne CO2 Equivalent
Slovenia,2011,779.046564477068,N2O Emissions,Kilotonne CO2 Equivalent
Slovenia,2010,775.916109253385,N2O Emissions,Kilotonne CO2 Equivalent
Slovenia,2009,789.16356484879,N2O Emissions,Kilotonne CO2 Equivalent
Slovenia,2008,793.097752782136,N2O Emissions,Kilotonne CO2 Equivalent
Slovenia,2007,839.3093553947,N2O Emissions,Kilotonne CO2 Equivalent
Slovenia,2006,836.957234984499,N2O Emissions,Kilotonne CO2 Equivalent
Slovenia,2005,830.555036138188,N2O Emissions,Kilotonne CO2 Equivalent
Slovenia,2004,821.698667128823,N2O Emissions,Kilotonne CO2 Equivalent
Slovenia,2003,853.009458197472,N2O Emissions,Kilotonne CO2 Equivalent
Slovenia,2002,887.577090324771,N2O Emissions,Kilotonne CO2 Equivalent
Slovenia,2001,996.858467963867,N2O Emissions,Kilotonne CO2 Equivalent
Slovenia,2000,1012.1450976409,N2O Emissions,Kilotonne CO2 Equivalent
Slovenia,1999,985.867185605085,N2O Emissions,Kilotonne CO2 Equivalent
Slovenia,1998,990.858340931983,N2O Emissions,Kilotonne CO2 Equivalent
Slovenia,1997,1004.70619107469,N2O Emissions,Kilotonne CO2 Equivalent
Slovenia,1996,981.350714578134,N2O Emissions,Kilotonne CO2 Equivalent
Slovenia,1995,928.479438798268,N2O Emissions,Kilotonne CO2 Equivalent
Slovenia,1994,866.213251925464,N2O Emissions,Kilotonne CO2 Equivalent
Slovenia,1993,808.921812163705,N2O Emissions,Kilotonne CO2 Equivalent
Slovenia,1992,832.943765967181,N2O Emissions,Kilotonne CO2 Equivalent
Slovenia,1991,780.830850060121,N2O Emissions,Kilotonne CO2 Equivalent
Slovenia,1990,839.364407323638,N2O Emissions,Kilotonne CO2 Equivalent
Spain,2014,16499.6285401933,N2O Emissions,Kilotonne CO2 Equivalent
Spain,2013,15629.72716943,N2O Emissions,Kilotonne CO2 Equivalent
Spain,2012,15039.6140337311,N2O Emissions,Kilotonne CO2 Equivalent
Spain,2011,15482.3337034241,N2O Emissions,Kilotonne CO2 Equivalent
Spain,2010,16311.8322205672,N2O Emissions,Kilotonne CO2 Equivalent
Spain,2009,15794.3236791019,N2O Emissions,Kilotonne CO2 Equivalent
Spain,2008,15970.8819996413,N2O Emissions,Kilotonne CO2 Equivalent
Spain,2007,17598.5315520104,N2O Emissions,Kilotonne CO2 Equivalent
Spain,2006,17328.9520947868,N2O Emissions,Kilotonne CO2 Equivalent
Spain,2005,17128.6911884712,N2O Emissions,Kilotonne CO2 Equivalent
Spain,2004,17983.46825657,N2O Emissions,Kilotonne CO2 Equivalent
Spain,2003,18787.9206518089,N2O Emissions,Kilotonne CO2 Equivalent
Spain,2002,17941.1763345123,N2O Emissions,Kilotonne CO2 Equivalent
Spain,2001,18524.9470457608,N2O Emissions,Kilotonne CO2 Equivalent
Spain,2000,19684.7301955742,N2O Emissions,Kilotonne CO2 Equivalent
Spain,1999,18949.3246536722,N2O Emissions,Kilotonne CO2 Equivalent
Spain,1998,18135.4065118171,N2O Emissions,Kilotonne CO2 Equivalent
Spain,1997,17415.7679452607,N2O Emissions,Kilotonne CO2 Equivalent
Spain,1996,17900.4233426578,N2O Emissions,Kilotonne CO2 Equivalent
Spain,1995,16057.0766978868,N2O Emissions,Kilotonne CO2 Equivalent
Spain,1994,16044.9607927066,N2O Emissions,Kilotonne CO2 Equivalent
Spain,1993,14526.190160577,N2O Emissions,Kilotonne CO2 Equivalent
Spain,1992,15529.6591967842,N2O Emissions,Kilotonne CO2 Equivalent
Spain,1991,16218.4635960317,N2O Emissions,Kilotonne CO2 Equivalent
Spain,1990,16602.6573419206,N2O Emissions,Kilotonne CO2 Equivalent
Sweden,2014,4884.1295459176,N2O Emissions,Kilotonne CO2 Equivalent
Sweden,2013,4831.67652917797,N2O Emissions,Kilotonne CO2 Equivalent
Sweden,2012,4640.92749206534,N2O Emissions,Kilotonne CO2 Equivalent
Sweden,2011,5106.57964341753,N2O Emissions,Kilotonne CO2 Equivalent
Sweden,2010,5053.50648604708,N2O Emissions,Kilotonne CO2 Equivalent
Sweden,2009,4890.33565819225,N2O Emissions,Kilotonne CO2 Equivalent
Sweden,2008,5042.7696788896,N2O Emissions,Kilotonne CO2 Equivalent
Sweden,2007,4893.0005505437,N2O Emissions,Kilotonne CO2 Equivalent
Sweden,2006,5457.39675984009,N2O Emissions,Kilotonne CO2 Equivalent
Sweden,2005,5222.35492167454,N2O Emissions,Kilotonne CO2 Equivalent
Sweden,2004,5178.17695601949,N2O Emissions,Kilotonne CO2 Equivalent
Sweden,2003,5526.46921149031,N2O Emissions,Kilotonne CO2 Equivalent
Sweden,2002,5459.52220245142,N2O Emissions,Kilotonne CO2 Equivalent
Sweden,2001,5301.23271290333,N2O Emissions,Kilotonne CO2 Equivalent
Sweden,2000,5918.66535953585,N2O Emissions,Kilotonne CO2 Equivalent
Sweden,1999,5909.74894225485,N2O Emissions,Kilotonne CO2 Equivalent
Sweden,1998,5897.17858065595,N2O Emissions,Kilotonne CO2 Equivalent
Sweden,1997,6006.20029664723,N2O Emissions,Kilotonne CO2 Equivalent
Sweden,1996,5793.82868347548,N2O Emissions,Kilotonne CO2 Equivalent
Sweden,1995,6148.12507237434,N2O Emissions,Kilotonne CO2 Equivalent
Sweden,1994,5813.49970349013,N2O Emissions,Kilotonne CO2 Equivalent
Sweden,1993,5830.18631295827,N2O Emissions,Kilotonne CO2 Equivalent
Sweden,1992,5557.16625731658,N2O Emissions,Kilotonne CO2 Equivalent
Sweden,1991,5746.49325217361,N2O Emissions,Kilotonne CO2 Equivalent
Sweden,1990,5840.75421505545,N2O Emissions,Kilotonne CO2 Equivalent
Switzerland,2014,2452.84949184313,N2O Emissions,Kilotonne CO2 Equivalent
Switzerland,2013,2425.57288218188,N2O Emissions,Kilotonne CO2 Equivalent
Switzerland,2012,2461.36323964767,N2O Emissions,Kilotonne CO2 Equivalent
Switzerland,2011,2473.19852272528,N2O Emissions,Kilotonne CO2 Equivalent
Switzerland,2010,2524.07745003776,N2O Emissions,Kilotonne CO2 Equivalent
Switzerland,2009,2474.37345859442,N2O Emissions,Kilotonne CO2 Equivalent
Switzerland,2008,2508.84417902805,N2O Emissions,Kilotonne CO2 Equivalent
Switzerland,2007,2483.6738042647,N2O Emissions,Kilotonne CO2 Equivalent
Switzerland,2006,2457.9546072964,N2O Emissions,Kilotonne CO2 Equivalent
Switzerland,2005,2458.51478417272,N2O Emissions,Kilotonne CO2 Equivalent
Switzerland,2004,2466.2467937676,N2O Emissions,Kilotonne CO2 Equivalent
Switzerland,2003,2507.09738954901,N2O Emissions,Kilotonne CO2 Equivalent
Switzerland,2002,2554.43047748213,N2O Emissions,Kilotonne CO2 Equivalent
Switzerland,2001,2577.45479468524,N2O Emissions,Kilotonne CO2 Equivalent
Switzerland,2000,2561.19625361253,N2O Emissions,Kilotonne CO2 Equivalent
Switzerland,1999,2564.81485271727,N2O Emissions,Kilotonne CO2 Equivalent
Switzerland,1998,2600.53893055229,N2O Emissions,Kilotonne CO2 Equivalent
Switzerland,1997,2604.87939456496,N2O Emissions,Kilotonne CO2 Equivalent
Switzerland,1996,2699.74085840686,N2O Emissions,Kilotonne CO2 Equivalent
Switzerland,1995,2703.57463993662,N2O Emissions,Kilotonne CO2 Equivalent
Switzerland,1994,2718.07910331753,N2O Emissions,Kilotonne CO2 Equivalent
Switzerland,1993,2748.11853051467,N2O Emissions,Kilotonne CO2 Equivalent
Switzerland,1992,2814.4517963358,N2O Emissions,Kilotonne CO2 Equivalent
Switzerland,1991,2845.87650413461,N2O Emissions,Kilotonne CO2 Equivalent
Switzerland,1990,2852.38191614305,N2O Emissions,Kilotonne CO2 Equivalent
Turkey,2014,23282.7086735293,N2O Emissions,Kilotonne CO2 Equivalent
Turkey,2013,23210.8198928928,N2O Emissions,Kilotonne CO2 Equivalent
Turkey,2012,21116.024161751,N2O Emissions,Kilotonne CO2 Equivalent
Turkey,2011,19525.8829179841,N2O Emissions,Kilotonne CO2 Equivalent
Turkey,2010,19620.8926523798,N2O Emissions,Kilotonne CO2 Equivalent
Turkey,2009,19676.21924584,N2O Emissions,Kilotonne CO2 Equivalent
Turkey,2008,17303.5429175344,N2O Emissions,Kilotonne CO2 Equivalent
Turkey,2007,19094.9833270339,N2O Emissions,Kilotonne CO2 Equivalent
Turkey,2006,20235.4954904051,N2O Emissions,Kilotonne CO2 Equivalent
Turkey,2005,18983.9638743038,N2O Emissions,Kilotonne CO2 Equivalent
Turkey,2004,18581.6718379056,N2O Emissions,Kilotonne CO2 Equivalent
Turkey,2003,17727.1085441596,N2O Emissions,Kilotonne CO2 Equivalent
Turkey,2002,17074.6520440149,N2O Emissions,Kilotonne CO2 Equivalent
Turkey,2001,16167.4769157262,N2O Emissions,Kilotonne CO2 Equivalent
Turkey,2000,18425.07589079,N2O Emissions,Kilotonne CO2 Equivalent
Turkey,1999,18901.0710520283,N2O Emissions,Kilotonne CO2 Equivalent
Turkey,1998,18699.0901758212,N2O Emissions,Kilotonne CO2 Equivalent
Turkey,1997,16932.2860233069,N2O Emissions,Kilotonne CO2 Equivalent
Turkey,1996,16720.6012107675,N2O Emissions,Kilotonne CO2 Equivalent
Turkey,1995,15753.1820234927,N2O Emissions,Kilotonne CO2 Equivalent
Turkey,1994,15275.7660552847,N2O Emissions,Kilotonne CO2 Equivalent
Turkey,1993,17842.7146185912,N2O Emissions,Kilotonne CO2 Equivalent
Turkey,1992,16784.4157720553,N2O Emissions,Kilotonne CO2 Equivalent
Turkey,1991,16096.6004230335,N2O Emissions,Kilotonne CO2 Equivalent
Turkey,1990,16509.556832399,N2O Emissions,Kilotonne CO2 Equivalent
Ukraine,2014,35593.6514959441,N2O Emissions,Kilotonne CO2 Equivalent
Ukraine,2013,36186.9397478675,N2O Emissions,Kilotonne CO2 Equivalent
Ukraine,2012,32120.1900686189,N2O Emissions,Kilotonne CO2 Equivalent
Ukraine,2011,33679.8495461359,N2O Emissions,Kilotonne CO2 Equivalent
Ukraine,2010,27932.3022117132,N2O Emissions,Kilotonne CO2 Equivalent
Ukraine,2009,27242.4765114103,N2O Emissions,Kilotonne CO2 Equivalent
Ukraine,2008,30113.6714330642,N2O Emissions,Kilotonne CO2 Equivalent
Ukraine,2007,25013.6911041316,N2O Emissions,Kilotonne CO2 Equivalent
Ukraine,2006,25843.8339575055,N2O Emissions,Kilotonne CO2 Equivalent
Ukraine,2005,25551.9712147291,N2O Emissions,Kilotonne CO2 Equivalent
Ukraine,2004,25582.4005362556,N2O Emissions,Kilotonne CO2 Equivalent
Ukraine,2003,22992.9278289747,N2O Emissions,Kilotonne CO2 Equivalent
Ukraine,2002,26117.1090953661,N2O Emissions,Kilotonne CO2 Equivalent
Ukraine,2001,26207.4062180618,N2O Emissions,Kilotonne CO2 Equivalent
Ukraine,2000,23882.9278499039,N2O Emissions,Kilotonne CO2 Equivalent
Ukraine,1999,25236.4015179279,N2O Emissions,Kilotonne CO2 Equivalent
Ukraine,1998,27209.7053339003,N2O Emissions,Kilotonne CO2 Equivalent
Ukraine,1997,31276.3396938599,N2O Emissions,Kilotonne CO2 Equivalent
Ukraine,1996,30733.5960750165,N2O Emissions,Kilotonne CO2 Equivalent
Ukraine,1995,35441.4642766932,N2O Emissions,Kilotonne CO2 Equivalent
Ukraine,1994,38303.1179607991,N2O Emissions,Kilotonne CO2 Equivalent
Ukraine,1993,44318.9838082892,N2O Emissions,Kilotonne CO2 Equivalent
Ukraine,1992,47202.1730832462,N2O Emissions,Kilotonne CO2 Equivalent
Ukraine,1991,50452.2474149041,N2O Emissions,Kilotonne CO2 Equivalent
Ukraine,1990,55370.6464880769,N2O Emissions,Kilotonne CO2 Equivalent
United Kingdom,2014,21645.8969237383,N2O Emissions,Kilotonne CO2 Equivalent
United Kingdom,2013,21072.6912470736,N2O Emissions,Kilotonne CO2 Equivalent
United Kingdom,2012,20963.789246548,N2O Emissions,Kilotonne CO2 Equivalent
United Kingdom,2011,21105.7667727239,N2O Emissions,Kilotonne CO2 Equivalent
United Kingdom,2010,22186.5355473653,N2O Emissions,Kilotonne CO2 Equivalent
United Kingdom,2009,21832.3157507541,N2O Emissions,Kilotonne CO2 Equivalent
United Kingdom,2008,23498.438215654,N2O Emissions,Kilotonne CO2 Equivalent
United Kingdom,2007,24065.9985646217,N2O Emissions,Kilotonne CO2 Equivalent
United Kingdom,2006,24281.1772047649,N2O Emissions,Kilotonne CO2 Equivalent
United Kingdom,2005,25147.506206399,N2O Emissions,Kilotonne CO2 Equivalent
United Kingdom,2004,26133.0607027417,N2O Emissions,Kilotonne CO2 Equivalent
United Kingdom,2003,25481.894253248,N2O Emissions,Kilotonne CO2 Equivalent
United Kingdom,2002,25713.4574982157,N2O Emissions,Kilotonne CO2 Equivalent
United Kingdom,2001,27504.5774206487,N2O Emissions,Kilotonne CO2 Equivalent
United Kingdom,2000,29046.5810460173,N2O Emissions,Kilotonne CO2 Equivalent
United Kingdom,1999,29354.6780165537,N2O Emissions,Kilotonne CO2 Equivalent
United Kingdom,1998,39255.2488547047,N2O Emissions,Kilotonne CO2 Equivalent
United Kingdom,1997,39228.8361032313,N2O Emissions,Kilotonne CO2 Equivalent
United Kingdom,1996,39088.8145912308,N2O Emissions,Kilotonne CO2 Equivalent
United Kingdom,1995,39375.0314234218,N2O Emissions,Kilotonne CO2 Equivalent
United Kingdom,1994,40712.4165016133,N2O Emissions,Kilotonne CO2 Equivalent
United Kingdom,1993,40434.659968833,N2O Emissions,Kilotonne CO2 Equivalent
United Kingdom,1992,44530.6465906768,N2O Emissions,Kilotonne CO2 Equivalent
United Kingdom,1991,48970.20797471,N2O Emissions,Kilotonne CO2 Equivalent
United Kingdom,1990,48778.6072992288,N2O Emissions,Kilotonne CO2 Equivalent
United States of America,2014,403501.457115005,N2O Emissions,Kilotonne CO2 Equivalent
United States of America,2013,403349.746652267,N2O Emissions,Kilotonne CO2 Equivalent
United States of America,2012,409285.583751925,N2O Emissions,Kilotonne CO2 Equivalent
United States of America,2011,416521.779163033,N2O Emissions,Kilotonne CO2 Equivalent
United States of America,2010,410314.239467985,N2O Emissions,Kilotonne CO2 Equivalent
United States of America,2009,399500.487260924,N2O Emissions,Kilotonne CO2 Equivalent
United States of America,2008,396777.08976209,N2O Emissions,Kilotonne CO2 Equivalent
United States of America,2007,418985.162536219,N2O Emissions,Kilotonne CO2 Equivalent
United States of America,2006,410066.190856612,N2O Emissions,Kilotonne CO2 Equivalent
United States of America,2005,397551.720143459,N2O Emissions,Kilotonne CO2 Equivalent
United States of America,2004,428554.171577754,N2O Emissions,Kilotonne CO2 Equivalent
United States of America,2003,401775.306209104,N2O Emissions,Kilotonne CO2 Equivalent
United States of America,2002,400917.901725168,N2O Emissions,Kilotonne CO2 Equivalent
United States of America,2001,399324.424487961,N2O Emissions,Kilotonne CO2 Equivalent
United States of America,2000,401400.224007895,N2O Emissions,Kilotonne CO2 Equivalent
United States of America,1999,401147.407632087,N2O Emissions,Kilotonne CO2 Equivalent
United States of America,1998,433872.649154321,N2O Emissions,Kilotonne CO2 Equivalent
United States of America,1997,412317.983332985,N2O Emissions,Kilotonne CO2 Equivalent
United States of America,1996,428923.512030529,N2O Emissions,Kilotonne CO2 Equivalent
United States of America,1995,420585.748575647,N2O Emissions,Kilotonne CO2 Equivalent
United States of America,1994,402478.930460366,N2O Emissions,Kilotonne CO2 Equivalent
United States of America,1993,420503.190939675,N2O Emissions,Kilotonne CO2 Equivalent
United States of America,1992,404052.107073036,N2O Emissions,Kilotonne CO2 Equivalent
United States of America,1991,396113.656867143,N2O Emissions,Kilotonne CO2 Equivalent
United States of America,1990,406228.526625645,N2O Emissions,Kilotonne CO2 Equivalent
Australia,2014,192.535990598746,PFC Emissions,Kilotonne CO2 Equivalent
Australia,2013,192.001235884439,PFC Emissions,Kilotonne CO2 Equivalent
Australia,2012,294.882946981773,PFC Emissions,Kilotonne CO2 Equivalent
Australia,2011,301.304839525102,PFC Emissions,Kilotonne CO2 Equivalent
Australia,2010,283.315234628066,PFC Emissions,Kilotonne CO2 Equivalent
Australia,2009,358.551981149097,PFC Emissions,Kilotonne CO2 Equivalent
Australia,2008,444.516693559401,PFC Emissions,Kilotonne CO2 Equivalent
Australia,2007,582.676819046088,PFC Emissions,Kilotonne CO2 Equivalent
Australia,2006,687.059841760489,PFC Emissions,Kilotonne CO2 Equivalent
Australia,2005,1791.70111972472,PFC Emissions,Kilotonne CO2 Equivalent
Australia,2004,1713.84870550831,PFC Emissions,Kilotonne CO2 Equivalent
Australia,2003,1683.98477494731,PFC Emissions,Kilotonne CO2 Equivalent
Australia,2002,1727.62315282097,PFC Emissions,Kilotonne CO2 Equivalent
Australia,2001,1801.88197415979,PFC Emissions,Kilotonne CO2 Equivalent
Australia,2000,1287.06178871158,PFC Emissions,Kilotonne CO2 Equivalent
Australia,1999,1139.05875745416,PFC Emissions,Kilotonne CO2 Equivalent
Australia,1998,1660.51882000668,PFC Emissions,Kilotonne CO2 Equivalent
Australia,1997,1228.1508980875,PFC Emissions,Kilotonne CO2 Equivalent
Australia,1996,1410.39505848126,PFC Emissions,Kilotonne CO2 Equivalent
Australia,1995,1530.83566492632,PFC Emissions,Kilotonne CO2 Equivalent
Australia,1994,2164.42874878371,PFC Emissions,Kilotonne CO2 Equivalent
Australia,1993,3315.52837602798,PFC Emissions,Kilotonne CO2 Equivalent
Australia,1992,4603.282544266,PFC Emissions,Kilotonne CO2 Equivalent
Australia,1991,4610.74329393256,PFC Emissions,Kilotonne CO2 Equivalent
Australia,1990,4607.01291909928,PFC Emissions,Kilotonne CO2 Equivalent
Austria,2014,53.028514,PFC Emissions,Kilotonne CO2 Equivalent
Austria,2013,49.22899,PFC Emissions,Kilotonne CO2 Equivalent
Austria,2012,50.715244,PFC Emissions,Kilotonne CO2 Equivalent
Austria,2011,73.51273,PFC Emissions,Kilotonne CO2 Equivalent
Austria,2010,78.048961,PFC Emissions,Kilotonne CO2 Equivalent
Austria,2009,36.02206,PFC Emissions,Kilotonne CO2 Equivalent
Austria,2008,208.1864855,PFC Emissions,Kilotonne CO2 Equivalent
Austria,2007,230.332465,PFC Emissions,Kilotonne CO2 Equivalent
Austria,2006,172.3869125,PFC Emissions,Kilotonne CO2 Equivalent
Austria,2005,163.2852,PFC Emissions,Kilotonne CO2 Equivalent
Austria,2004,157.57325,PFC Emissions,Kilotonne CO2 Equivalent
Austria,2003,126.38302,PFC Emissions,Kilotonne CO2 Equivalent
Austria,2002,101.974977939939,PFC Emissions,Kilotonne CO2 Equivalent
Austria,2001,116.337427939939,PFC Emissions,Kilotonne CO2 Equivalent
Austria,2000,87.86564,PFC Emissions,Kilotonne CO2 Equivalent
Austria,1999,79.1829096859275,PFC Emissions,Kilotonne CO2 Equivalent
Austria,1998,55.5311426684334,PFC Emissions,Kilotonne CO2 Equivalent
Austria,1997,117.471744,PFC Emissions,Kilotonne CO2 Equivalent
Austria,1996,80.25417,PFC Emissions,Kilotonne CO2 Equivalent
Austria,1995,83.34963,PFC Emissions,Kilotonne CO2 Equivalent
Austria,1994,70.956369,PFC Emissions,Kilotonne CO2 Equivalent
Austria,1993,63.52011,PFC Emissions,Kilotonne CO2 Equivalent
Austria,1992,510.473091,PFC Emissions,Kilotonne CO2 Equivalent
Austria,1991,1192.61742216,PFC Emissions,Kilotonne CO2 Equivalent
Austria,1990,1182.78680316,PFC Emissions,Kilotonne CO2 Equivalent
Belgium,2014,306.964411187965,PFC Emissions,Kilotonne CO2 Equivalent
Belgium,2013,431.59111681973,PFC Emissions,Kilotonne CO2 Equivalent
Belgium,2012,278.209592092669,PFC Emissions,Kilotonne CO2 Equivalent
Belgium,2011,225.503225953068,PFC Emissions,Kilotonne CO2 Equivalent
Belgium,2010,106.614406935151,PFC Emissions,Kilotonne CO2 Equivalent
Belgium,2009,145.921106681532,PFC Emissions,Kilotonne CO2 Equivalent
Belgium,2008,253.103557740221,PFC Emissions,Kilotonne CO2 Equivalent
Belgium,2007,224.05726098503,PFC Emissions,Kilotonne CO2 Equivalent
Belgium,2006,199.907099703807,PFC Emissions,Kilotonne CO2 Equivalent
Belgium,2005,192.770199646856,PFC Emissions,Kilotonne CO2 Equivalent
Belgium,2004,378.33328106467,PFC Emissions,Kilotonne CO2 Equivalent
Belgium,2003,259.03112540345,PFC Emissions,Kilotonne CO2 Equivalent
Belgium,2002,101.056756156584,PFC Emissions,Kilotonne CO2 Equivalent
Belgium,2001,275.840256156584,PFC Emissions,Kilotonne CO2 Equivalent
Belgium,2000,446.1100272947,PFC Emissions,Kilotonne CO2 Equivalent
Belgium,1999,428.74688744057,PFC Emissions,Kilotonne CO2 Equivalent
Belgium,1998,843.866492939303,PFC Emissions,Kilotonne CO2 Equivalent
Belgium,1997,1528.91853903915,PFC Emissions,Kilotonne CO2 Equivalent
Belgium,1996,2766.91383,PFC Emissions,Kilotonne CO2 Equivalent
Belgium,1995,2914.28531,PFC Emissions,Kilotonne CO2 Equivalent
Belgium,1994,2637.36937,PFC Emissions,Kilotonne CO2 Equivalent
Belgium,1993,2195.90067,PFC Emissions,Kilotonne CO2 Equivalent
Belgium,1992,2284.7677,PFC Emissions,Kilotonne CO2 Equivalent
Belgium,1991,2096.42035,PFC Emissions,Kilotonne CO2 Equivalent
Belgium,1990,2191.04861,PFC Emissions,Kilotonne CO2 Equivalent
Bulgaria,2014,0.03288584829846,PFC Emissions,Kilotonne CO2 Equivalent
Bulgaria,2013,0.03908750327438,PFC Emissions,Kilotonne CO2 Equivalent
Bulgaria,2012,0.0464831354475,PFC Emissions,Kilotonne CO2 Equivalent
Bulgaria,2011,0.05530833855,PFC Emissions,Kilotonne CO2 Equivalent
Bulgaria,2010,0.063742887,PFC Emissions,Kilotonne CO2 Equivalent
Bulgaria,2009,0.05586741,PFC Emissions,Kilotonne CO2 Equivalent
Bulgaria,2008,0.0206622,PFC Emissions,Kilotonne CO2 Equivalent
Canada,2014,1088.03684332993,PFC Emissions,Kilotonne CO2 Equivalent
Canada,2013,1617.10472606783,PFC Emissions,Kilotonne CO2 Equivalent
Canada,2012,1798.64304954706,PFC Emissions,Kilotonne CO2 Equivalent
Canada,2011,1687.38042043144,PFC Emissions,Kilotonne CO2 Equivalent
Canada,2010,1859.18101828115,PFC Emissions,Kilotonne CO2 Equivalent
Canada,2009,2510.72426252695,PFC Emissions,Kilotonne CO2 Equivalent
Canada,2008,2601.86447951403,PFC Emissions,Kilotonne CO2 Equivalent
Canada,2007,2534.65909001609,PFC Emissions,Kilotonne CO2 Equivalent
Canada,2006,2986.03241274414,PFC Emissions,Kilotonne CO2 Equivalent
Canada,2005,3839.26384509145,PFC Emissions,Kilotonne CO2 Equivalent
Canada,2004,3522.38338801992,PFC Emissions,Kilotonne CO2 Equivalent
Canada,2003,3490.08719858864,PFC Emissions,Kilotonne CO2 Equivalent
Canada,2002,3463.00536534033,PFC Emissions,Kilotonne CO2 Equivalent
Canada,2001,4048.62755988282,PFC Emissions,Kilotonne CO2 Equivalent
Canada,2000,4985.56832459483,PFC Emissions,Kilotonne CO2 Equivalent
Canada,1999,5371.78677818714,PFC Emissions,Kilotonne CO2 Equivalent
Canada,1998,6477.23123443947,PFC Emissions,Kilotonne CO2 Equivalent
Canada,1997,6374.9048486145,PFC Emissions,Kilotonne CO2 Equivalent
Canada,1996,6502.74608743939,PFC Emissions,Kilotonne CO2 Equivalent
Canada,1995,6349.22019719877,PFC Emissions,Kilotonne CO2 Equivalent
Canada,1994,6895.01454213527,PFC Emissions,Kilotonne CO2 Equivalent
Canada,1993,7455.58343575615,PFC Emissions,Kilotonne CO2 Equivalent
Canada,1992,7578.68311306545,PFC Emissions,Kilotonne CO2 Equivalent
Canada,1991,8033.11321531272,PFC Emissions,Kilotonne CO2 Equivalent
Canada,1990,7557.90185934868,PFC Emissions,Kilotonne CO2 Equivalent
Croatia,2014,0.059536,PFC Emissions,Kilotonne CO2 Equivalent
Croatia,2013,0.05981904,PFC Emissions,Kilotonne CO2 Equivalent
Croatia,2012,0.0311699,PFC Emissions,Kilotonne CO2 Equivalent
Croatia,2011,0.016777,PFC Emissions,Kilotonne CO2 Equivalent
Croatia,2010,0.0339003,PFC Emissions,Kilotonne CO2 Equivalent
Croatia,2009,0.25788015,PFC Emissions,Kilotonne CO2 Equivalent
Croatia,1991,850.751424,PFC Emissions,Kilotonne CO2 Equivalent
Croatia,1990,1240.238592,PFC Emissions,Kilotonne CO2 Equivalent
Czech Republic,2014,5.34193902103615,PFC Emissions,Kilotonne CO2 Equivalent
Czech Republic,2013,6.60744120717277,PFC Emissions,Kilotonne CO2 Equivalent
Czech Republic,2012,8.73895467856366,PFC Emissions,Kilotonne CO2 Equivalent
Czech Republic,2011,10.7174354333106,PFC Emissions,Kilotonne CO2 Equivalent
Czech Republic,2010,49.3217341893848,PFC Emissions,Kilotonne CO2 Equivalent
Czech Republic,2009,44.1436351376944,PFC Emissions,Kilotonne CO2 Equivalent
Czech Republic,2008,37.2934312436944,PFC Emissions,Kilotonne CO2 Equivalent
Czech Republic,2007,27.0289353773216,PFC Emissions,Kilotonne CO2 Equivalent
Czech Republic,2006,29.0066881000163,PFC Emissions,Kilotonne CO2 Equivalent
Czech Republic,2005,12.7351649519389,PFC Emissions,Kilotonne CO2 Equivalent
Czech Republic,2004,10.9806268960446,PFC Emissions,Kilotonne CO2 Equivalent
Czech Republic,2003,7.27394865331202,PFC Emissions,Kilotonne CO2 Equivalent
Czech Republic,2002,15.4309141736833,PFC Emissions,Kilotonne CO2 Equivalent
Czech Republic,2001,8.54303775749736,PFC Emissions,Kilotonne CO2 Equivalent
Czech Republic,2000,3.94609471781817,PFC Emissions,Kilotonne CO2 Equivalent
Czech Republic,1999,0.84022894215434,PFC Emissions,Kilotonne CO2 Equivalent
Czech Republic,1998,1.5264379612585,PFC Emissions,Kilotonne CO2 Equivalent
Czech Republic,1997,1.56259857234407,PFC Emissions,Kilotonne CO2 Equivalent
Czech Republic,1996,0.4655587478,PFC Emissions,Kilotonne CO2 Equivalent
Czech Republic,1995,0.00883,PFC Emissions,Kilotonne CO2 Equivalent
Denmark,2014,8.6638359711981,PFC Emissions,Kilotonne CO2 Equivalent
Denmark,2013,10.9029596346254,PFC Emissions,Kilotonne CO2 Equivalent
Denmark,2012,12.248821396879,PFC Emissions,Kilotonne CO2 Equivalent
Denmark,2011,15.757724600625,PFC Emissions,Kilotonne CO2 Equivalent
Denmark,2010,18.672612787802,PFC Emissions,Kilotonne CO2 Equivalent
Denmark,2009,19.979916431676,PFC Emissions,Kilotonne CO2 Equivalent
Denmark,2008,18.444488645718,PFC Emissions,Kilotonne CO2 Equivalent
Denmark,2007,21.186794217955,PFC Emissions,Kilotonne CO2 Equivalent
Denmark,2006,21.150361908937,PFC Emissions,Kilotonne CO2 Equivalent
Denmark,2005,18.767038231956,PFC Emissions,Kilotonne CO2 Equivalent
Denmark,2004,20.534267704379,PFC Emissions,Kilotonne CO2 Equivalent
Denmark,2003,24.592389402758,PFC Emissions,Kilotonne CO2 Equivalent
Denmark,2002,28.013003919633,PFC Emissions,Kilotonne CO2 Equivalent
Denmark,2001,27.911832355344,PFC Emissions,Kilotonne CO2 Equivalent
Denmark,2000,22.567448283225,PFC Emissions,Kilotonne CO2 Equivalent
Denmark,1999,15.74457587025,PFC Emissions,Kilotonne CO2 Equivalent
Denmark,1998,11.4748565225,PFC Emissions,Kilotonne CO2 Equivalent
Denmark,1997,5.195285025,PFC Emissions,Kilotonne CO2 Equivalent
Denmark,1996,2.09337225,PFC Emissions,Kilotonne CO2 Equivalent
Denmark,1995,0.6335525,PFC Emissions,Kilotonne CO2 Equivalent
Denmark,1994,0.066225,PFC Emissions,Kilotonne CO2 Equivalent
Estonia,2008,0.04855617,PFC Emissions,Kilotonne CO2 Equivalent
Estonia,2007,0.0769093,PFC Emissions,Kilotonne CO2 Equivalent
Estonia,2006,0.09447217,PFC Emissions,Kilotonne CO2 Equivalent
European Union,2014,3486.24942842743,PFC Emissions,Kilotonne CO2 Equivalent
European Union,2013,3939.09056290682,PFC Emissions,Kilotonne CO2 Equivalent
European Union,2012,3680.62834322903,PFC Emissions,Kilotonne CO2 Equivalent
European Union,2011,4225.76748236981,PFC Emissions,Kilotonne CO2 Equivalent
European Union,2010,3857.82259272209,PFC Emissions,Kilotonne CO2 Equivalent
European Union,2009,3332.04392983159,PFC Emissions,Kilotonne CO2 Equivalent
European Union,2008,5119.1397055615,PFC Emissions,Kilotonne CO2 Equivalent
European Union,2007,5968.64361192412,PFC Emissions,Kilotonne CO2 Equivalent
European Union,2006,6435.83425480503,PFC Emissions,Kilotonne CO2 Equivalent
European Union,2005,7225.36575668559,PFC Emissions,Kilotonne CO2 Equivalent
European Union,2004,8610.46492401239,PFC Emissions,Kilotonne CO2 Equivalent
European Union,2003,10162.3007913942,PFC Emissions,Kilotonne CO2 Equivalent
European Union,2002,12287.149548082,PFC Emissions,Kilotonne CO2 Equivalent
European Union,2001,10572.4666747186,PFC Emissions,Kilotonne CO2 Equivalent
European Union,2000,11800.2915091444,PFC Emissions,Kilotonne CO2 Equivalent
European Union,1999,13770.4398105343,PFC Emissions,Kilotonne CO2 Equivalent
European Union,1998,14155.1426610183,PFC Emissions,Kilotonne CO2 Equivalent
European Union,1997,14975.2874783921,PFC Emissions,Kilotonne CO2 Equivalent
European Union,1996,16147.6368474015,PFC Emissions,Kilotonne CO2 Equivalent
European Union,1995,16805.5400569795,PFC Emissions,Kilotonne CO2 Equivalent
European Union,1994,17217.9420896803,PFC Emissions,Kilotonne CO2 Equivalent
European Union,1993,17891.0518691425,PFC Emissions,Kilotonne CO2 Equivalent
European Union,1992,18844.4240419628,PFC Emissions,Kilotonne CO2 Equivalent
European Union,1991,23023.0803797629,PFC Emissions,Kilotonne CO2 Equivalent
European Union,1990,25369.6620194011,PFC Emissions,Kilotonne CO2 Equivalent
Finland,2014,10.303868640737,PFC Emissions,Kilotonne CO2 Equivalent
Finland,2013,6.66307129273,PFC Emissions,Kilotonne CO2 Equivalent
Finland,2012,5.65778724924,PFC Emissions,Kilotonne CO2 Equivalent
Finland,2011,2.29971034165,PFC Emissions,Kilotonne CO2 Equivalent
Finland,2010,1.060941,PFC Emissions,Kilotonne CO2 Equivalent
Finland,2009,11.58387444778,PFC Emissions,Kilotonne CO2 Equivalent
Finland,2008,13.93489389192,PFC Emissions,Kilotonne CO2 Equivalent
Finland,2007,10.20663632902,PFC Emissions,Kilotonne CO2 Equivalent
Finland,2006,19.2075921,PFC Emissions,Kilotonne CO2 Equivalent
Finland,2005,15.9741532,PFC Emissions,Kilotonne CO2 Equivalent
Finland,2004,14.3909954,PFC Emissions,Kilotonne CO2 Equivalent
Finland,2003,18.32408905674,PFC Emissions,Kilotonne CO2 Equivalent
Finland,2002,16.50458664744,PFC Emissions,Kilotonne CO2 Equivalent
Finland,2001,22.6845372266,PFC Emissions,Kilotonne CO2 Equivalent
Finland,2000,13.226121095,PFC Emissions,Kilotonne CO2 Equivalent
Finland,1999,35.6934882,PFC Emissions,Kilotonne CO2 Equivalent
Finland,1998,0.633393,PFC Emissions,Kilotonne CO2 Equivalent
Finland,1997,0.550777,PFC Emissions,Kilotonne CO2 Equivalent
Finland,1996,0.478937,PFC Emissions,Kilotonne CO2 Equivalent
Finland,1995,0.416466,PFC Emissions,Kilotonne CO2 Equivalent
Finland,1994,0.362145,PFC Emissions,Kilotonne CO2 Equivalent
Finland,1993,0.314908,PFC Emissions,Kilotonne CO2 Equivalent
Finland,1992,0.273833,PFC Emissions,Kilotonne CO2 Equivalent
Finland,1991,0.238116,PFC Emissions,Kilotonne CO2 Equivalent
Finland,1990,0.207057,PFC Emissions,Kilotonne CO2 Equivalent
France,2014,591.712394537396,PFC Emissions,Kilotonne CO2 Equivalent
France,2013,657.612215269055,PFC Emissions,Kilotonne CO2 Equivalent
France,2012,778.267427958322,PFC Emissions,Kilotonne CO2 Equivalent
France,2011,761.96022581171,PFC Emissions,Kilotonne CO2 Equivalent
France,2010,605.292221904073,PFC Emissions,Kilotonne CO2 Equivalent
France,2009,546.73406304374,PFC Emissions,Kilotonne CO2 Equivalent
France,2008,765.668792524516,PFC Emissions,Kilotonne CO2 Equivalent
France,2007,1167.35230993816,PFC Emissions,Kilotonne CO2 Equivalent
France,2006,1450.31796981777,PFC Emissions,Kilotonne CO2 Equivalent
France,2005,1748.24988724352,PFC Emissions,Kilotonne CO2 Equivalent
France,2004,2626.77729803323,PFC Emissions,Kilotonne CO2 Equivalent
France,2003,3838.7786681438,PFC Emissions,Kilotonne CO2 Equivalent
France,2002,4162.08521901902,PFC Emissions,Kilotonne CO2 Equivalent
France,2001,2640.88983896737,PFC Emissions,Kilotonne CO2 Equivalent
France,2000,2985.4105642297,PFC Emissions,Kilotonne CO2 Equivalent
France,1999,4206.32349490227,PFC Emissions,Kilotonne CO2 Equivalent
France,1998,3410.29367790934,PFC Emissions,Kilotonne CO2 Equivalent
France,1997,2918.65581274502,PFC Emissions,Kilotonne CO2 Equivalent
France,1996,2810.7015068861,PFC Emissions,Kilotonne CO2 Equivalent
France,1995,3069.28484995456,PFC Emissions,Kilotonne CO2 Equivalent
France,1994,4313.40745706277,PFC Emissions,Kilotonne CO2 Equivalent
France,1993,4831.98538603529,PFC Emissions,Kilotonne CO2 Equivalent
France,1992,4906.23797974481,PFC Emissions,Kilotonne CO2 Equivalent
France,1991,4810.46547146533,PFC Emissions,Kilotonne CO2 Equivalent
France,1990,5190.38858384413,PFC Emissions,Kilotonne CO2 Equivalent
Germany,2014,234.23012791,PFC Emissions,Kilotonne CO2 Equivalent
Germany,2013,258.2424803299,PFC Emissions,Kilotonne CO2 Equivalent
Germany,2012,242.1952982868,PFC Emissions,Kilotonne CO2 Equivalent
Germany,2011,278.5131586336,PFC Emissions,Kilotonne CO2 Equivalent
Germany,2010,345.37465459,PFC Emissions,Kilotonne CO2 Equivalent
Germany,2009,405.8981948932,PFC Emissions,Kilotonne CO2 Equivalent
Germany,2008,565.999678438,PFC Emissions,Kilotonne CO2 Equivalent
Germany,2007,587.3371341023,PFC Emissions,Kilotonne CO2 Equivalent
Germany,2006,668.4684378916,PFC Emissions,Kilotonne CO2 Equivalent
Germany,2005,836.7689433718,PFC Emissions,Kilotonne CO2 Equivalent
Germany,2004,977.4001705905,PFC Emissions,Kilotonne CO2 Equivalent
Germany,2003,1015.5303278961,PFC Emissions,Kilotonne CO2 Equivalent
Germany,2002,945.647647991,PFC Emissions,Kilotonne CO2 Equivalent
Germany,2001,869.6013591746,PFC Emissions,Kilotonne CO2 Equivalent
Germany,2000,956.3249366953,PFC Emissions,Kilotonne CO2 Equivalent
Germany,1999,1484.7690261203,PFC Emissions,Kilotonne CO2 Equivalent
Germany,1998,1781.790641552,PFC Emissions,Kilotonne CO2 Equivalent
Germany,1997,1653.4839981524,PFC Emissions,Kilotonne CO2 Equivalent
Germany,1996,2041.1871893157,PFC Emissions,Kilotonne CO2 Equivalent
Germany,1995,2085.7208519202,PFC Emissions,Kilotonne CO2 Equivalent
Germany,1994,1918.7755989799,PFC Emissions,Kilotonne CO2 Equivalent
Germany,1993,2256.3898262972,PFC Emissions,Kilotonne CO2 Equivalent
Germany,1992,2407.11875,PFC Emissions,Kilotonne CO2 Equivalent
Germany,1991,2654.6235,PFC Emissions,Kilotonne CO2 Equivalent
Germany,1990,3060.2315,PFC Emissions,Kilotonne CO2 Equivalent
Greece,2014,134.633696322023,PFC Emissions,Kilotonne CO2 Equivalent
Greece,2013,172.562015967165,PFC Emissions,Kilotonne CO2 Equivalent
Greece,2012,147.771191593888,PFC Emissions,Kilotonne CO2 Equivalent
Greece,2011,110.526125998605,PFC Emissions,Kilotonne CO2 Equivalent
Greece,2010,129.438348346555,PFC Emissions,Kilotonne CO2 Equivalent
Greece,2009,91.3453978446758,PFC Emissions,Kilotonne CO2 Equivalent
Greece,2008,118.952206345371,PFC Emissions,Kilotonne CO2 Equivalent
Greece,2007,103.042673492972,PFC Emissions,Kilotonne CO2 Equivalent
Greece,2006,87.2101002,PFC Emissions,Kilotonne CO2 Equivalent
Greece,2005,91.511358864,PFC Emissions,Kilotonne CO2 Equivalent
Greece,2004,87.855325596,PFC Emissions,Kilotonne CO2 Equivalent
Greece,2003,89.276316768,PFC Emissions,Kilotonne CO2 Equivalent
Greece,2002,88.287043956,PFC Emissions,Kilotonne CO2 Equivalent
Greece,2001,84.10325592,PFC Emissions,Kilotonne CO2 Equivalent
Greece,2000,122.260247232,PFC Emissions,Kilotonne CO2 Equivalent
Greece,1999,105.30855576,PFC Emissions,Kilotonne CO2 Equivalent
Greece,1998,155.47853778,PFC Emissions,Kilotonne CO2 Equivalent
Greece,1997,125.63728338,PFC Emissions,Kilotonne CO2 Equivalent
Greece,1996,53.729172,PFC Emissions,Kilotonne CO2 Equivalent
Greece,1995,62.8524918,PFC Emissions,Kilotonne CO2 Equivalent
Greece,1994,70.308966,PFC Emissions,Kilotonne CO2 Equivalent
Greece,1993,112.9376556,PFC Emissions,Kilotonne CO2 Equivalent
Greece,1992,187.741785,PFC Emissions,Kilotonne CO2 Equivalent
Greece,1991,191.1907368,PFC Emissions,Kilotonne CO2 Equivalent
Greece,1990,190.2597858,PFC Emissions,Kilotonne CO2 Equivalent
Hungary,2014,1.96115768125132,PFC Emissions,Kilotonne CO2 Equivalent
Hungary,2013,1.69134045297462,PFC Emissions,Kilotonne CO2 Equivalent
Hungary,2012,1.72305427467814,PFC Emissions,Kilotonne CO2 Equivalent
Hungary,2011,2.15827518269987,PFC Emissions,Kilotonne CO2 Equivalent
Hungary,2010,1.52109411054007,PFC Emissions,Kilotonne CO2 Equivalent
Hungary,2009,3.69890288580613,PFC Emissions,Kilotonne CO2 Equivalent
Hungary,2008,4.79870808868294,PFC Emissions,Kilotonne CO2 Equivalent
Hungary,2007,4.54037826540194,PFC Emissions,Kilotonne CO2 Equivalent
Hungary,2006,3.17983523297692,PFC Emissions,Kilotonne CO2 Equivalent
Hungary,2005,280.51847978122,PFC Emissions,Kilotonne CO2 Equivalent
Hungary,2004,269.426370033108,PFC Emissions,Kilotonne CO2 Equivalent
Hungary,2003,254.412840496853,PFC Emissions,Kilotonne CO2 Equivalent
Hungary,2002,271.90618149322,PFC Emissions,Kilotonne CO2 Equivalent
Hungary,2001,266.845373482288,PFC Emissions,Kilotonne CO2 Equivalent
Hungary,2000,283.114349327952,PFC Emissions,Kilotonne CO2 Equivalent
Hungary,1999,287.030881250729,PFC Emissions,Kilotonne CO2 Equivalent
Hungary,1998,263.733628988859,PFC Emissions,Kilotonne CO2 Equivalent
Hungary,1997,212.280471028897,PFC Emissions,Kilotonne CO2 Equivalent
Hungary,1996,212.8050371876,PFC Emissions,Kilotonne CO2 Equivalent
Hungary,1995,222.719179440243,PFC Emissions,Kilotonne CO2 Equivalent
Hungary,1994,212.187218997811,PFC Emissions,Kilotonne CO2 Equivalent
Hungary,1993,194.585003513472,PFC Emissions,Kilotonne CO2 Equivalent
Hungary,1992,180.03805736488,PFC Emissions,Kilotonne CO2 Equivalent
Hungary,1991,323.59787259829,PFC Emissions,Kilotonne CO2 Equivalent
Hungary,1990,375.722486894352,PFC Emissions,Kilotonne CO2 Equivalent
Iceland,2014,99.0329495237754,PFC Emissions,Kilotonne CO2 Equivalent
Iceland,2013,88.1645538991686,PFC Emissions,Kilotonne CO2 Equivalent
Iceland,2012,93.9998354889332,PFC Emissions,Kilotonne CO2 Equivalent
Iceland,2011,74.5201696791007,PFC Emissions,Kilotonne CO2 Equivalent
Iceland,2010,171.665383798272,PFC Emissions,Kilotonne CO2 Equivalent
Iceland,2009,180.050603425226,PFC Emissions,Kilotonne CO2 Equivalent
Iceland,2008,411.382652201443,PFC Emissions,Kilotonne CO2 Equivalent
Iceland,2007,331.386346929023,PFC Emissions,Kilotonne CO2 Equivalent
Iceland,2006,392.787977495711,PFC Emissions,Kilotonne CO2 Equivalent
Iceland,2005,30.7605519721848,PFC Emissions,Kilotonne CO2 Equivalent
Iceland,2004,45.4764422364567,PFC Emissions,Kilotonne CO2 Equivalent
Iceland,2003,70.4734568833258,PFC Emissions,Kilotonne CO2 Equivalent
Iceland,2002,85.5105213233986,PFC Emissions,Kilotonne CO2 Equivalent
Iceland,2001,108.050497198888,PFC Emissions,Kilotonne CO2 Equivalent
Iceland,2000,149.893851386049,PFC Emissions,Kilotonne CO2 Equivalent
Iceland,1999,204.172738340799,PFC Emissions,Kilotonne CO2 Equivalent
Iceland,1998,212.332325585756,PFC Emissions,Kilotonne CO2 Equivalent
Iceland,1997,97.0800910723957,PFC Emissions,Kilotonne CO2 Equivalent
Iceland,1996,29.6441215579461,PFC Emissions,Kilotonne CO2 Equivalent
Iceland,1995,69.3625828823928,PFC Emissions,Kilotonne CO2 Equivalent
Iceland,1994,52.5334804461967,PFC Emissions,Kilotonne CO2 Equivalent
Iceland,1993,88.2399125902694,PFC Emissions,Kilotonne CO2 Equivalent
Iceland,1992,183.03511320119,PFC Emissions,Kilotonne CO2 Equivalent
Iceland,1991,410.608373661486,PFC Emissions,Kilotonne CO2 Equivalent
Iceland,1990,494.641568393072,PFC Emissions,Kilotonne CO2 Equivalent
Ireland,2014,9.0040101010101,PFC Emissions,Kilotonne CO2 Equivalent
Ireland,2013,8.32435555555557,PFC Emissions,Kilotonne CO2 Equivalent
Ireland,2012,9.55905777777773,PFC Emissions,Kilotonne CO2 Equivalent
Ireland,2011,15.8758,PFC Emissions,Kilotonne CO2 Equivalent
Ireland,2010,46.5838,PFC Emissions,Kilotonne CO2 Equivalent
Ireland,2009,83.63275,PFC Emissions,Kilotonne CO2 Equivalent
Ireland,2008,136.13626,PFC Emissions,Kilotonne CO2 Equivalent
Ireland,2007,168.1002,PFC Emissions,Kilotonne CO2 Equivalent
Ireland,2006,190.95674,PFC Emissions,Kilotonne CO2 Equivalent
Ireland,2005,216.38503,PFC Emissions,Kilotonne CO2 Equivalent
Ireland,2004,234.81346,PFC Emissions,Kilotonne CO2 Equivalent
Ireland,2003,285.9505728,PFC Emissions,Kilotonne CO2 Equivalent
Ireland,2002,267.89489,PFC Emissions,Kilotonne CO2 Equivalent
Ireland,2001,379.51399,PFC Emissions,Kilotonne CO2 Equivalent
Ireland,2000,397.75633,PFC Emissions,Kilotonne CO2 Equivalent
Ireland,1999,254.822381,PFC Emissions,Kilotonne CO2 Equivalent
Ireland,1998,79.217,PFC Emissions,Kilotonne CO2 Equivalent
Ireland,1997,169.01224,PFC Emissions,Kilotonne CO2 Equivalent
Ireland,1996,133.28886,PFC Emissions,Kilotonne CO2 Equivalent
Ireland,1995,97.60724,PFC Emissions,Kilotonne CO2 Equivalent
Ireland,1994,58.612252,PFC Emissions,Kilotonne CO2 Equivalent
Ireland,1993,39.114758,PFC Emissions,Kilotonne CO2 Equivalent
Ireland,1992,19.617264,PFC Emissions,Kilotonne CO2 Equivalent
Ireland,1991,9.868517,PFC Emissions,Kilotonne CO2 Equivalent
Ireland,1990,0.11977,PFC Emissions,Kilotonne CO2 Equivalent
Italy,2014,1564.34433333333,PFC Emissions,Kilotonne CO2 Equivalent
Italy,2013,1705.41366666667,PFC Emissions,Kilotonne CO2 Equivalent
Italy,2012,1499.20563616302,PFC Emissions,Kilotonne CO2 Equivalent
Italy,2011,1661.28020541475,PFC Emissions,Kilotonne CO2 Equivalent
Italy,2010,1520.38620529573,PFC Emissions,Kilotonne CO2 Equivalent
Italy,2009,1215.36019192858,PFC Emissions,Kilotonne CO2 Equivalent
Italy,2008,1712.38597586177,PFC Emissions,Kilotonne CO2 Equivalent
Italy,2007,1886.20360283508,PFC Emissions,Kilotonne CO2 Equivalent
Italy,2006,1935.14258994304,PFC Emissions,Kilotonne CO2 Equivalent
Italy,2005,1939.94659237002,PFC Emissions,Kilotonne CO2 Equivalent
Italy,2004,1950.88149161402,PFC Emissions,Kilotonne CO2 Equivalent
Italy,2003,1882.18207504574,PFC Emissions,Kilotonne CO2 Equivalent
Italy,2002,1491.22662124371,PFC Emissions,Kilotonne CO2 Equivalent
Italy,2001,1502.52918164629,PFC Emissions,Kilotonne CO2 Equivalent
Italy,2000,1388.28830862196,PFC Emissions,Kilotonne CO2 Equivalent
Italy,1999,1265.45850136669,PFC Emissions,Kilotonne CO2 Equivalent
Italy,1998,1259.28705906902,PFC Emissions,Kilotonne CO2 Equivalent
Italy,1997,1211.45546276734,PFC Emissions,Kilotonne CO2 Equivalent
Italy,1996,1180.36205065767,PFC Emissions,Kilotonne CO2 Equivalent
Italy,1995,1450.33078158548,PFC Emissions,Kilotonne CO2 Equivalent
Italy,1994,1422.69866414441,PFC Emissions,Kilotonne CO2 Equivalent
Italy,1993,1672.06121799773,PFC Emissions,Kilotonne CO2 Equivalent
Italy,1992,1818.77438824307,PFC Emissions,Kilotonne CO2 Equivalent
Italy,1991,2509.91163125455,PFC Emissions,Kilotonne CO2 Equivalent
Italy,1990,2906.85506987091,PFC Emissions,Kilotonne CO2 Equivalent
Japan,2014,3361.42530745359,PFC Emissions,Kilotonne CO2 Equivalent
Japan,2013,3280.05930726813,PFC Emissions,Kilotonne CO2 Equivalent
Japan,2012,3436.3283067772,PFC Emissions,Kilotonne CO2 Equivalent
Japan,2011,3755.44649236449,PFC Emissions,Kilotonne CO2 Equivalent
Japan,2010,4249.54370366427,PFC Emissions,Kilotonne CO2 Equivalent
Japan,2009,4046.87214502824,PFC Emissions,Kilotonne CO2 Equivalent
Japan,2008,5743.40477878789,PFC Emissions,Kilotonne CO2 Equivalent
Japan,2007,7916.84958572168,PFC Emissions,Kilotonne CO2 Equivalent
Japan,2006,8998.77574592745,PFC Emissions,Kilotonne CO2 Equivalent
Japan,2005,8623.35165884274,PFC Emissions,Kilotonne CO2 Equivalent
Japan,2004,9216.6404835836,PFC Emissions,Kilotonne CO2 Equivalent
Japan,2003,8854.20562687879,PFC Emissions,Kilotonne CO2 Equivalent
Japan,2002,9199.43971030484,PFC Emissions,Kilotonne CO2 Equivalent
Japan,2001,9878.46843426277,PFC Emissions,Kilotonne CO2 Equivalent
Japan,2000,11873.1098813579,PFC Emissions,Kilotonne CO2 Equivalent
Japan,1999,13118.0647074888,PFC Emissions,Kilotonne CO2 Equivalent
Japan,1998,16568.476128946,PFC Emissions,Kilotonne CO2 Equivalent
Japan,1997,19984.2828830977,PFC Emissions,Kilotonne CO2 Equivalent
Japan,1996,18258.1770431605,PFC Emissions,Kilotonne CO2 Equivalent
Japan,1995,17609.9185991771,PFC Emissions,Kilotonne CO2 Equivalent
Japan,1994,13443.4618370949,PFC Emissions,Kilotonne CO2 Equivalent
Japan,1993,10942.7970238935,PFC Emissions,Kilotonne CO2 Equivalent
Japan,1992,7617.29310769735,PFC Emissions,Kilotonne CO2 Equivalent
Japan,1991,7506.92208816063,PFC Emissions,Kilotonne CO2 Equivalent
Japan,1990,6539.29933306031,PFC Emissions,Kilotonne CO2 Equivalent
Liechtenstein,2014,0.04177826028221,PFC Emissions,Kilotonne CO2 Equivalent
Liechtenstein,2013,0.06017135998668,PFC Emissions,Kilotonne CO2 Equivalent
Liechtenstein,2012,0.05513597313341,PFC Emissions,Kilotonne CO2 Equivalent
Liechtenstein,2011,0.06064807197405,PFC Emissions,Kilotonne CO2 Equivalent
Liechtenstein,2010,0.06870253589559,PFC Emissions,Kilotonne CO2 Equivalent
Liechtenstein,2009,0.07327475002379,PFC Emissions,Kilotonne CO2 Equivalent
Liechtenstein,2008,0.08249450531183,PFC Emissions,Kilotonne CO2 Equivalent
Liechtenstein,2007,0.08306930443765,PFC Emissions,Kilotonne CO2 Equivalent
Liechtenstein,2006,0.07697196154948,PFC Emissions,Kilotonne CO2 Equivalent
Liechtenstein,2005,0.06563217816356,PFC Emissions,Kilotonne CO2 Equivalent
Liechtenstein,2004,0.04806392686646,PFC Emissions,Kilotonne CO2 Equivalent
Liechtenstein,2003,0.03841039463912,PFC Emissions,Kilotonne CO2 Equivalent
Liechtenstein,2002,0.01932257649335,PFC Emissions,Kilotonne CO2 Equivalent
Liechtenstein,2001,0.015637904427,PFC Emissions,Kilotonne CO2 Equivalent
Liechtenstein,2000,0.01200025331373,PFC Emissions,Kilotonne CO2 Equivalent
Liechtenstein,1999,0.00722320339987,PFC Emissions,Kilotonne CO2 Equivalent
Liechtenstein,1998,0.00415612076632,PFC Emissions,Kilotonne CO2 Equivalent
Liechtenstein,1997,0.00212843905001,PFC Emissions,Kilotonne CO2 Equivalent
Liechtenstein,1996,0.002152050372,PFC Emissions,Kilotonne CO2 Equivalent
Liechtenstein,1995,0.00197672308502,PFC Emissions,Kilotonne CO2 Equivalent
Liechtenstein,1994,0.00149419777664,PFC Emissions,Kilotonne CO2 Equivalent
Liechtenstein,1993,0.00079066811984,PFC Emissions,Kilotonne CO2 Equivalent
Liechtenstein,1992,0.00035744763733,PFC Emissions,Kilotonne CO2 Equivalent
Liechtenstein,1991,0.00011556618428,PFC Emissions,Kilotonne CO2 Equivalent
Malta,2014,1.10375e-06,PFC Emissions,Kilotonne CO2 Equivalent
Malta,2013,1.10375e-06,PFC Emissions,Kilotonne CO2 Equivalent
Malta,2012,1.10375e-06,PFC Emissions,Kilotonne CO2 Equivalent
Malta,2011,1.10375e-06,PFC Emissions,Kilotonne CO2 Equivalent
Malta,2010,1.10375e-06,PFC Emissions,Kilotonne CO2 Equivalent
Malta,2009,1.10375e-06,PFC Emissions,Kilotonne CO2 Equivalent
Malta,2008,1.10375e-06,PFC Emissions,Kilotonne CO2 Equivalent
Malta,2007,1.10375e-06,PFC Emissions,Kilotonne CO2 Equivalent
Monaco,2009,0.0198675,PFC Emissions,Kilotonne CO2 Equivalent
Monaco,2008,0.02002644,PFC Emissions,Kilotonne CO2 Equivalent
Monaco,2007,0.0807945,PFC Emissions,Kilotonne CO2 Equivalent
Monaco,2006,0.09001302,PFC Emissions,Kilotonne CO2 Equivalent
Monaco,2005,0.07989384,PFC Emissions,Kilotonne CO2 Equivalent
Monaco,2004,0.0484767,PFC Emissions,Kilotonne CO2 Equivalent
Monaco,2003,0.03994692,PFC Emissions,Kilotonne CO2 Equivalent
Monaco,2002,0.0723177,PFC Emissions,Kilotonne CO2 Equivalent
Monaco,2001,0.0895362,PFC Emissions,Kilotonne CO2 Equivalent
Netherlands,2014,93.2102710356553,PFC Emissions,Kilotonne CO2 Equivalent
Netherlands,2013,143.7572144,PFC Emissions,Kilotonne CO2 Equivalent
Netherlands,2012,188.4483074,PFC Emissions,Kilotonne CO2 Equivalent
Netherlands,2011,275.195390799999,PFC Emissions,Kilotonne CO2 Equivalent
Netherlands,2010,313.772231400001,PFC Emissions,Kilotonne CO2 Equivalent
Netherlands,2009,308.3828986,PFC Emissions,Kilotonne CO2 Equivalent
Netherlands,2008,328.267817400001,PFC Emissions,Kilotonne CO2 Equivalent
Netherlands,2007,426.889116,PFC Emissions,Kilotonne CO2 Equivalent
Netherlands,2006,351.240524,PFC Emissions,Kilotonne CO2 Equivalent
Netherlands,2005,365.9850305,PFC Emissions,Kilotonne CO2 Equivalent
Netherlands,2004,370.479202250001,PFC Emissions,Kilotonne CO2 Equivalent
Netherlands,2003,764.435132750001,PFC Emissions,Kilotonne CO2 Equivalent
Netherlands,2002,2613.010215,PFC Emissions,Kilotonne CO2 Equivalent
Netherlands,2001,1791.81653925,PFC Emissions,Kilotonne CO2 Equivalent
Netherlands,2000,1902.81320479131,PFC Emissions,Kilotonne CO2 Equivalent
Netherlands,1999,1766.13545564348,PFC Emissions,Kilotonne CO2 Equivalent
Netherlands,1998,2174.66459768261,PFC Emissions,Kilotonne CO2 Equivalent
Netherlands,1997,2764.9365056,PFC Emissions,Kilotonne CO2 Equivalent
Netherlands,1996,2535.61198934696,PFC Emissions,Kilotonne CO2 Equivalent
Netherlands,1995,2279.92269264522,PFC Emissions,Kilotonne CO2 Equivalent
Netherlands,1994,2340.78523021625,PFC Emissions,Kilotonne CO2 Equivalent
Netherlands,1993,2432.35110828056,PFC Emissions,Kilotonne CO2 Equivalent
Netherlands,1992,2402.65768842065,PFC Emissions,Kilotonne CO2 Equivalent
Netherlands,1991,2639.58526434912,PFC Emissions,Kilotonne CO2 Equivalent
Netherlands,1990,2662.85032187436,PFC Emissions,Kilotonne CO2 Equivalent
New Zealand,2014,73.41003868,PFC Emissions,Kilotonne CO2 Equivalent
New Zealand,2013,48.125514,PFC Emissions,Kilotonne CO2 Equivalent
New Zealand,2012,47.4620957,PFC Emissions,Kilotonne CO2 Equivalent
New Zealand,2011,35.15221655,PFC Emissions,Kilotonne CO2 Equivalent
New Zealand,2010,47.38709,PFC Emissions,Kilotonne CO2 Equivalent
New Zealand,2009,54.8381,PFC Emissions,Kilotonne CO2 Equivalent
New Zealand,2008,45.1231,PFC Emissions,Kilotonne CO2 Equivalent
New Zealand,2007,53.156,PFC Emissions,Kilotonne CO2 Equivalent
New Zealand,2006,101.831,PFC Emissions,Kilotonne CO2 Equivalent
New Zealand,2005,69.3798,PFC Emissions,Kilotonne CO2 Equivalent
New Zealand,2004,102.868,PFC Emissions,Kilotonne CO2 Equivalent
New Zealand,2003,123.281,PFC Emissions,Kilotonne CO2 Equivalent
New Zealand,2002,79.2306,PFC Emissions,Kilotonne CO2 Equivalent
New Zealand,2001,70.6103,PFC Emissions,Kilotonne CO2 Equivalent
New Zealand,2000,67.6097,PFC Emissions,Kilotonne CO2 Equivalent
New Zealand,1999,68.6666,PFC Emissions,Kilotonne CO2 Equivalent
New Zealand,1998,116.9459,PFC Emissions,Kilotonne CO2 Equivalent
New Zealand,1997,220.673,PFC Emissions,Kilotonne CO2 Equivalent
New Zealand,1996,261.321,PFC Emissions,Kilotonne CO2 Equivalent
New Zealand,1995,149.745,PFC Emissions,Kilotonne CO2 Equivalent
New Zealand,1994,186.178,PFC Emissions,Kilotonne CO2 Equivalent
New Zealand,1993,210.157,PFC Emissions,Kilotonne CO2 Equivalent
New Zealand,1992,461.879,PFC Emissions,Kilotonne CO2 Equivalent
New Zealand,1991,903.7544,PFC Emissions,Kilotonne CO2 Equivalent
New Zealand,1990,909.9257,PFC Emissions,Kilotonne CO2 Equivalent
Norway,2014,178.92042882037,PFC Emissions,Kilotonne CO2 Equivalent
Norway,2013,181.040211201696,PFC Emissions,Kilotonne CO2 Equivalent
Norway,2012,200.505086561586,PFC Emissions,Kilotonne CO2 Equivalent
Norway,2011,262.639297800028,PFC Emissions,Kilotonne CO2 Equivalent
Norway,2010,238.391464780525,PFC Emissions,Kilotonne CO2 Equivalent
Norway,2009,438.34656,PFC Emissions,Kilotonne CO2 Equivalent
Norway,2008,895.99086,PFC Emissions,Kilotonne CO2 Equivalent
Norway,2007,951.1920322,PFC Emissions,Kilotonne CO2 Equivalent
Norway,2006,859.0759406652,PFC Emissions,Kilotonne CO2 Equivalent
Norway,2005,955.318448085,PFC Emissions,Kilotonne CO2 Equivalent
Norway,2004,1016.7452932492,PFC Emissions,Kilotonne CO2 Equivalent
Norway,2003,1051.105891057,PFC Emissions,Kilotonne CO2 Equivalent
Norway,2002,1658.7853768,PFC Emissions,Kilotonne CO2 Equivalent
Norway,2001,1531.264149584,PFC Emissions,Kilotonne CO2 Equivalent
Norway,2000,1518.450245635,PFC Emissions,Kilotonne CO2 Equivalent
Norway,1999,1599.966364366,PFC Emissions,Kilotonne CO2 Equivalent
Norway,1998,1711.979624376,PFC Emissions,Kilotonne CO2 Equivalent
Norway,1997,1882.703297942,PFC Emissions,Kilotonne CO2 Equivalent
Norway,1996,2107.619633779,PFC Emissions,Kilotonne CO2 Equivalent
Norway,1995,2314.048486791,PFC Emissions,Kilotonne CO2 Equivalent
Norway,1994,2342.530199614,PFC Emissions,Kilotonne CO2 Equivalent
Norway,1993,2648.270618204,PFC Emissions,Kilotonne CO2 Equivalent
Norway,1992,2637.223975075,PFC Emissions,Kilotonne CO2 Equivalent
Norway,1991,3456.70143366,PFC Emissions,Kilotonne CO2 Equivalent
Norway,1990,3894.79917533,PFC Emissions,Kilotonne CO2 Equivalent
Poland,2014,13.9032686277114,PFC Emissions,Kilotonne CO2 Equivalent
Poland,2013,14.6350196081173,PFC Emissions,Kilotonne CO2 Equivalent
Poland,2012,15.4052837980182,PFC Emissions,Kilotonne CO2 Equivalent
Poland,2011,16.2160882084402,PFC Emissions,Kilotonne CO2 Equivalent
Poland,2010,17.0695665352001,PFC Emissions,Kilotonne CO2 Equivalent
Poland,2009,17.9679647738949,PFC Emissions,Kilotonne CO2 Equivalent
Poland,2008,163.116352230416,PFC Emissions,Kilotonne CO2 Equivalent
Poland,2007,184.629756972543,PFC Emissions,Kilotonne CO2 Equivalent
Poland,2006,193.577431658992,PFC Emissions,Kilotonne CO2 Equivalent
Poland,2005,187.40703342315,PFC Emissions,Kilotonne CO2 Equivalent
Poland,2004,205.074401899632,PFC Emissions,Kilotonne CO2 Equivalent
Poland,2003,201.07835346277,PFC Emissions,Kilotonne CO2 Equivalent
Poland,2002,207.330298487126,PFC Emissions,Kilotonne CO2 Equivalent
Poland,2001,197.343443881186,PFC Emissions,Kilotonne CO2 Equivalent
Poland,2000,176.680275567038,PFC Emissions,Kilotonne CO2 Equivalent
Poland,1999,168.71333572425,PFC Emissions,Kilotonne CO2 Equivalent
Poland,1998,174.858115175,PFC Emissions,Kilotonne CO2 Equivalent
Poland,1997,173.36104808,PFC Emissions,Kilotonne CO2 Equivalent
Poland,1996,161.07418588,PFC Emissions,Kilotonne CO2 Equivalent
Poland,1995,171.96936336,PFC Emissions,Kilotonne CO2 Equivalent
Poland,1994,152.77833783,PFC Emissions,Kilotonne CO2 Equivalent
Poland,1993,144.85690954,PFC Emissions,Kilotonne CO2 Equivalent
Poland,1992,134.63033636,PFC Emissions,Kilotonne CO2 Equivalent
Poland,1991,141.31124491,PFC Emissions,Kilotonne CO2 Equivalent
Poland,1990,141.86978738,PFC Emissions,Kilotonne CO2 Equivalent
Portugal,2014,12.5911313975795,PFC Emissions,Kilotonne CO2 Equivalent
Portugal,2013,11.3598963550223,PFC Emissions,Kilotonne CO2 Equivalent
Portugal,2012,10.1811757985441,PFC Emissions,Kilotonne CO2 Equivalent
Portugal,2011,9.04547711995939,PFC Emissions,Kilotonne CO2 Equivalent
Portugal,2010,7.92893031072497,PFC Emissions,Kilotonne CO2 Equivalent
Portugal,2009,6.60929605287522,PFC Emissions,Kilotonne CO2 Equivalent
Portugal,2008,5.58138019676803,PFC Emissions,Kilotonne CO2 Equivalent
Portugal,2007,4.74393882996915,PFC Emissions,Kilotonne CO2 Equivalent
Portugal,2006,3.99084144838352,PFC Emissions,Kilotonne CO2 Equivalent
Portugal,2005,3.30261489449065,PFC Emissions,Kilotonne CO2 Equivalent
Portugal,2004,2.80065559812867,PFC Emissions,Kilotonne CO2 Equivalent
Portugal,2003,2.34132832272752,PFC Emissions,Kilotonne CO2 Equivalent
Portugal,2002,1.9147436298886,PFC Emissions,Kilotonne CO2 Equivalent
Portugal,2001,1.51058739038107,PFC Emissions,Kilotonne CO2 Equivalent
Portugal,2000,1.13172870163868,PFC Emissions,Kilotonne CO2 Equivalent
Portugal,1999,0.7741633650422,PFC Emissions,Kilotonne CO2 Equivalent
Portugal,1998,0.42846195539546,PFC Emissions,Kilotonne CO2 Equivalent
Portugal,1997,0.09498017527939,PFC Emissions,Kilotonne CO2 Equivalent
Romania,2014,6.3449,PFC Emissions,Kilotonne CO2 Equivalent
Romania,2013,6.149,PFC Emissions,Kilotonne CO2 Equivalent
Romania,2012,7.4276,PFC Emissions,Kilotonne CO2 Equivalent
Romania,2011,12.7156,PFC Emissions,Kilotonne CO2 Equivalent
Romania,2010,9.132186,PFC Emissions,Kilotonne CO2 Equivalent
Romania,2009,8.156904,PFC Emissions,Kilotonne CO2 Equivalent
Romania,2008,17.8684562914585,PFC Emissions,Kilotonne CO2 Equivalent
Romania,2007,28.181725719833,PFC Emissions,Kilotonne CO2 Equivalent
Romania,2006,64.0590924206546,PFC Emissions,Kilotonne CO2 Equivalent
Romania,2005,95.2794377170412,PFC Emissions,Kilotonne CO2 Equivalent
Romania,2004,153.859737429482,PFC Emissions,Kilotonne CO2 Equivalent
Romania,2003,304.53930993522,PFC Emissions,Kilotonne CO2 Equivalent
Romania,2002,832.99093815,PFC Emissions,Kilotonne CO2 Equivalent
Romania,2001,1211.66060652,PFC Emissions,Kilotonne CO2 Equivalent
Romania,2000,1499.32262655,PFC Emissions,Kilotonne CO2 Equivalent
Romania,1999,1860.485501847,PFC Emissions,Kilotonne CO2 Equivalent
Romania,1998,2034.5256078,PFC Emissions,Kilotonne CO2 Equivalent
Romania,1997,2072.868586236,PFC Emissions,Kilotonne CO2 Equivalent
Romania,1996,2052.54651,PFC Emissions,Kilotonne CO2 Equivalent
Romania,1995,2057.9622,PFC Emissions,Kilotonne CO2 Equivalent
Romania,1994,1730.0934,PFC Emissions,Kilotonne CO2 Equivalent
Romania,1993,1635.465195,PFC Emissions,Kilotonne CO2 Equivalent
Romania,1992,1568.983941,PFC Emissions,Kilotonne CO2 Equivalent
Romania,1991,2253.556431,PFC Emissions,Kilotonne CO2 Equivalent
Romania,1990,2455.166469,PFC Emissions,Kilotonne CO2 Equivalent
Russian Federation,2014,3097.89706359207,PFC Emissions,Kilotonne CO2 Equivalent
Russian Federation,2013,3419.50117443362,PFC Emissions,Kilotonne CO2 Equivalent
Russian Federation,2012,3327.86337494838,PFC Emissions,Kilotonne CO2 Equivalent
Russian Federation,2011,3317.93726779595,PFC Emissions,Kilotonne CO2 Equivalent
Russian Federation,2010,3633.2058817232,PFC Emissions,Kilotonne CO2 Equivalent
Russian Federation,2009,3377.82598512285,PFC Emissions,Kilotonne CO2 Equivalent
Russian Federation,2008,4907.41299784659,PFC Emissions,Kilotonne CO2 Equivalent
Russian Federation,2007,5017.82716854623,PFC Emissions,Kilotonne CO2 Equivalent
Russian Federation,2006,5552.34934881164,PFC Emissions,Kilotonne CO2 Equivalent
Russian Federation,2005,6345.05335335212,PFC Emissions,Kilotonne CO2 Equivalent
Russian Federation,2004,6651.69394690311,PFC Emissions,Kilotonne CO2 Equivalent
Russian Federation,2003,6731.20701314473,PFC Emissions,Kilotonne CO2 Equivalent
Russian Federation,2002,7313.25258540462,PFC Emissions,Kilotonne CO2 Equivalent
Russian Federation,2001,9045.44414560159,PFC Emissions,Kilotonne CO2 Equivalent
Russian Federation,2000,9894.71603003421,PFC Emissions,Kilotonne CO2 Equivalent
Russian Federation,1999,9617.09470625568,PFC Emissions,Kilotonne CO2 Equivalent
Russian Federation,1998,9883.49298101662,PFC Emissions,Kilotonne CO2 Equivalent
Russian Federation,1997,10243.9756037277,PFC Emissions,Kilotonne CO2 Equivalent
Russian Federation,1996,11842.5977319638,PFC Emissions,Kilotonne CO2 Equivalent
Russian Federation,1995,13456.5850262383,PFC Emissions,Kilotonne CO2 Equivalent
Russian Federation,1994,13936.4682586474,PFC Emissions,Kilotonne CO2 Equivalent
Russian Federation,1993,14334.649675121,PFC Emissions,Kilotonne CO2 Equivalent
Russian Federation,1992,14706.1047228893,PFC Emissions,Kilotonne CO2 Equivalent
Russian Federation,1991,16204.1122254874,PFC Emissions,Kilotonne CO2 Equivalent
Russian Federation,1990,15122.4099579523,PFC Emissions,Kilotonne CO2 Equivalent
Slovakia,2014,11.147500588,PFC Emissions,Kilotonne CO2 Equivalent
Slovakia,2013,9.81044700226352,PFC Emissions,Kilotonne CO2 Equivalent
Slovakia,2012,25.6625829328622,PFC Emissions,Kilotonne CO2 Equivalent
Slovakia,2011,20.1059625382802,PFC Emissions,Kilotonne CO2 Equivalent
Slovakia,2010,25.0118373468787,PFC Emissions,Kilotonne CO2 Equivalent
Slovakia,2009,21.0008527605201,PFC Emissions,Kilotonne CO2 Equivalent
Slovakia,2008,42.7581801253056,PFC Emissions,Kilotonne CO2 Equivalent
Slovakia,2007,29.4237242574186,PFC Emissions,Kilotonne CO2 Equivalent
Slovakia,2006,42.4677645333698,PFC Emissions,Kilotonne CO2 Equivalent
Slovakia,2005,24.1586557704152,PFC Emissions,Kilotonne CO2 Equivalent
Slovakia,2004,23.6260531740254,PFC Emissions,Kilotonne CO2 Equivalent
Slovakia,2003,26.4514396419252,PFC Emissions,Kilotonne CO2 Equivalent
Slovakia,2002,17.1832477317927,PFC Emissions,Kilotonne CO2 Equivalent
Slovakia,2001,16.0197310427026,PFC Emissions,Kilotonne CO2 Equivalent
Slovakia,2000,14.9078076117927,PFC Emissions,Kilotonne CO2 Equivalent
Slovakia,1999,16.2697204854417,PFC Emissions,Kilotonne CO2 Equivalent
Slovakia,1998,29.099705839576,PFC Emissions,Kilotonne CO2 Equivalent
Slovakia,1997,40.1558270974117,PFC Emissions,Kilotonne CO2 Equivalent
Slovakia,1996,40.72407398457,PFC Emissions,Kilotonne CO2 Equivalent
Slovakia,1995,132.645162,PFC Emissions,Kilotonne CO2 Equivalent
Slovakia,1994,153.227496,PFC Emissions,Kilotonne CO2 Equivalent
Slovakia,1993,180.322602,PFC Emissions,Kilotonne CO2 Equivalent
Slovakia,1992,288.235869,PFC Emissions,Kilotonne CO2 Equivalent
Slovakia,1991,309.725091,PFC Emissions,Kilotonne CO2 Equivalent
Slovakia,1990,314.863818,PFC Emissions,Kilotonne CO2 Equivalent
Slovenia,2014,15.2214632582397,PFC Emissions,Kilotonne CO2 Equivalent
Slovenia,2013,15.3145186696186,PFC Emissions,Kilotonne CO2 Equivalent
Slovenia,2012,18.1097663525083,PFC Emissions,Kilotonne CO2 Equivalent
Slovenia,2011,20.1574090025954,PFC Emissions,Kilotonne CO2 Equivalent
Slovenia,2010,9.639797381736,PFC Emissions,Kilotonne CO2 Equivalent
Slovenia,2009,5.23651163466941,PFC Emissions,Kilotonne CO2 Equivalent
Slovenia,2008,14.7352604286568,PFC Emissions,Kilotonne CO2 Equivalent
Slovenia,2007,99.6802630067721,PFC Emissions,Kilotonne CO2 Equivalent
Slovenia,2006,134.260541284694,PFC Emissions,Kilotonne CO2 Equivalent
Slovenia,2005,142.128897166344,PFC Emissions,Kilotonne CO2 Equivalent
Slovenia,2004,140.694043368562,PFC Emissions,Kilotonne CO2 Equivalent
Slovenia,2003,139.438975402705,PFC Emissions,Kilotonne CO2 Equivalent
Slovenia,2002,135.069856110016,PFC Emissions,Kilotonne CO2 Equivalent
Slovenia,2001,129.260407357965,PFC Emissions,Kilotonne CO2 Equivalent
Slovenia,2000,129.749510026862,PFC Emissions,Kilotonne CO2 Equivalent
Slovenia,1999,128.292272793112,PFC Emissions,Kilotonne CO2 Equivalent
Slovenia,1998,128.082158288815,PFC Emissions,Kilotonne CO2 Equivalent
Slovenia,1997,128.19139450659,PFC Emissions,Kilotonne CO2 Equivalent
Slovenia,1996,127.668732247522,PFC Emissions,Kilotonne CO2 Equivalent
Slovenia,1995,128.143384994508,PFC Emissions,Kilotonne CO2 Equivalent
Slovenia,1994,128.175067385072,PFC Emissions,Kilotonne CO2 Equivalent
Slovenia,1993,128.253981805742,PFC Emissions,Kilotonne CO2 Equivalent
Slovenia,1992,128.179343535946,PFC Emissions,Kilotonne CO2 Equivalent
Slovenia,1991,129.404655131768,PFC Emissions,Kilotonne CO2 Equivalent
Slovenia,1990,207.589632084881,PFC Emissions,Kilotonne CO2 Equivalent
Spain,2014,66.1053475030698,PFC Emissions,Kilotonne CO2 Equivalent
Spain,2013,70.7469381654077,PFC Emissions,Kilotonne CO2 Equivalent
Spain,2012,57.9111850911082,PFC Emissions,Kilotonne CO2 Equivalent
Spain,2011,93.329631885415,PFC Emissions,Kilotonne CO2 Equivalent
Spain,2010,108.255551002378,PFC Emissions,Kilotonne CO2 Equivalent
Spain,2009,123.124216218189,PFC Emissions,Kilotonne CO2 Equivalent
Spain,2008,182.19318923377,PFC Emissions,Kilotonne CO2 Equivalent
Spain,2007,188.294766981584,PFC Emissions,Kilotonne CO2 Equivalent
Spain,2006,198.651524395573,PFC Emissions,Kilotonne CO2 Equivalent
Spain,2005,212.887732030637,PFC Emissions,Kilotonne CO2 Equivalent
Spain,2004,261.641673060976,PFC Emissions,Kilotonne CO2 Equivalent
Spain,2003,270.260190362704,PFC Emissions,Kilotonne CO2 Equivalent
Spain,2002,282.226476793331,PFC Emissions,Kilotonne CO2 Equivalent
Spain,2001,274.555613383334,PFC Emissions,Kilotonne CO2 Equivalent
Spain,2000,496.123563901344,PFC Emissions,Kilotonne CO2 Equivalent
Spain,1999,856.922117389364,PFC Emissions,Kilotonne CO2 Equivalent
Spain,1998,943.532081478793,PFC Emissions,Kilotonne CO2 Equivalent
Spain,1997,1025.73763014269,PFC Emissions,Kilotonne CO2 Equivalent
Spain,1996,1002.13250198472,PFC Emissions,Kilotonne CO2 Equivalent
Spain,1995,1055.36808692271,PFC Emissions,Kilotonne CO2 Equivalent
Spain,1994,1038.45334742342,PFC Emissions,Kilotonne CO2 Equivalent
Spain,1993,1065.87726971838,PFC Emissions,Kilotonne CO2 Equivalent
Spain,1992,1026.32265372844,PFC Emissions,Kilotonne CO2 Equivalent
Spain,1991,1087.13261596137,PFC Emissions,Kilotonne CO2 Equivalent
Spain,1990,1164.3758772363,PFC Emissions,Kilotonne CO2 Equivalent
Sweden,2014,81.6979387675999,PFC Emissions,Kilotonne CO2 Equivalent
Sweden,2013,51.0005383755999,PFC Emissions,Kilotonne CO2 Equivalent
Sweden,2012,78.2846200675999,PFC Emissions,Kilotonne CO2 Equivalent
Sweden,2011,212.95393383792,PFC Emissions,Kilotonne CO2 Equivalent
Sweden,2010,184.8178234801,PFC Emissions,Kilotonne CO2 Equivalent
Sweden,2009,46.2349165835999,PFC Emissions,Kilotonne CO2 Equivalent
Sweden,2008,269.000242982076,PFC Emissions,Kilotonne CO2 Equivalent
Sweden,2007,294.243855341539,PFC Emissions,Kilotonne CO2 Equivalent
Sweden,2006,286.761447181277,PFC Emissions,Kilotonne CO2 Equivalent
Sweden,2005,295.474216211672,PFC Emissions,Kilotonne CO2 Equivalent
Sweden,2004,292.296213586891,PFC Emissions,Kilotonne CO2 Equivalent
Sweden,2003,297.779831016006,PFC Emissions,Kilotonne CO2 Equivalent
Sweden,2002,301.112250057419,PFC Emissions,Kilotonne CO2 Equivalent
Sweden,2001,271.453693526235,PFC Emissions,Kilotonne CO2 Equivalent
Sweden,2000,277.064877219051,PFC Emissions,Kilotonne CO2 Equivalent
Sweden,1999,335.767287048713,PFC Emissions,Kilotonne CO2 Equivalent
Sweden,1998,313.834950988287,PFC Emissions,Kilotonne CO2 Equivalent
Sweden,1997,322.873370033352,PFC Emissions,Kilotonne CO2 Equivalent
Sweden,1996,349.408722249713,PFC Emissions,Kilotonne CO2 Equivalent
Sweden,1995,395.545816643456,PFC Emissions,Kilotonne CO2 Equivalent
Sweden,1994,358.449220436185,PFC Emissions,Kilotonne CO2 Equivalent
Sweden,1993,334.543352370047,PFC Emissions,Kilotonne CO2 Equivalent
Sweden,1992,290.176997497643,PFC Emissions,Kilotonne CO2 Equivalent
Sweden,1991,437.694509410139,PFC Emissions,Kilotonne CO2 Equivalent
Sweden,1990,433.718725744509,PFC Emissions,Kilotonne CO2 Equivalent
Switzerland,2014,43.8836143149488,PFC Emissions,Kilotonne CO2 Equivalent
Switzerland,2013,51.9630186325661,PFC Emissions,Kilotonne CO2 Equivalent
Switzerland,2012,71.3265890284325,PFC Emissions,Kilotonne CO2 Equivalent
Switzerland,2011,67.7760712403523,PFC Emissions,Kilotonne CO2 Equivalent
Switzerland,2010,64.5675135867697,PFC Emissions,Kilotonne CO2 Equivalent
Switzerland,2009,62.9883338035823,PFC Emissions,Kilotonne CO2 Equivalent
Switzerland,2008,57.9142050014631,PFC Emissions,Kilotonne CO2 Equivalent
Switzerland,2007,49.1136965812166,PFC Emissions,Kilotonne CO2 Equivalent
Switzerland,2006,51.5276704422458,PFC Emissions,Kilotonne CO2 Equivalent
Switzerland,2005,44.1881814801974,PFC Emissions,Kilotonne CO2 Equivalent
Switzerland,2004,65.3050182290794,PFC Emissions,Kilotonne CO2 Equivalent
Switzerland,2003,61.6701033006411,PFC Emissions,Kilotonne CO2 Equivalent
Switzerland,2002,32.8723591657737,PFC Emissions,Kilotonne CO2 Equivalent
Switzerland,2001,27.8151901052747,PFC Emissions,Kilotonne CO2 Equivalent
Switzerland,2000,49.9021989062867,PFC Emissions,Kilotonne CO2 Equivalent
Switzerland,1999,25.5813034669158,PFC Emissions,Kilotonne CO2 Equivalent
Switzerland,1998,23.8314274213774,PFC Emissions,Kilotonne CO2 Equivalent
Switzerland,1997,21.0263108966828,PFC Emissions,Kilotonne CO2 Equivalent
Switzerland,1996,20.4190624823769,PFC Emissions,Kilotonne CO2 Equivalent
Switzerland,1995,17.4923714013607,PFC Emissions,Kilotonne CO2 Equivalent
Switzerland,1994,20.8707381009277,PFC Emissions,Kilotonne CO2 Equivalent
Switzerland,1993,34.6984322741519,PFC Emissions,Kilotonne CO2 Equivalent
Switzerland,1992,80.6087631576695,PFC Emissions,Kilotonne CO2 Equivalent
Switzerland,1991,98.5055355287111,PFC Emissions,Kilotonne CO2 Equivalent
Switzerland,1990,116.515249727925,PFC Emissions,Kilotonne CO2 Equivalent
Turkey,2006,450.058435364841,PFC Emissions,Kilotonne CO2 Equivalent
Turkey,2005,559.966186495831,PFC Emissions,Kilotonne CO2 Equivalent
Turkey,2004,600.776707098539,PFC Emissions,Kilotonne CO2 Equivalent
Turkey,2003,595.330558853492,PFC Emissions,Kilotonne CO2 Equivalent
Turkey,2002,595.920875725833,PFC Emissions,Kilotonne CO2 Equivalent
Turkey,2001,592.202013750805,PFC Emissions,Kilotonne CO2 Equivalent
Turkey,2000,591.382349224058,PFC Emissions,Kilotonne CO2 Equivalent
Turkey,1999,591.067455416119,PFC Emissions,Kilotonne CO2 Equivalent
Turkey,1998,593.870450437595,PFC Emissions,Kilotonne CO2 Equivalent
Turkey,1997,593.325999624901,PFC Emissions,Kilotonne CO2 Equivalent
Turkey,1996,597.281645417058,PFC Emissions,Kilotonne CO2 Equivalent
Turkey,1995,592.881683599463,PFC Emissions,Kilotonne CO2 Equivalent
Turkey,1994,693.652260782218,PFC Emissions,Kilotonne CO2 Equivalent
Turkey,1993,786.58490637057,PFC Emissions,Kilotonne CO2 Equivalent
Turkey,1992,781.918198558921,PFC Emissions,Kilotonne CO2 Equivalent
Turkey,1991,854.541438882409,PFC Emissions,Kilotonne CO2 Equivalent
Turkey,1990,692.7671315344,PFC Emissions,Kilotonne CO2 Equivalent
Ukraine,2010,26.6673071188849,PFC Emissions,Kilotonne CO2 Equivalent
Ukraine,2009,53.9494937986483,PFC Emissions,Kilotonne CO2 Equivalent
Ukraine,2008,174.240462383537,PFC Emissions,Kilotonne CO2 Equivalent
Ukraine,2007,154.711684649171,PFC Emissions,Kilotonne CO2 Equivalent
Ukraine,2006,111.15898608367,PFC Emissions,Kilotonne CO2 Equivalent
Ukraine,2005,142.332050427335,PFC Emissions,Kilotonne CO2 Equivalent
Ukraine,2004,93.3364053955353,PFC Emissions,Kilotonne CO2 Equivalent
Ukraine,2003,77.1525662727273,PFC Emissions,Kilotonne CO2 Equivalent
Ukraine,2002,98.6552079088839,PFC Emissions,Kilotonne CO2 Equivalent
Ukraine,2001,112.079867800228,PFC Emissions,Kilotonne CO2 Equivalent
Ukraine,2000,115.737646737058,PFC Emissions,Kilotonne CO2 Equivalent
Ukraine,1999,101.811091863657,PFC Emissions,Kilotonne CO2 Equivalent
Ukraine,1998,120.643618011429,PFC Emissions,Kilotonne CO2 Equivalent
Ukraine,1997,146.992956362048,PFC Emissions,Kilotonne CO2 Equivalent
Ukraine,1996,143.242864396173,PFC Emissions,Kilotonne CO2 Equivalent
Ukraine,1995,178.059802319156,PFC Emissions,Kilotonne CO2 Equivalent
Ukraine,1994,161.221842716612,PFC Emissions,Kilotonne CO2 Equivalent
Ukraine,1993,143.566172459793,PFC Emissions,Kilotonne CO2 Equivalent
Ukraine,1992,142.351143112439,PFC Emissions,Kilotonne CO2 Equivalent
Ukraine,1991,188.199132516456,PFC Emissions,Kilotonne CO2 Equivalent
Ukraine,1990,235.819623398333,PFC Emissions,Kilotonne CO2 Equivalent
United Kingdom,2014,278.314968972197,PFC Emissions,Kilotonne CO2 Equivalent
United Kingdom,2013,318.738604614944,PFC Emissions,Kilotonne CO2 Equivalent
United Kingdom,2012,255.055214868975,PFC Emissions,Kilotonne CO2 Equivalent
United Kingdom,2011,416.941929671861,PFC Emissions,Kilotonne CO2 Equivalent
United Kingdom,2010,287.70808802358,PFC Emissions,Kilotonne CO2 Equivalent
United Kingdom,2009,197.332747918391,PFC Emissions,Kilotonne CO2 Equivalent
United Kingdom,2008,266.24555421838,PFC Emissions,Kilotonne CO2 Equivalent
United Kingdom,2007,287.838829482165,PFC Emissions,Kilotonne CO2 Equivalent
United Kingdom,2006,387.669514204969,PFC Emissions,Kilotonne CO2 Equivalent
United Kingdom,2005,385.150147481808,PFC Emissions,Kilotonne CO2 Equivalent
United Kingdom,2004,433.853843628806,PFC Emissions,Kilotonne CO2 Equivalent
United Kingdom,2003,356.611474362161,PFC Emissions,Kilotonne CO2 Equivalent
United Kingdom,2002,408.229423823578,PFC Emissions,Kilotonne CO2 Equivalent
United Kingdom,2001,485.58737079958,PFC Emissions,Kilotonne CO2 Equivalent
United Kingdom,2000,596.78918510676,PFC Emissions,Kilotonne CO2 Equivalent
United Kingdom,1999,473.959788244985,PFC Emissions,Kilotonne CO2 Equivalent
United Kingdom,1998,493.732145401098,PFC Emissions,Kilotonne CO2 Equivalent
United Kingdom,1997,503.116156688679,PFC Emissions,Kilotonne CO2 Equivalent
United Kingdom,1996,596.359314855791,PFC Emissions,Kilotonne CO2 Equivalent
United Kingdom,1995,596.937234699727,PFC Emissions,Kilotonne CO2 Equivalent
United Kingdom,1994,611.395678830763,PFC Emissions,Kilotonne CO2 Equivalent
United Kingdom,1993,602.731066195156,PFC Emissions,Kilotonne CO2 Equivalent
United Kingdom,1992,690.352817304344,PFC Emissions,Kilotonne CO2 Equivalent
United Kingdom,1991,1385.14365827244,PFC Emissions,Kilotonne CO2 Equivalent
United Kingdom,1990,1651.52685869244,PFC Emissions,Kilotonne CO2 Equivalent
United States of America,2014,5582.94172965271,PFC Emissions,Kilotonne CO2 Equivalent
United States of America,2013,5858.17456444377,PFC Emissions,Kilotonne CO2 Equivalent
United States of America,2012,6054.95249435678,PFC Emissions,Kilotonne CO2 Equivalent
United States of America,2011,7026.6266586082,PFC Emissions,Kilotonne CO2 Equivalent
United States of America,2010,4536.22406636376,PFC Emissions,Kilotonne CO2 Equivalent
United States of America,2009,3926.58161697086,PFC Emissions,Kilotonne CO2 Equivalent
United States of America,2008,6126.22507487454,PFC Emissions,Kilotonne CO2 Equivalent
United States of America,2007,7774.82315164493,PFC Emissions,Kilotonne CO2 Equivalent
United States of America,2006,6343.25591565799,PFC Emissions,Kilotonne CO2 Equivalent
United States of America,2005,6677.50405104906,PFC Emissions,Kilotonne CO2 Equivalent
United States of America,2004,6818.15824368417,PFC Emissions,Kilotonne CO2 Equivalent
United States of America,2003,8170.36093589273,PFC Emissions,Kilotonne CO2 Equivalent
United States of America,2002,10244.0833514789,PFC Emissions,Kilotonne CO2 Equivalent
United States of America,2001,8245.92437665073,PFC Emissions,Kilotonne CO2 Equivalent
United States of America,2000,15918.7768438676,PFC Emissions,Kilotonne CO2 Equivalent
United States of America,1999,16910.1301651931,PFC Emissions,Kilotonne CO2 Equivalent
United States of America,1998,16978.5996658365,PFC Emissions,Kilotonne CO2 Equivalent
United States of America,1997,18267.2447648966,PFC Emissions,Kilotonne CO2 Equivalent
United States of America,1996,19867.5405430964,PFC Emissions,Kilotonne CO2 Equivalent
United States of America,1995,18640.4734538857,PFC Emissions,Kilotonne CO2 Equivalent
United States of America,1994,17965.0039644348,PFC Emissions,Kilotonne CO2 Equivalent
United States of America,1993,19484.6177912648,PFC Emissions,Kilotonne CO2 Equivalent
United States of America,1992,19481.0870438844,PFC Emissions,Kilotonne CO2 Equivalent
United States of America,1991,20912.4578409363,PFC Emissions,Kilotonne CO2 Equivalent
United States of America,1990,24255.6715428449,PFC Emissions,Kilotonne CO2 Equivalent
Australia,2014,129.605353985928,SF6 Emissions,Kilotonne CO2 Equivalent
Australia,2013,128.94460365186,SF6 Emissions,Kilotonne CO2 Equivalent
Australia,2012,127.552168127148,SF6 Emissions,Kilotonne CO2 Equivalent
Australia,2011,125.001944761548,SF6 Emissions,Kilotonne CO2 Equivalent
Australia,2010,121.031653711284,SF6 Emissions,Kilotonne CO2 Equivalent
Australia,2009,119.451096104772,SF6 Emissions,Kilotonne CO2 Equivalent
Australia,2008,151.109712677652,SF6 Emissions,Kilotonne CO2 Equivalent
Australia,2007,162.21841079664,SF6 Emissions,Kilotonne CO2 Equivalent
Australia,2006,172.51388695254,SF6 Emissions,Kilotonne CO2 Equivalent
Australia,2005,182.064018996168,SF6 Emissions,Kilotonne CO2 Equivalent
Australia,2004,207.75946142286,SF6 Emissions,Kilotonne CO2 Equivalent
Australia,2003,206.28774561822,SF6 Emissions,Kilotonne CO2 Equivalent
Australia,2002,202.483414806024,SF6 Emissions,Kilotonne CO2 Equivalent
Australia,2001,196.53435962778,SF6 Emissions,Kilotonne CO2 Equivalent
Australia,2000,190.65193539366,SF6 Emissions,Kilotonne CO2 Equivalent
Australia,1999,196.067201001804,SF6 Emissions,Kilotonne CO2 Equivalent
Australia,1998,223.318513462452,SF6 Emissions,Kilotonne CO2 Equivalent
Australia,1997,248.476247527092,SF6 Emissions,Kilotonne CO2 Equivalent
Australia,1996,269.652210274296,SF6 Emissions,Kilotonne CO2 Equivalent
Australia,1995,302.30798300106,SF6 Emissions,Kilotonne CO2 Equivalent
Australia,1994,282.640896062112,SF6 Emissions,Kilotonne CO2 Equivalent
Australia,1993,264.759156257172,SF6 Emissions,Kilotonne CO2 Equivalent
Australia,1992,246.858848754444,SF6 Emissions,Kilotonne CO2 Equivalent
Australia,1991,228.944833597368,SF6 Emissions,Kilotonne CO2 Equivalent
Australia,1990,211.018511442384,SF6 Emissions,Kilotonne CO2 Equivalent
Austria,2014,312.959664632664,SF6 Emissions,Kilotonne CO2 Equivalent
Austria,2013,304.869004501608,SF6 Emissions,Kilotonne CO2 Equivalent
Austria,2012,311.879243598348,SF6 Emissions,Kilotonne CO2 Equivalent
Austria,2011,307.348685361924,SF6 Emissions,Kilotonne CO2 Equivalent
Austria,2010,335.87064445278,SF6 Emissions,Kilotonne CO2 Equivalent
Austria,2009,341.678631780648,SF6 Emissions,Kilotonne CO2 Equivalent
Austria,2008,373.434481907496,SF6 Emissions,Kilotonne CO2 Equivalent
Austria,2007,367.006656851244,SF6 Emissions,Kilotonne CO2 Equivalent
Austria,2006,453.462446283864,SF6 Emissions,Kilotonne CO2 Equivalent
Austria,2005,493.62501427176,SF6 Emissions,Kilotonne CO2 Equivalent
Austria,2004,484.006603106436,SF6 Emissions,Kilotonne CO2 Equivalent
Austria,2003,549.44274524346,SF6 Emissions,Kilotonne CO2 Equivalent
Austria,2002,613.300884015108,SF6 Emissions,Kilotonne CO2 Equivalent
Austria,2001,629.325706574268,SF6 Emissions,Kilotonne CO2 Equivalent
Austria,2000,574.528063982544,SF6 Emissions,Kilotonne CO2 Equivalent
Austria,1999,676.368455025876,SF6 Emissions,Kilotonne CO2 Equivalent
Austria,1998,869.88236663436,SF6 Emissions,Kilotonne CO2 Equivalent
Austria,1997,1086.39697412542,SF6 Emissions,Kilotonne CO2 Equivalent
Austria,1996,1176.89967521624,SF6 Emissions,Kilotonne CO2 Equivalent
Austria,1995,1100.10771326827,SF6 Emissions,Kilotonne CO2 Equivalent
Austria,1994,926.173535760612,SF6 Emissions,Kilotonne CO2 Equivalent
Austria,1993,744.00313185318,SF6 Emissions,Kilotonne CO2 Equivalent
Austria,1992,656.27178714552,SF6 Emissions,Kilotonne CO2 Equivalent
Austria,1991,614.14044243786,SF6 Emissions,Kilotonne CO2 Equivalent
Austria,1990,470.6083777302,SF6 Emissions,Kilotonne CO2 Equivalent
Belarus,2014,2.426946,SF6 Emissions,Kilotonne CO2 Equivalent
Belarus,2013,2.5108728,SF6 Emissions,Kilotonne CO2 Equivalent
Belarus,2012,2.460006,SF6 Emissions,Kilotonne CO2 Equivalent
Belarus,2011,2.303598,SF6 Emissions,Kilotonne CO2 Equivalent
Belarus,2010,2.097258,SF6 Emissions,Kilotonne CO2 Equivalent
Belarus,2009,1.4529414,SF6 Emissions,Kilotonne CO2 Equivalent
Belarus,2008,1.25343,SF6 Emissions,Kilotonne CO2 Equivalent
Belarus,2007,0.541386,SF6 Emissions,Kilotonne CO2 Equivalent
Belarus,2006,0.445968,SF6 Emissions,Kilotonne CO2 Equivalent
Belarus,2005,0.3534,SF6 Emissions,Kilotonne CO2 Equivalent
Belarus,2004,0.244644,SF6 Emissions,Kilotonne CO2 Equivalent
Belarus,2003,0.16473,SF6 Emissions,Kilotonne CO2 Equivalent
Belarus,2002,0.118104,SF6 Emissions,Kilotonne CO2 Equivalent
Belarus,2001,0.11058,SF6 Emissions,Kilotonne CO2 Equivalent
Belarus,2000,0.0969,SF6 Emissions,Kilotonne CO2 Equivalent
Belarus,1999,0.088692,SF6 Emissions,Kilotonne CO2 Equivalent
Belarus,1998,0.066234,SF6 Emissions,Kilotonne CO2 Equivalent
Belarus,1997,0.057342,SF6 Emissions,Kilotonne CO2 Equivalent
Belarus,1996,0.011172,SF6 Emissions,Kilotonne CO2 Equivalent
Belarus,1995,0.00171,SF6 Emissions,Kilotonne CO2 Equivalent
Belgium,2014,95.218302166452,SF6 Emissions,Kilotonne CO2 Equivalent
Belgium,2013,115.75442105304,SF6 Emissions,Kilotonne CO2 Equivalent
Belgium,2012,110.428737472536,SF6 Emissions,Kilotonne CO2 Equivalent
Belgium,2011,112.090345100676,SF6 Emissions,Kilotonne CO2 Equivalent
Belgium,2010,102.026113985556,SF6 Emissions,Kilotonne CO2 Equivalent
Belgium,2009,93.308721316284,SF6 Emissions,Kilotonne CO2 Equivalent
Belgium,2008,86.883367131372,SF6 Emissions,Kilotonne CO2 Equivalent
Belgium,2007,78.86347062,SF6 Emissions,Kilotonne CO2 Equivalent
Belgium,2006,76.550394448644,SF6 Emissions,Kilotonne CO2 Equivalent
Belgium,2005,90.687598278384,SF6 Emissions,Kilotonne CO2 Equivalent
Belgium,2004,90.197697826608,SF6 Emissions,Kilotonne CO2 Equivalent
Belgium,2003,101.928296529972,SF6 Emissions,Kilotonne CO2 Equivalent
Belgium,2002,116.170836594324,SF6 Emissions,Kilotonne CO2 Equivalent
Belgium,2001,139.21999334976,SF6 Emissions,Kilotonne CO2 Equivalent
Belgium,2000,144.063813895272,SF6 Emissions,Kilotonne CO2 Equivalent
Belgium,1999,153.662106212916,SF6 Emissions,Kilotonne CO2 Equivalent
Belgium,1998,295.948628729232,SF6 Emissions,Kilotonne CO2 Equivalent
Belgium,1997,538.848666822564,SF6 Emissions,Kilotonne CO2 Equivalent
Belgium,1996,2059.62390688042,SF6 Emissions,Kilotonne CO2 Equivalent
Belgium,1995,2139.73317111443,SF6 Emissions,Kilotonne CO2 Equivalent
Belgium,1994,1930.80644601222,SF6 Emissions,Kilotonne CO2 Equivalent
Belgium,1993,1588.53284601222,SF6 Emissions,Kilotonne CO2 Equivalent
Belgium,1992,1652.69204601222,SF6 Emissions,Kilotonne CO2 Equivalent
Belgium,1991,1492.84124601222,SF6 Emissions,Kilotonne CO2 Equivalent
Belgium,1990,1575.10364601222,SF6 Emissions,Kilotonne CO2 Equivalent
Bulgaria,2014,15.616100354844,SF6 Emissions,Kilotonne CO2 Equivalent
Bulgaria,2013,19.721565841944,SF6 Emissions,Kilotonne CO2 Equivalent
Bulgaria,2012,19.294034021352,SF6 Emissions,Kilotonne CO2 Equivalent
Bulgaria,2011,14.1887652306,SF6 Emissions,Kilotonne CO2 Equivalent
Bulgaria,2010,12.467812445988,SF6 Emissions,Kilotonne CO2 Equivalent
Bulgaria,2009,9.51519974388,SF6 Emissions,Kilotonne CO2 Equivalent
Bulgaria,2008,9.158036327088,SF6 Emissions,Kilotonne CO2 Equivalent
Bulgaria,2007,8.81427942954,SF6 Emissions,Kilotonne CO2 Equivalent
Bulgaria,2006,8.483425822404,SF6 Emissions,Kilotonne CO2 Equivalent
Bulgaria,2005,8.164991166876,SF6 Emissions,Kilotonne CO2 Equivalent
Bulgaria,2004,8.133666290652,SF6 Emissions,Kilotonne CO2 Equivalent
Bulgaria,2003,7.687775322048,SF6 Emissions,Kilotonne CO2 Equivalent
Bulgaria,2002,7.266328281552,SF6 Emissions,Kilotonne CO2 Equivalent
Bulgaria,2001,6.867985143396,SF6 Emissions,Kilotonne CO2 Equivalent
Bulgaria,2000,6.491479341588,SF6 Emissions,Kilotonne CO2 Equivalent
Bulgaria,1999,6.135613744344,SF6 Emissions,Kilotonne CO2 Equivalent
Bulgaria,1998,5.799256847172,SF6 Emissions,Kilotonne CO2 Equivalent
Bulgaria,1997,5.481339175032,SF6 Emissions,Kilotonne CO2 Equivalent
Bulgaria,1996,5.180849881944,SF6 Emissions,Kilotonne CO2 Equivalent
Bulgaria,1995,4.896833536644,SF6 Emissions,Kilotonne CO2 Equivalent
Bulgaria,1994,4.628387085852,SF6 Emissions,Kilotonne CO2 Equivalent
Bulgaria,1993,4.374656980788,SF6 Emissions,Kilotonne CO2 Equivalent
Bulgaria,1992,4.134836465796,SF6 Emissions,Kilotonne CO2 Equivalent
Bulgaria,1991,3.908163011292,SF6 Emissions,Kilotonne CO2 Equivalent
Bulgaria,1990,3.693915889668,SF6 Emissions,Kilotonne CO2 Equivalent
Canada,2014,362.631619252044,SF6 Emissions,Kilotonne CO2 Equivalent
Canada,2013,437.98115496006,SF6 Emissions,Kilotonne CO2 Equivalent
Canada,2012,439.633086776184,SF6 Emissions,Kilotonne CO2 Equivalent
Canada,2011,395.178348331044,SF6 Emissions,Kilotonne CO2 Equivalent
Canada,2010,440.421343627104,SF6 Emissions,Kilotonne CO2 Equivalent
Canada,2009,373.869079293732,SF6 Emissions,Kilotonne CO2 Equivalent
Canada,2008,644.345044990212,SF6 Emissions,Kilotonne CO2 Equivalent
Canada,2007,726.19307674164,SF6 Emissions,Kilotonne CO2 Equivalent
Canada,2006,1526.73967628596,SF6 Emissions,Kilotonne CO2 Equivalent
Canada,2005,1417.36185603715,SF6 Emissions,Kilotonne CO2 Equivalent
Canada,2004,2339.90561570986,SF6 Emissions,Kilotonne CO2 Equivalent
Canada,2003,2651.43503415668,SF6 Emissions,Kilotonne CO2 Equivalent
Canada,2002,3015.81387045521,SF6 Emissions,Kilotonne CO2 Equivalent
Canada,2001,2557.10564303854,SF6 Emissions,Kilotonne CO2 Equivalent
Canada,2000,2902.96349562637,SF6 Emissions,Kilotonne CO2 Equivalent
Canada,1999,2410.10293358714,SF6 Emissions,Kilotonne CO2 Equivalent
Canada,1998,2357.48585480026,SF6 Emissions,Kilotonne CO2 Equivalent
Canada,1997,1827.63430976918,SF6 Emissions,Kilotonne CO2 Equivalent
Canada,1996,1768.64860412124,SF6 Emissions,Kilotonne CO2 Equivalent
Canada,1995,2275.1600333752,SF6 Emissions,Kilotonne CO2 Equivalent
Canada,1994,2441.74421815087,SF6 Emissions,Kilotonne CO2 Equivalent
Canada,1993,2373.5474573055,SF6 Emissions,Kilotonne CO2 Equivalent
Canada,1992,2557.11664866899,SF6 Emissions,Kilotonne CO2 Equivalent
Canada,1991,3685.24324099416,SF6 Emissions,Kilotonne CO2 Equivalent
Canada,1990,3225.92610471538,SF6 Emissions,Kilotonne CO2 Equivalent
Croatia,2014,6.8416872,SF6 Emissions,Kilotonne CO2 Equivalent
Croatia,2013,6.1533552,SF6 Emissions,Kilotonne CO2 Equivalent
Croatia,2012,9.2067312,SF6 Emissions,Kilotonne CO2 Equivalent
Croatia,2011,9.3654192,SF6 Emissions,Kilotonne CO2 Equivalent
Croatia,2010,8.9507328,SF6 Emissions,Kilotonne CO2 Equivalent
Croatia,2009,8.02796094,SF6 Emissions,Kilotonne CO2 Equivalent
Croatia,2008,11.976086365836,SF6 Emissions,Kilotonne CO2 Equivalent
Croatia,2007,13.049277553896,SF6 Emissions,Kilotonne CO2 Equivalent
Croatia,2006,13.0082322,SF6 Emissions,Kilotonne CO2 Equivalent
Croatia,2005,13.0268712,SF6 Emissions,Kilotonne CO2 Equivalent
Croatia,2004,12.5668812,SF6 Emissions,Kilotonne CO2 Equivalent
Croatia,2003,12.2776062,SF6 Emissions,Kilotonne CO2 Equivalent
Croatia,2002,12.0117012,SF6 Emissions,Kilotonne CO2 Equivalent
Croatia,2001,11.6927862,SF6 Emissions,Kilotonne CO2 Equivalent
Croatia,2000,11.6218212,SF6 Emissions,Kilotonne CO2 Equivalent
Croatia,1999,11.9926062,SF6 Emissions,Kilotonne CO2 Equivalent
Croatia,1998,11.9892432,SF6 Emissions,Kilotonne CO2 Equivalent
Croatia,1997,11.4272232,SF6 Emissions,Kilotonne CO2 Equivalent
Croatia,1996,11.5695522,SF6 Emissions,Kilotonne CO2 Equivalent
Croatia,1995,11.1206772,SF6 Emissions,Kilotonne CO2 Equivalent
Croatia,1994,10.6438722,SF6 Emissions,Kilotonne CO2 Equivalent
Croatia,1993,10.5307272,SF6 Emissions,Kilotonne CO2 Equivalent
Croatia,1992,10.4170122,SF6 Emissions,Kilotonne CO2 Equivalent
Croatia,1991,10.3326522,SF6 Emissions,Kilotonne CO2 Equivalent
Croatia,1990,10.4500722,SF6 Emissions,Kilotonne CO2 Equivalent
Cyprus,2014,0.148329618,SF6 Emissions,Kilotonne CO2 Equivalent
Cyprus,2013,0.1502559672,SF6 Emissions,Kilotonne CO2 Equivalent
Cyprus,2012,0.1575139824,SF6 Emissions,Kilotonne CO2 Equivalent
Cyprus,2011,0.152255094,SF6 Emissions,Kilotonne CO2 Equivalent
Cyprus,2010,0.1507113288,SF6 Emissions,Kilotonne CO2 Equivalent
Cyprus,2009,0.1611230628,SF6 Emissions,Kilotonne CO2 Equivalent
Cyprus,2008,0.1525327524,SF6 Emissions,Kilotonne CO2 Equivalent
Cyprus,2007,0.1384796304,SF6 Emissions,Kilotonne CO2 Equivalent
Cyprus,2006,0.1226116512,SF6 Emissions,Kilotonne CO2 Equivalent
Cyprus,2005,0.116017458,SF6 Emissions,Kilotonne CO2 Equivalent
Cyprus,2004,0.1001253108,SF6 Emissions,Kilotonne CO2 Equivalent
Cyprus,2003,0.0889859832,SF6 Emissions,Kilotonne CO2 Equivalent
Cyprus,2002,0.0820897128,SF6 Emissions,Kilotonne CO2 Equivalent
Cyprus,2001,0.076551114,SF6 Emissions,Kilotonne CO2 Equivalent
Cyprus,2000,0.0755001024,SF6 Emissions,Kilotonne CO2 Equivalent
Cyprus,1999,0.0651495636,SF6 Emissions,Kilotonne CO2 Equivalent
Cyprus,1998,0.0673398684,SF6 Emissions,Kilotonne CO2 Equivalent
Cyprus,1997,0.0695318832,SF6 Emissions,Kilotonne CO2 Equivalent
Cyprus,1996,0.0659599212,SF6 Emissions,Kilotonne CO2 Equivalent
Cyprus,1995,0.0581498268,SF6 Emissions,Kilotonne CO2 Equivalent
Cyprus,1994,0.0503102976,SF6 Emissions,Kilotonne CO2 Equivalent
Cyprus,1993,0.0385006272,SF6 Emissions,Kilotonne CO2 Equivalent
Cyprus,1992,0.0342467856,SF6 Emissions,Kilotonne CO2 Equivalent
Cyprus,1991,0.03008802,SF6 Emissions,Kilotonne CO2 Equivalent
Cyprus,1990,0.0257666904,SF6 Emissions,Kilotonne CO2 Equivalent
Czech Republic,2014,96.014766107424,SF6 Emissions,Kilotonne CO2 Equivalent
Czech Republic,2013,93.382986133836,SF6 Emissions,Kilotonne CO2 Equivalent
Czech Republic,2012,90.68095930872,SF6 Emissions,Kilotonne CO2 Equivalent
Czech Republic,2011,86.430236334216,SF6 Emissions,Kilotonne CO2 Equivalent
Czech Republic,2010,81.2876027523,SF6 Emissions,Kilotonne CO2 Equivalent
Czech Republic,2009,97.1541505626,SF6 Emissions,Kilotonne CO2 Equivalent
Czech Republic,2008,94.399693108512,SF6 Emissions,Kilotonne CO2 Equivalent
Czech Republic,2007,94.528443294,SF6 Emissions,Kilotonne CO2 Equivalent
Czech Republic,2006,109.412234298168,SF6 Emissions,Kilotonne CO2 Equivalent
Czech Republic,2005,112.32147139974,SF6 Emissions,Kilotonne CO2 Equivalent
Czech Republic,2004,121.159343941416,SF6 Emissions,Kilotonne CO2 Equivalent
Czech Republic,2003,145.346000961624,SF6 Emissions,Kilotonne CO2 Equivalent
Czech Republic,2002,121.950288712152,SF6 Emissions,Kilotonne CO2 Equivalent
Czech Republic,2001,99.538965949452,SF6 Emissions,Kilotonne CO2 Equivalent
Czech Republic,2000,109.126872696324,SF6 Emissions,Kilotonne CO2 Equivalent
Czech Republic,1999,96.692808742392,SF6 Emissions,Kilotonne CO2 Equivalent
Czech Republic,1998,95.754831318888,SF6 Emissions,Kilotonne CO2 Equivalent
Czech Republic,1997,97.018310854596,SF6 Emissions,Kilotonne CO2 Equivalent
Czech Republic,1996,99.239822270412,SF6 Emissions,Kilotonne CO2 Equivalent
Czech Republic,1995,89.647540166376,SF6 Emissions,Kilotonne CO2 Equivalent
Czech Republic,1994,88.639761780456,SF6 Emissions,Kilotonne CO2 Equivalent
Czech Republic,1993,87.549619481868,SF6 Emissions,Kilotonne CO2 Equivalent
Czech Republic,1992,86.3541802716,SF6 Emissions,Kilotonne CO2 Equivalent
Czech Republic,1991,85.0495119,SF6 Emissions,Kilotonne CO2 Equivalent
Czech Republic,1990,85.215,SF6 Emissions,Kilotonne CO2 Equivalent
Denmark,2014,132.959115148452,SF6 Emissions,Kilotonne CO2 Equivalent
Denmark,2013,130.78658813112,SF6 Emissions,Kilotonne CO2 Equivalent
Denmark,2012,112.183948144752,SF6 Emissions,Kilotonne CO2 Equivalent
Denmark,2011,69.541786092264,SF6 Emissions,Kilotonne CO2 Equivalent
Denmark,2010,35.926658706,SF6 Emissions,Kilotonne CO2 Equivalent
Denmark,2009,34.368468244908,SF6 Emissions,Kilotonne CO2 Equivalent
Denmark,2008,29.46004887048,SF6 Emissions,Kilotonne CO2 Equivalent
Denmark,2007,28.237206447372,SF6 Emissions,Kilotonne CO2 Equivalent
Denmark,2006,33.623997744276,SF6 Emissions,Kilotonne CO2 Equivalent
Denmark,2005,20.046080855508,SF6 Emissions,Kilotonne CO2 Equivalent
Denmark,2004,30.938321018268,SF6 Emissions,Kilotonne CO2 Equivalent
Denmark,2003,29.594653390308,SF6 Emissions,Kilotonne CO2 Equivalent
Denmark,2002,23.529011076912,SF6 Emissions,Kilotonne CO2 Equivalent
Denmark,2001,28.199001631932,SF6 Emissions,Kilotonne CO2 Equivalent
Denmark,2000,56.148963719808,SF6 Emissions,Kilotonne CO2 Equivalent
Denmark,1999,62.005405361892,SF6 Emissions,Kilotonne CO2 Equivalent
Denmark,1998,56.867719693248,SF6 Emissions,Kilotonne CO2 Equivalent
Denmark,1997,69.870749128416,SF6 Emissions,Kilotonne CO2 Equivalent
Denmark,1996,58.31300620962,SF6 Emissions,Kilotonne CO2 Equivalent
Denmark,1995,102.578199566364,SF6 Emissions,Kilotonne CO2 Equivalent
Denmark,1994,116.5778763,SF6 Emissions,Kilotonne CO2 Equivalent
Denmark,1993,96.638085,SF6 Emissions,Kilotonne CO2 Equivalent
Denmark,1992,85.1637,SF6 Emissions,Kilotonne CO2 Equivalent
Denmark,1991,60.5796,SF6 Emissions,Kilotonne CO2 Equivalent
Denmark,1990,42.408,SF6 Emissions,Kilotonne CO2 Equivalent
Estonia,2014,2.1003906288,SF6 Emissions,Kilotonne CO2 Equivalent
Estonia,2013,2.0270599008,SF6 Emissions,Kilotonne CO2 Equivalent
Estonia,2012,1.876019112,SF6 Emissions,Kilotonne CO2 Equivalent
Estonia,2011,1.769774646,SF6 Emissions,Kilotonne CO2 Equivalent
Estonia,2010,1.728838614,SF6 Emissions,Kilotonne CO2 Equivalent
Estonia,2009,1.37848344,SF6 Emissions,Kilotonne CO2 Equivalent
Estonia,2008,1.28760378,SF6 Emissions,Kilotonne CO2 Equivalent
Estonia,2007,0.922383804,SF6 Emissions,Kilotonne CO2 Equivalent
Estonia,2006,1.10072928,SF6 Emissions,Kilotonne CO2 Equivalent
Estonia,2005,1.0327462464,SF6 Emissions,Kilotonne CO2 Equivalent
Estonia,2004,1.0378295064,SF6 Emissions,Kilotonne CO2 Equivalent
Estonia,2003,1.2729820944,SF6 Emissions,Kilotonne CO2 Equivalent
Estonia,2002,1.375176072,SF6 Emissions,Kilotonne CO2 Equivalent
Estonia,2001,1.6698170064,SF6 Emissions,Kilotonne CO2 Equivalent
Estonia,2000,2.610156312,SF6 Emissions,Kilotonne CO2 Equivalent
Estonia,1999,2.881315572,SF6 Emissions,Kilotonne CO2 Equivalent
Estonia,1998,2.848164372,SF6 Emissions,Kilotonne CO2 Equivalent
Estonia,1997,2.850898092,SF6 Emissions,Kilotonne CO2 Equivalent
Estonia,1996,3.333134052,SF6 Emissions,Kilotonne CO2 Equivalent
Estonia,1995,3.0743691,SF6 Emissions,Kilotonne CO2 Equivalent
Estonia,1994,2.967680775,SF6 Emissions,Kilotonne CO2 Equivalent
Estonia,1993,1.38651645,SF6 Emissions,Kilotonne CO2 Equivalent
Estonia,1992,0.090352125,SF6 Emissions,Kilotonne CO2 Equivalent
Estonia,1991,0.0481878,SF6 Emissions,Kilotonne CO2 Equivalent
European Union,2014,6140.88662804132,SF6 Emissions,Kilotonne CO2 Equivalent
European Union,2013,6206.44411985206,SF6 Emissions,Kilotonne CO2 Equivalent
European Union,2012,6311.53908309272,SF6 Emissions,Kilotonne CO2 Equivalent
European Union,2011,6243.62423267202,SF6 Emissions,Kilotonne CO2 Equivalent
European Union,2010,6378.66502299905,SF6 Emissions,Kilotonne CO2 Equivalent
European Union,2009,6296.50111757701,SF6 Emissions,Kilotonne CO2 Equivalent
European Union,2008,6700.49448468642,SF6 Emissions,Kilotonne CO2 Equivalent
European Union,2007,7108.090324469,SF6 Emissions,Kilotonne CO2 Equivalent
European Union,2006,7499.45127329735,SF6 Emissions,Kilotonne CO2 Equivalent
European Union,2005,7929.74738345675,SF6 Emissions,Kilotonne CO2 Equivalent
European Union,2004,8121.17649983525,SF6 Emissions,Kilotonne CO2 Equivalent
European Union,2003,8110.39113012754,SF6 Emissions,Kilotonne CO2 Equivalent
European Union,2002,8597.24695412468,SF6 Emissions,Kilotonne CO2 Equivalent
European Union,2001,9734.46382186482,SF6 Emissions,Kilotonne CO2 Equivalent
European Union,2000,10546.7179446828,SF6 Emissions,Kilotonne CO2 Equivalent
European Union,1999,10561.3584629677,SF6 Emissions,Kilotonne CO2 Equivalent
European Union,1998,12875.1109129582,SF6 Emissions,Kilotonne CO2 Equivalent
European Union,1997,13620.3417020676,SF6 Emissions,Kilotonne CO2 Equivalent
European Union,1996,15098.0037711478,SF6 Emissions,Kilotonne CO2 Equivalent
European Union,1995,15214.5294850047,SF6 Emissions,Kilotonne CO2 Equivalent
European Union,1994,14142.8448724973,SF6 Emissions,Kilotonne CO2 Equivalent
European Union,1993,12968.3820487472,SF6 Emissions,Kilotonne CO2 Equivalent
European Union,1992,12282.8279079145,SF6 Emissions,Kilotonne CO2 Equivalent
European Union,1991,11459.0579878801,SF6 Emissions,Kilotonne CO2 Equivalent
European Union,1990,10919.6996587874,SF6 Emissions,Kilotonne CO2 Equivalent
Finland,2014,34.25063652,SF6 Emissions,Kilotonne CO2 Equivalent
Finland,2013,30.70041204,SF6 Emissions,Kilotonne CO2 Equivalent
Finland,2012,22.15592964,SF6 Emissions,Kilotonne CO2 Equivalent
Finland,2011,23.67410498868,SF6 Emissions,Kilotonne CO2 Equivalent
Finland,2010,21.791502978144,SF6 Emissions,Kilotonne CO2 Equivalent
Finland,2009,26.710521984108,SF6 Emissions,Kilotonne CO2 Equivalent
Finland,2008,26.658888399588,SF6 Emissions,Kilotonne CO2 Equivalent
Finland,2007,19.173863533092,SF6 Emissions,Kilotonne CO2 Equivalent
Finland,2006,27.564248995128,SF6 Emissions,Kilotonne CO2 Equivalent
Finland,2005,22.189085937624,SF6 Emissions,Kilotonne CO2 Equivalent
Finland,2004,23.838093445812,SF6 Emissions,Kilotonne CO2 Equivalent
Finland,2003,25.56814686,SF6 Emissions,Kilotonne CO2 Equivalent
Finland,2002,25.33507386,SF6 Emissions,Kilotonne CO2 Equivalent
Finland,2001,25.526260531296,SF6 Emissions,Kilotonne CO2 Equivalent
Finland,2000,26.059706382048,SF6 Emissions,Kilotonne CO2 Equivalent
Finland,1999,30.756944424084,SF6 Emissions,Kilotonne CO2 Equivalent
Finland,1998,38.62456971456,SF6 Emissions,Kilotonne CO2 Equivalent
Finland,1997,50.108159919528,SF6 Emissions,Kilotonne CO2 Equivalent
Finland,1996,54.159349308492,SF6 Emissions,Kilotonne CO2 Equivalent
Finland,1995,36.980164585872,SF6 Emissions,Kilotonne CO2 Equivalent
Finland,1994,23.861008164012,SF6 Emissions,Kilotonne CO2 Equivalent
Finland,1993,19.746911690172,SF6 Emissions,Kilotonne CO2 Equivalent
Finland,1992,25.670926187016,SF6 Emissions,Kilotonne CO2 Equivalent
Finland,1991,40.161744209988,SF6 Emissions,Kilotonne CO2 Equivalent
Finland,1990,52.483297558872,SF6 Emissions,Kilotonne CO2 Equivalent
France,2014,470.947055166456,SF6 Emissions,Kilotonne CO2 Equivalent
France,2013,574.96982756724,SF6 Emissions,Kilotonne CO2 Equivalent
France,2012,644.383439708676,SF6 Emissions,Kilotonne CO2 Equivalent
France,2011,636.210690386028,SF6 Emissions,Kilotonne CO2 Equivalent
France,2010,860.243927080128,SF6 Emissions,Kilotonne CO2 Equivalent
France,2009,930.018746301348,SF6 Emissions,Kilotonne CO2 Equivalent
France,2008,1114.04495628562,SF6 Emissions,Kilotonne CO2 Equivalent
France,2007,1153.07477535455,SF6 Emissions,Kilotonne CO2 Equivalent
France,2006,1256.28851852255,SF6 Emissions,Kilotonne CO2 Equivalent
France,2005,1360.01098763857,SF6 Emissions,Kilotonne CO2 Equivalent
France,2004,1616.30547387455,SF6 Emissions,Kilotonne CO2 Equivalent
France,2003,1585.08877360008,SF6 Emissions,Kilotonne CO2 Equivalent
France,2002,1602.89685186658,SF6 Emissions,Kilotonne CO2 Equivalent
France,2001,1933.42780025375,SF6 Emissions,Kilotonne CO2 Equivalent
France,2000,2379.76531515877,SF6 Emissions,Kilotonne CO2 Equivalent
France,1999,2485.68185367263,SF6 Emissions,Kilotonne CO2 Equivalent
France,1998,2811.97079448744,SF6 Emissions,Kilotonne CO2 Equivalent
France,1997,2697.74004238198,SF6 Emissions,Kilotonne CO2 Equivalent
France,1996,2691.66653746236,SF6 Emissions,Kilotonne CO2 Equivalent
France,1995,2633.00800401431,SF6 Emissions,Kilotonne CO2 Equivalent
France,1994,2562.893673541,SF6 Emissions,Kilotonne CO2 Equivalent
France,1993,2401.59077113631,SF6 Emissions,Kilotonne CO2 Equivalent
France,1992,2349.2262525231,SF6 Emissions,Kilotonne CO2 Equivalent
France,1991,2297.47676454966,SF6 Emissions,Kilotonne CO2 Equivalent
France,1990,2221.76578319338,SF6 Emissions,Kilotonne CO2 Equivalent
Germany,2014,3396.171635868,SF6 Emissions,Kilotonne CO2 Equivalent
Germany,2013,3261.20165826,SF6 Emissions,Kilotonne CO2 Equivalent
Germany,2012,3154.89496194,SF6 Emissions,Kilotonne CO2 Equivalent
Germany,2011,3163.074968556,SF6 Emissions,Kilotonne CO2 Equivalent
Germany,2010,3047.037083808,SF6 Emissions,Kilotonne CO2 Equivalent
Germany,2009,2923.979076096,SF6 Emissions,Kilotonne CO2 Equivalent
Germany,2008,2971.2128199,SF6 Emissions,Kilotonne CO2 Equivalent
Germany,2007,3180.593286084,SF6 Emissions,Kilotonne CO2 Equivalent
Germany,2006,3241.500860892,SF6 Emissions,Kilotonne CO2 Equivalent
Germany,2005,3319.866592008,SF6 Emissions,Kilotonne CO2 Equivalent
Germany,2004,3243.551245512,SF6 Emissions,Kilotonne CO2 Equivalent
Germany,2003,3034.157687796,SF6 Emissions,Kilotonne CO2 Equivalent
Germany,2002,3087.040280256,SF6 Emissions,Kilotonne CO2 Equivalent
Germany,2001,3751.778684304,SF6 Emissions,Kilotonne CO2 Equivalent
Germany,2000,4072.497783324,SF6 Emissions,Kilotonne CO2 Equivalent
Germany,1999,4289.75218938,SF6 Emissions,Kilotonne CO2 Equivalent
Germany,1998,5888.914866984,SF6 Emissions,Kilotonne CO2 Equivalent
Germany,1997,6108.844118424,SF6 Emissions,Kilotonne CO2 Equivalent
Germany,1996,6162.492516372,SF6 Emissions,Kilotonne CO2 Equivalent
Germany,1995,6467.149524288,SF6 Emissions,Kilotonne CO2 Equivalent
Germany,1994,6249.227868708,SF6 Emissions,Kilotonne CO2 Equivalent
Germany,1993,5973.591374304,SF6 Emissions,Kilotonne CO2 Equivalent
Germany,1992,5237.80713126,SF6 Emissions,Kilotonne CO2 Equivalent
Germany,1991,4745.87876928,SF6 Emissions,Kilotonne CO2 Equivalent
Germany,1990,4343.638131636,SF6 Emissions,Kilotonne CO2 Equivalent
Greece,2014,4.921542857208,SF6 Emissions,Kilotonne CO2 Equivalent
Greece,2013,5.151171428604,SF6 Emissions,Kilotonne CO2 Equivalent
Greece,2012,5.048571428604,SF6 Emissions,Kilotonne CO2 Equivalent
Greece,2011,5.13,SF6 Emissions,Kilotonne CO2 Equivalent
Greece,2010,5.8596,SF6 Emissions,Kilotonne CO2 Equivalent
Greece,2009,5.016,SF6 Emissions,Kilotonne CO2 Equivalent
Greece,2008,7.182,SF6 Emissions,Kilotonne CO2 Equivalent
Greece,2007,9.462,SF6 Emissions,Kilotonne CO2 Equivalent
Greece,2006,7.98,SF6 Emissions,Kilotonne CO2 Equivalent
Greece,2005,6.156,SF6 Emissions,Kilotonne CO2 Equivalent
Greece,2004,4.2636,SF6 Emissions,Kilotonne CO2 Equivalent
Greece,2003,4.0584,SF6 Emissions,Kilotonne CO2 Equivalent
Greece,2002,4.0584,SF6 Emissions,Kilotonne CO2 Equivalent
Greece,2001,3.876,SF6 Emissions,Kilotonne CO2 Equivalent
Greece,2000,3.8076,SF6 Emissions,Kilotonne CO2 Equivalent
Greece,1999,3.6936,SF6 Emissions,Kilotonne CO2 Equivalent
Greece,1998,3.6024,SF6 Emissions,Kilotonne CO2 Equivalent
Greece,1997,3.5568,SF6 Emissions,Kilotonne CO2 Equivalent
Greece,1996,3.5112,SF6 Emissions,Kilotonne CO2 Equivalent
Greece,1995,3.42,SF6 Emissions,Kilotonne CO2 Equivalent
Greece,1994,3.289356,SF6 Emissions,Kilotonne CO2 Equivalent
Greece,1993,3.199182,SF6 Emissions,Kilotonne CO2 Equivalent
Greece,1992,3.111288,SF6 Emissions,Kilotonne CO2 Equivalent
Greece,1991,3.018948,SF6 Emissions,Kilotonne CO2 Equivalent
Greece,1990,2.928888,SF6 Emissions,Kilotonne CO2 Equivalent
Hungary,2014,104.096831621616,SF6 Emissions,Kilotonne CO2 Equivalent
Hungary,2013,122.923588390416,SF6 Emissions,Kilotonne CO2 Equivalent
Hungary,2012,120.20176816482,SF6 Emissions,Kilotonne CO2 Equivalent
Hungary,2011,106.917986583972,SF6 Emissions,Kilotonne CO2 Equivalent
Hungary,2010,98.720902832496,SF6 Emissions,Kilotonne CO2 Equivalent
Hungary,2009,90.535811012796,SF6 Emissions,Kilotonne CO2 Equivalent
Hungary,2008,108.213700294104,SF6 Emissions,Kilotonne CO2 Equivalent
Hungary,2007,121.163348029308,SF6 Emissions,Kilotonne CO2 Equivalent
Hungary,2006,106.935518443104,SF6 Emissions,Kilotonne CO2 Equivalent
Hungary,2005,94.261579979904,SF6 Emissions,Kilotonne CO2 Equivalent
Hungary,2004,95.704845321648,SF6 Emissions,Kilotonne CO2 Equivalent
Hungary,2003,78.40140431178,SF6 Emissions,Kilotonne CO2 Equivalent
Hungary,2002,66.708757788456,SF6 Emissions,Kilotonne CO2 Equivalent
Hungary,2001,82.961445324648,SF6 Emissions,Kilotonne CO2 Equivalent
Hungary,2000,84.044188508412,SF6 Emissions,Kilotonne CO2 Equivalent
Hungary,1999,75.4652064642,SF6 Emissions,Kilotonne CO2 Equivalent
Hungary,1998,93.641844344448,SF6 Emissions,Kilotonne CO2 Equivalent
Hungary,1997,79.634530733028,SF6 Emissions,Kilotonne CO2 Equivalent
Hungary,1996,64.127844529596,SF6 Emissions,Kilotonne CO2 Equivalent
Hungary,1995,52.0407254709,SF6 Emissions,Kilotonne CO2 Equivalent
Hungary,1994,39.09183316536,SF6 Emissions,Kilotonne CO2 Equivalent
Hungary,1993,31.231303632744,SF6 Emissions,Kilotonne CO2 Equivalent
Hungary,1992,19.222505872524,SF6 Emissions,Kilotonne CO2 Equivalent
Hungary,1991,12.25542775536,SF6 Emissions,Kilotonne CO2 Equivalent
Hungary,1990,10.888824,SF6 Emissions,Kilotonne CO2 Equivalent
Iceland,2014,2.215704,SF6 Emissions,Kilotonne CO2 Equivalent
Iceland,2013,3.201887600076,SF6 Emissions,Kilotonne CO2 Equivalent
Iceland,2012,5.3221356,SF6 Emissions,Kilotonne CO2 Equivalent
Iceland,2011,3.0451338,SF6 Emissions,Kilotonne CO2 Equivalent
Iceland,2010,4.6639338,SF6 Emissions,Kilotonne CO2 Equivalent
Iceland,2009,3.0246138,SF6 Emissions,Kilotonne CO2 Equivalent
Iceland,2008,3.0063738,SF6 Emissions,Kilotonne CO2 Equivalent
Iceland,2007,2.859405,SF6 Emissions,Kilotonne CO2 Equivalent
Iceland,2006,2.517405,SF6 Emissions,Kilotonne CO2 Equivalent
Iceland,2005,2.517405,SF6 Emissions,Kilotonne CO2 Equivalent
Iceland,2004,1.314705,SF6 Emissions,Kilotonne CO2 Equivalent
Iceland,2003,1.31157,SF6 Emissions,Kilotonne CO2 Equivalent
Iceland,2002,1.31157,SF6 Emissions,Kilotonne CO2 Equivalent
Iceland,2001,1.31157,SF6 Emissions,Kilotonne CO2 Equivalent
Iceland,2000,1.31157,SF6 Emissions,Kilotonne CO2 Equivalent
Iceland,1999,1.24374,SF6 Emissions,Kilotonne CO2 Equivalent
Iceland,1998,1.24374,SF6 Emissions,Kilotonne CO2 Equivalent
Iceland,1997,1.24374,SF6 Emissions,Kilotonne CO2 Equivalent
Iceland,1996,1.24374,SF6 Emissions,Kilotonne CO2 Equivalent
Iceland,1995,1.24374,SF6 Emissions,Kilotonne CO2 Equivalent
Iceland,1994,1.24374,SF6 Emissions,Kilotonne CO2 Equivalent
Iceland,1993,1.24374,SF6 Emissions,Kilotonne CO2 Equivalent
Iceland,1992,1.24374,SF6 Emissions,Kilotonne CO2 Equivalent
Iceland,1991,1.24374,SF6 Emissions,Kilotonne CO2 Equivalent
Iceland,1990,1.096395,SF6 Emissions,Kilotonne CO2 Equivalent
Ireland,2014,46.28960962422,SF6 Emissions,Kilotonne CO2 Equivalent
Ireland,2013,43.53476473566,SF6 Emissions,Kilotonne CO2 Equivalent
Ireland,2012,37.388702689308,SF6 Emissions,Kilotonne CO2 Equivalent
Ireland,2011,45.453553326384,SF6 Emissions,Kilotonne CO2 Equivalent
Ireland,2010,33.075765865524,SF6 Emissions,Kilotonne CO2 Equivalent
Ireland,2009,39.175254860088,SF6 Emissions,Kilotonne CO2 Equivalent
Ireland,2008,54.687742983168,SF6 Emissions,Kilotonne CO2 Equivalent
Ireland,2007,62.938827020724,SF6 Emissions,Kilotonne CO2 Equivalent
Ireland,2006,60.206194326732,SF6 Emissions,Kilotonne CO2 Equivalent
Ireland,2005,96.78142037262,SF6 Emissions,Kilotonne CO2 Equivalent
Ireland,2004,65.342058738444,SF6 Emissions,Kilotonne CO2 Equivalent
Ireland,2003,109.954627098972,SF6 Emissions,Kilotonne CO2 Equivalent
Ireland,2002,64.48226801544,SF6 Emissions,Kilotonne CO2 Equivalent
Ireland,2001,64.626887557932,SF6 Emissions,Kilotonne CO2 Equivalent
Ireland,2000,51.75714757644,SF6 Emissions,Kilotonne CO2 Equivalent
Ireland,1999,64.18701808848,SF6 Emissions,Kilotonne CO2 Equivalent
Ireland,1998,88.735625857212,SF6 Emissions,Kilotonne CO2 Equivalent
Ireland,1997,126.117418947468,SF6 Emissions,Kilotonne CO2 Equivalent
Ireland,1996,97.463146411428,SF6 Emissions,Kilotonne CO2 Equivalent
Ireland,1995,79.114297385376,SF6 Emissions,Kilotonne CO2 Equivalent
Ireland,1994,61.950870086124,SF6 Emissions,Kilotonne CO2 Equivalent
Ireland,1993,52.904062713384,SF6 Emissions,Kilotonne CO2 Equivalent
Ireland,1992,43.857073447944,SF6 Emissions,Kilotonne CO2 Equivalent
Ireland,1991,38.868300452352,SF6 Emissions,Kilotonne CO2 Equivalent
Ireland,1990,33.879341871144,SF6 Emissions,Kilotonne CO2 Equivalent
Italy,2014,353.548053282912,SF6 Emissions,Kilotonne CO2 Equivalent
Italy,2013,416.510868602928,SF6 Emissions,Kilotonne CO2 Equivalent
Italy,2012,442.196880434796,SF6 Emissions,Kilotonne CO2 Equivalent
Italy,2011,438.06229857318,SF6 Emissions,Kilotonne CO2 Equivalent
Italy,2010,390.546355640196,SF6 Emissions,Kilotonne CO2 Equivalent
Italy,2009,468.872283090756,SF6 Emissions,Kilotonne CO2 Equivalent
Italy,2008,492.806480412096,SF6 Emissions,Kilotonne CO2 Equivalent
Italy,2007,449.622907790328,SF6 Emissions,Kilotonne CO2 Equivalent
Italy,2006,567.31064308518,SF6 Emissions,Kilotonne CO2 Equivalent
Italy,2005,547.09878181908,SF6 Emissions,Kilotonne CO2 Equivalent
Italy,2004,581.813817589356,SF6 Emissions,Kilotonne CO2 Equivalent
Italy,2003,548.026164395628,SF6 Emissions,Kilotonne CO2 Equivalent
Italy,2002,738.934286965308,SF6 Emissions,Kilotonne CO2 Equivalent
Italy,2001,851.016251274588,SF6 Emissions,Kilotonne CO2 Equivalent
Italy,2000,560.732418133308,SF6 Emissions,Kilotonne CO2 Equivalent
Italy,1999,475.899044533308,SF6 Emissions,Kilotonne CO2 Equivalent
Italy,1998,666.981087541308,SF6 Emissions,Kilotonne CO2 Equivalent
Italy,1997,785.110054453308,SF6 Emissions,Kilotonne CO2 Equivalent
Italy,1996,741.151136437308,SF6 Emissions,Kilotonne CO2 Equivalent
Italy,1995,663.782776501308,SF6 Emissions,Kilotonne CO2 Equivalent
Italy,1994,486.54110213466,SF6 Emissions,Kilotonne CO2 Equivalent
Italy,1993,443.359454145252,SF6 Emissions,Kilotonne CO2 Equivalent
Italy,1992,431.785734929928,SF6 Emissions,Kilotonne CO2 Equivalent
Italy,1991,429.995502117984,SF6 Emissions,Kilotonne CO2 Equivalent
Italy,1990,407.610555937476,SF6 Emissions,Kilotonne CO2 Equivalent
Japan,2014,2064.41324463394,SF6 Emissions,Kilotonne CO2 Equivalent
Japan,2013,2101.81305082406,SF6 Emissions,Kilotonne CO2 Equivalent
Japan,2012,2234.54328229354,SF6 Emissions,Kilotonne CO2 Equivalent
Japan,2011,2247.64272531419,SF6 Emissions,Kilotonne CO2 Equivalent
Japan,2010,2423.8716471637,SF6 Emissions,Kilotonne CO2 Equivalent
Japan,2009,2446.63342616026,SF6 Emissions,Kilotonne CO2 Equivalent
Japan,2008,4177.16872247118,SF6 Emissions,Kilotonne CO2 Equivalent
Japan,2007,4733.45160982727,SF6 Emissions,Kilotonne CO2 Equivalent
Japan,2006,5228.90231767596,SF6 Emissions,Kilotonne CO2 Equivalent
Japan,2005,5053.00641540646,SF6 Emissions,Kilotonne CO2 Equivalent
Japan,2004,5258.70232892366,SF6 Emissions,Kilotonne CO2 Equivalent
Japan,2003,5406.31082169256,SF6 Emissions,Kilotonne CO2 Equivalent
Japan,2002,5735.48079910655,SF6 Emissions,Kilotonne CO2 Equivalent
Japan,2001,6066.01678000183,SF6 Emissions,Kilotonne CO2 Equivalent
Japan,2000,7031.358930755,SF6 Emissions,Kilotonne CO2 Equivalent
Japan,1999,9176.61669000422,SF6 Emissions,Kilotonne CO2 Equivalent
Japan,1998,13224.1012477999,SF6 Emissions,Kilotonne CO2 Equivalent
Japan,1997,14510.5404783559,SF6 Emissions,Kilotonne CO2 Equivalent
Japan,1996,17022.1877644734,SF6 Emissions,Kilotonne CO2 Equivalent
Japan,1995,16447.5246945505,SF6 Emissions,Kilotonne CO2 Equivalent
Japan,1994,15019.955788766,SF6 Emissions,Kilotonne CO2 Equivalent
Japan,1993,15701.9705704626,SF6 Emissions,Kilotonne CO2 Equivalent
Japan,1992,15635.8246762342,SF6 Emissions,Kilotonne CO2 Equivalent
Japan,1991,14206.0423489773,SF6 Emissions,Kilotonne CO2 Equivalent
Japan,1990,12850.069876124,SF6 Emissions,Kilotonne CO2 Equivalent
Latvia,2014,8.5779036432,SF6 Emissions,Kilotonne CO2 Equivalent
Latvia,2013,8.5031581296,SF6 Emissions,Kilotonne CO2 Equivalent
Latvia,2012,7.776872976,SF6 Emissions,Kilotonne CO2 Equivalent
Latvia,2011,7.469475624,SF6 Emissions,Kilotonne CO2 Equivalent
Latvia,2010,7.351170072,SF6 Emissions,Kilotonne CO2 Equivalent
Latvia,2009,7.328163504,SF6 Emissions,Kilotonne CO2 Equivalent
Latvia,2008,5.233190064,SF6 Emissions,Kilotonne CO2 Equivalent
Latvia,2007,4.550224272,SF6 Emissions,Kilotonne CO2 Equivalent
Latvia,2006,4.070568816,SF6 Emissions,Kilotonne CO2 Equivalent
Latvia,2005,3.777910752,SF6 Emissions,Kilotonne CO2 Equivalent
Latvia,2004,3.25197768,SF6 Emissions,Kilotonne CO2 Equivalent
Latvia,2003,2.755679136,SF6 Emissions,Kilotonne CO2 Equivalent
Latvia,2002,2.618787024,SF6 Emissions,Kilotonne CO2 Equivalent
Latvia,2001,1.386676848,SF6 Emissions,Kilotonne CO2 Equivalent
Latvia,2000,0.88317624,SF6 Emissions,Kilotonne CO2 Equivalent
Latvia,1999,0.707732064,SF6 Emissions,Kilotonne CO2 Equivalent
Latvia,1998,0.515531712,SF6 Emissions,Kilotonne CO2 Equivalent
Latvia,1997,0.36956976,SF6 Emissions,Kilotonne CO2 Equivalent
Latvia,1996,0.176796672,SF6 Emissions,Kilotonne CO2 Equivalent
Latvia,1995,0.173347488,SF6 Emissions,Kilotonne CO2 Equivalent
Liechtenstein,2014,0.116052,SF6 Emissions,Kilotonne CO2 Equivalent
Liechtenstein,2013,0.174648,SF6 Emissions,Kilotonne CO2 Equivalent
Liechtenstein,2012,0.000456,SF6 Emissions,Kilotonne CO2 Equivalent
Liechtenstein,2011,0.013452,SF6 Emissions,Kilotonne CO2 Equivalent
Liechtenstein,2010,0.023484,SF6 Emissions,Kilotonne CO2 Equivalent
Liechtenstein,2009,0.135888,SF6 Emissions,Kilotonne CO2 Equivalent
Liechtenstein,2008,0.34656,SF6 Emissions,Kilotonne CO2 Equivalent
Liechtenstein,2007,0.114,SF6 Emissions,Kilotonne CO2 Equivalent
Liechtenstein,2006,0.056316,SF6 Emissions,Kilotonne CO2 Equivalent
Liechtenstein,2005,0.255132,SF6 Emissions,Kilotonne CO2 Equivalent
Liechtenstein,2004,0.262884,SF6 Emissions,Kilotonne CO2 Equivalent
Liechtenstein,2003,0.248064,SF6 Emissions,Kilotonne CO2 Equivalent
Liechtenstein,2002,0.243504,SF6 Emissions,Kilotonne CO2 Equivalent
Liechtenstein,2001,0.1653,SF6 Emissions,Kilotonne CO2 Equivalent
Liechtenstein,2000,0.087324,SF6 Emissions,Kilotonne CO2 Equivalent
Liechtenstein,1999,0.00456,SF6 Emissions,Kilotonne CO2 Equivalent
Lithuania,2014,5.9760396,SF6 Emissions,Kilotonne CO2 Equivalent
Lithuania,2013,6.3225996,SF6 Emissions,Kilotonne CO2 Equivalent
Lithuania,2012,3.9924396,SF6 Emissions,Kilotonne CO2 Equivalent
Lithuania,2011,7.7437236,SF6 Emissions,Kilotonne CO2 Equivalent
Lithuania,2010,5.9940516,SF6 Emissions,Kilotonne CO2 Equivalent
Lithuania,2009,3.0512556,SF6 Emissions,Kilotonne CO2 Equivalent
Lithuania,2008,3.4748796,SF6 Emissions,Kilotonne CO2 Equivalent
Lithuania,2007,1.2475476,SF6 Emissions,Kilotonne CO2 Equivalent
Lithuania,2006,1.5359676,SF6 Emissions,Kilotonne CO2 Equivalent
Lithuania,2005,1.6985316,SF6 Emissions,Kilotonne CO2 Equivalent
Lithuania,2004,1.1531556,SF6 Emissions,Kilotonne CO2 Equivalent
Lithuania,2003,2.3512956,SF6 Emissions,Kilotonne CO2 Equivalent
Lithuania,2002,0.7450356,SF6 Emissions,Kilotonne CO2 Equivalent
Lithuania,2001,0.6561156,SF6 Emissions,Kilotonne CO2 Equivalent
Lithuania,2000,0.7233756,SF6 Emissions,Kilotonne CO2 Equivalent
Lithuania,1999,0.5398356,SF6 Emissions,Kilotonne CO2 Equivalent
Lithuania,1998,0.50616,SF6 Emissions,Kilotonne CO2 Equivalent
Lithuania,1997,0.07752,SF6 Emissions,Kilotonne CO2 Equivalent
Lithuania,1996,0.0456,SF6 Emissions,Kilotonne CO2 Equivalent
Lithuania,1995,0.0456,SF6 Emissions,Kilotonne CO2 Equivalent
Luxembourg,2014,8.440939563228,SF6 Emissions,Kilotonne CO2 Equivalent
Luxembourg,2013,8.050979881332,SF6 Emissions,Kilotonne CO2 Equivalent
Luxembourg,2012,7.682973464892,SF6 Emissions,Kilotonne CO2 Equivalent
Luxembourg,2011,7.308528431964,SF6 Emissions,Kilotonne CO2 Equivalent
Luxembourg,2010,6.87059344128,SF6 Emissions,Kilotonne CO2 Equivalent
Luxembourg,2009,6.494876269584,SF6 Emissions,Kilotonne CO2 Equivalent
Luxembourg,2008,6.0964721184,SF6 Emissions,Kilotonne CO2 Equivalent
Luxembourg,2007,5.692038666816,SF6 Emissions,Kilotonne CO2 Equivalent
Luxembourg,2006,5.269914001428,SF6 Emissions,Kilotonne CO2 Equivalent
Luxembourg,2005,4.8532748667,SF6 Emissions,Kilotonne CO2 Equivalent
Luxembourg,2004,4.28241706116,SF6 Emissions,Kilotonne CO2 Equivalent
Luxembourg,2003,3.732038698524,SF6 Emissions,Kilotonne CO2 Equivalent
Luxembourg,2002,3.14916178452,SF6 Emissions,Kilotonne CO2 Equivalent
Luxembourg,2001,2.544279074772,SF6 Emissions,Kilotonne CO2 Equivalent
Luxembourg,2000,1.925711301144,SF6 Emissions,Kilotonne CO2 Equivalent
Luxembourg,1999,1.826257266348,SF6 Emissions,Kilotonne CO2 Equivalent
Luxembourg,1998,1.741013134104,SF6 Emissions,Kilotonne CO2 Equivalent
Luxembourg,1997,1.697121997752,SF6 Emissions,Kilotonne CO2 Equivalent
Luxembourg,1996,1.557622521984,SF6 Emissions,Kilotonne CO2 Equivalent
Luxembourg,1995,1.38946428936,SF6 Emissions,Kilotonne CO2 Equivalent
Luxembourg,1994,1.296312268728,SF6 Emissions,Kilotonne CO2 Equivalent
Luxembourg,1993,1.185363822324,SF6 Emissions,Kilotonne CO2 Equivalent
Luxembourg,1992,1.078470228696,SF6 Emissions,Kilotonne CO2 Equivalent
Luxembourg,1991,0.975507631176,SF6 Emissions,Kilotonne CO2 Equivalent
Luxembourg,1990,0.876210280716,SF6 Emissions,Kilotonne CO2 Equivalent
Malta,2014,0.5846622012,SF6 Emissions,Kilotonne CO2 Equivalent
Malta,2013,2.6767902012,SF6 Emissions,Kilotonne CO2 Equivalent
Malta,2012,0.4515102012,SF6 Emissions,Kilotonne CO2 Equivalent
Malta,2011,4.5942702012,SF6 Emissions,Kilotonne CO2 Equivalent
Malta,2010,1.6947942012,SF6 Emissions,Kilotonne CO2 Equivalent
Malta,2009,1.4968902012,SF6 Emissions,Kilotonne CO2 Equivalent
Malta,2008,1.7490582012,SF6 Emissions,Kilotonne CO2 Equivalent
Malta,2007,1.5827899992,SF6 Emissions,Kilotonne CO2 Equivalent
Malta,2006,1.5746590632,SF6 Emissions,Kilotonne CO2 Equivalent
Malta,2005,1.5645655032,SF6 Emissions,Kilotonne CO2 Equivalent
Malta,2004,1.5438057384,SF6 Emissions,Kilotonne CO2 Equivalent
Malta,2003,2.0615591736,SF6 Emissions,Kilotonne CO2 Equivalent
Malta,2002,1.4956042356,SF6 Emissions,Kilotonne CO2 Equivalent
Malta,2001,1.489664448,SF6 Emissions,Kilotonne CO2 Equivalent
Malta,2000,1.4691408,SF6 Emissions,Kilotonne CO2 Equivalent
Malta,1999,1.4652648,SF6 Emissions,Kilotonne CO2 Equivalent
Malta,1998,1.4652648,SF6 Emissions,Kilotonne CO2 Equivalent
Malta,1997,1.4472528,SF6 Emissions,Kilotonne CO2 Equivalent
Malta,1996,1.4472528,SF6 Emissions,Kilotonne CO2 Equivalent
Malta,1995,1.4363088,SF6 Emissions,Kilotonne CO2 Equivalent
Malta,1994,1.4314068,SF6 Emissions,Kilotonne CO2 Equivalent
Malta,1993,1.4269608,SF6 Emissions,Kilotonne CO2 Equivalent
Malta,1992,1.4269608,SF6 Emissions,Kilotonne CO2 Equivalent
Malta,1991,0.0106248,SF6 Emissions,Kilotonne CO2 Equivalent
Malta,1990,0.0106248,SF6 Emissions,Kilotonne CO2 Equivalent
Monaco,2013,0.106911936,SF6 Emissions,Kilotonne CO2 Equivalent
Monaco,2012,0.113051064,SF6 Emissions,Kilotonne CO2 Equivalent
Monaco,2011,0.112387128,SF6 Emissions,Kilotonne CO2 Equivalent
Monaco,2010,0.109648392,SF6 Emissions,Kilotonne CO2 Equivalent
Monaco,2009,0.112213164,SF6 Emissions,Kilotonne CO2 Equivalent
Monaco,2008,0.111432264,SF6 Emissions,Kilotonne CO2 Equivalent
Monaco,2007,0.11338668,SF6 Emissions,Kilotonne CO2 Equivalent
Monaco,2006,0.11515938,SF6 Emissions,Kilotonne CO2 Equivalent
Monaco,2005,0.11013996,SF6 Emissions,Kilotonne CO2 Equivalent
Monaco,2004,0.070432848,SF6 Emissions,Kilotonne CO2 Equivalent
Monaco,2003,0.122288256,SF6 Emissions,Kilotonne CO2 Equivalent
Monaco,2002,0.118404048,SF6 Emissions,Kilotonne CO2 Equivalent
Monaco,2001,0.114217968,SF6 Emissions,Kilotonne CO2 Equivalent
Monaco,2000,0.116265408,SF6 Emissions,Kilotonne CO2 Equivalent
Monaco,1999,0.115289568,SF6 Emissions,Kilotonne CO2 Equivalent
Monaco,1998,0.116876448,SF6 Emissions,Kilotonne CO2 Equivalent
Monaco,1997,0.115663488,SF6 Emissions,Kilotonne CO2 Equivalent
Monaco,1996,0.117291408,SF6 Emissions,Kilotonne CO2 Equivalent
Monaco,1995,0.121484784,SF6 Emissions,Kilotonne CO2 Equivalent
Monaco,1994,0.258058608,SF6 Emissions,Kilotonne CO2 Equivalent
Monaco,1993,0.258058608,SF6 Emissions,Kilotonne CO2 Equivalent
Monaco,1992,0.266541576,SF6 Emissions,Kilotonne CO2 Equivalent
Monaco,1991,0.224392584,SF6 Emissions,Kilotonne CO2 Equivalent
Monaco,1990,0.221641992,SF6 Emissions,Kilotonne CO2 Equivalent
Netherlands,2014,134.587935310692,SF6 Emissions,Kilotonne CO2 Equivalent
Netherlands,2013,119.866895360232,SF6 Emissions,Kilotonne CO2 Equivalent
Netherlands,2012,172.50624501042,SF6 Emissions,Kilotonne CO2 Equivalent
Netherlands,2011,125.166317303376,SF6 Emissions,Kilotonne CO2 Equivalent
Netherlands,2010,153.781007999964,SF6 Emissions,Kilotonne CO2 Equivalent
Netherlands,2009,145.58822399994,SF6 Emissions,Kilotonne CO2 Equivalent
Netherlands,2008,156.447862800204,SF6 Emissions,Kilotonne CO2 Equivalent
Netherlands,2007,156.500280969888,SF6 Emissions,Kilotonne CO2 Equivalent
Netherlands,2006,169.777778919072,SF6 Emissions,Kilotonne CO2 Equivalent
Netherlands,2005,203.722053407484,SF6 Emissions,Kilotonne CO2 Equivalent
Netherlands,2004,219.443249918184,SF6 Emissions,Kilotonne CO2 Equivalent
Netherlands,2003,197.478626209896,SF6 Emissions,Kilotonne CO2 Equivalent
Netherlands,2002,224.978160050508,SF6 Emissions,Kilotonne CO2 Equivalent
Netherlands,2001,274.909606873488,SF6 Emissions,Kilotonne CO2 Equivalent
Netherlands,2000,258.789069149388,SF6 Emissions,Kilotonne CO2 Equivalent
Netherlands,1999,266.221542937248,SF6 Emissions,Kilotonne CO2 Equivalent
Netherlands,1998,276.442758134496,SF6 Emissions,Kilotonne CO2 Equivalent
Netherlands,1997,299.037346964088,SF6 Emissions,Kilotonne CO2 Equivalent
Netherlands,1996,271.033242590136,SF6 Emissions,Kilotonne CO2 Equivalent
Netherlands,1995,260.959454414064,SF6 Emissions,Kilotonne CO2 Equivalent
Netherlands,1994,179.448436710072,SF6 Emissions,Kilotonne CO2 Equivalent
Netherlands,1993,140.239707064632,SF6 Emissions,Kilotonne CO2 Equivalent
Netherlands,1992,134.04093652206,SF6 Emissions,Kilotonne CO2 Equivalent
Netherlands,1991,125.724447807372,SF6 Emissions,Kilotonne CO2 Equivalent
Netherlands,1990,206.699404616436,SF6 Emissions,Kilotonne CO2 Equivalent
New Zealand,2014,17.8296,SF6 Emissions,Kilotonne CO2 Equivalent
New Zealand,2013,18.6732,SF6 Emissions,Kilotonne CO2 Equivalent
New Zealand,2012,19.38,SF6 Emissions,Kilotonne CO2 Equivalent
New Zealand,2011,16.3932,SF6 Emissions,Kilotonne CO2 Equivalent
New Zealand,2010,19.152,SF6 Emissions,Kilotonne CO2 Equivalent
New Zealand,2009,18.4908,SF6 Emissions,Kilotonne CO2 Equivalent
New Zealand,2008,14.0448,SF6 Emissions,Kilotonne CO2 Equivalent
New Zealand,2007,13.9992,SF6 Emissions,Kilotonne CO2 Equivalent
New Zealand,2006,14.6832,SF6 Emissions,Kilotonne CO2 Equivalent
New Zealand,2005,18.0576,SF6 Emissions,Kilotonne CO2 Equivalent
New Zealand,2004,21.2268,SF6 Emissions,Kilotonne CO2 Equivalent
New Zealand,2003,16.7124,SF6 Emissions,Kilotonne CO2 Equivalent
New Zealand,2002,14.1816,SF6 Emissions,Kilotonne CO2 Equivalent
New Zealand,2001,9.6444,SF6 Emissions,Kilotonne CO2 Equivalent
New Zealand,2000,9.9864,SF6 Emissions,Kilotonne CO2 Equivalent
New Zealand,1999,15.3672,SF6 Emissions,Kilotonne CO2 Equivalent
New Zealand,1998,16.188,SF6 Emissions,Kilotonne CO2 Equivalent
New Zealand,1997,17.4648,SF6 Emissions,Kilotonne CO2 Equivalent
New Zealand,1996,16.7352,SF6 Emissions,Kilotonne CO2 Equivalent
New Zealand,1995,17.0088,SF6 Emissions,Kilotonne CO2 Equivalent
New Zealand,1994,16.5984,SF6 Emissions,Kilotonne CO2 Equivalent
New Zealand,1993,16.0968,SF6 Emissions,Kilotonne CO2 Equivalent
New Zealand,1992,15.7776,SF6 Emissions,Kilotonne CO2 Equivalent
New Zealand,1991,15.0024,SF6 Emissions,Kilotonne CO2 Equivalent
New Zealand,1990,14.5008,SF6 Emissions,Kilotonne CO2 Equivalent
Norway,2014,54.740166078792,SF6 Emissions,Kilotonne CO2 Equivalent
Norway,2013,60.624013831596,SF6 Emissions,Kilotonne CO2 Equivalent
Norway,2012,57.550325902116,SF6 Emissions,Kilotonne CO2 Equivalent
Norway,2011,57.921129464052,SF6 Emissions,Kilotonne CO2 Equivalent
Norway,2010,71.91294342252,SF6 Emissions,Kilotonne CO2 Equivalent
Norway,2009,58.626776576352,SF6 Emissions,Kilotonne CO2 Equivalent
Norway,2008,62.385545215116,SF6 Emissions,Kilotonne CO2 Equivalent
Norway,2007,72.728298955116,SF6 Emissions,Kilotonne CO2 Equivalent
Norway,2006,202.326220407804,SF6 Emissions,Kilotonne CO2 Equivalent
Norway,2005,297.670751865432,SF6 Emissions,Kilotonne CO2 Equivalent
Norway,2004,263.343654118608,SF6 Emissions,Kilotonne CO2 Equivalent
Norway,2003,217.368112383108,SF6 Emissions,Kilotonne CO2 Equivalent
Norway,2002,227.335984865076,SF6 Emissions,Kilotonne CO2 Equivalent
Norway,2001,754.78899956898,SF6 Emissions,Kilotonne CO2 Equivalent
Norway,2000,891.414097111176,SF6 Emissions,Kilotonne CO2 Equivalent
Norway,1999,833.73959328906,SF6 Emissions,Kilotonne CO2 Equivalent
Norway,1998,693.290687227092,SF6 Emissions,Kilotonne CO2 Equivalent
Norway,1997,553.17370836042,SF6 Emissions,Kilotonne CO2 Equivalent
Norway,1996,547.676098365528,SF6 Emissions,Kilotonne CO2 Equivalent
Norway,1995,579.817229059092,SF6 Emissions,Kilotonne CO2 Equivalent
Norway,1994,837.570975938052,SF6 Emissions,Kilotonne CO2 Equivalent
Norway,1993,703.761416237808,SF6 Emissions,Kilotonne CO2 Equivalent
Norway,1992,672.583343656764,SF6 Emissions,Kilotonne CO2 Equivalent
Norway,1991,1983.45795638806,SF6 Emissions,Kilotonne CO2 Equivalent
Norway,1990,2098.53683226432,SF6 Emissions,Kilotonne CO2 Equivalent
Poland,2014,52.78620119412,SF6 Emissions,Kilotonne CO2 Equivalent
Poland,2013,47.536880921736,SF6 Emissions,Kilotonne CO2 Equivalent
Poland,2012,41.921870357916,SF6 Emissions,Kilotonne CO2 Equivalent
Poland,2011,39.020696150076,SF6 Emissions,Kilotonne CO2 Equivalent
Poland,2010,35.36857161138,SF6 Emissions,Kilotonne CO2 Equivalent
Poland,2009,37.602950653392,SF6 Emissions,Kilotonne CO2 Equivalent
Poland,2008,32.87050543116,SF6 Emissions,Kilotonne CO2 Equivalent
Poland,2007,31.1587515309,SF6 Emissions,Kilotonne CO2 Equivalent
Poland,2006,33.202083766164,SF6 Emissions,Kilotonne CO2 Equivalent
Poland,2005,26.801178314232,SF6 Emissions,Kilotonne CO2 Equivalent
Poland,2004,22.3567397565,SF6 Emissions,Kilotonne CO2 Equivalent
Poland,2003,20.7159953436,SF6 Emissions,Kilotonne CO2 Equivalent
Poland,2002,23.285287122348,SF6 Emissions,Kilotonne CO2 Equivalent
Poland,2001,22.85771661084,SF6 Emissions,Kilotonne CO2 Equivalent
Poland,2000,23.06669090916,SF6 Emissions,Kilotonne CO2 Equivalent
Poland,1999,23.502488727252,SF6 Emissions,Kilotonne CO2 Equivalent
Poland,1998,23.938286545344,SF6 Emissions,Kilotonne CO2 Equivalent
Poland,1997,22.910324363664,SF6 Emissions,Kilotonne CO2 Equivalent
Poland,1996,23.797562181756,SF6 Emissions,Kilotonne CO2 Equivalent
Poland,1995,29.121818181756,SF6 Emissions,Kilotonne CO2 Equivalent
Poland,1994,13.265454545496,SF6 Emissions,Kilotonne CO2 Equivalent
Portugal,2014,30.645541862556,SF6 Emissions,Kilotonne CO2 Equivalent
Portugal,2013,34.9985889126,SF6 Emissions,Kilotonne CO2 Equivalent
Portugal,2012,33.383959943232,SF6 Emissions,Kilotonne CO2 Equivalent
Portugal,2011,30.242245954272,SF6 Emissions,Kilotonne CO2 Equivalent
Portugal,2010,34.694214375024,SF6 Emissions,Kilotonne CO2 Equivalent
Portugal,2009,33.144093151764,SF6 Emissions,Kilotonne CO2 Equivalent
Portugal,2008,30.355752524424,SF6 Emissions,Kilotonne CO2 Equivalent
Portugal,2007,31.380053450868,SF6 Emissions,Kilotonne CO2 Equivalent
Portugal,2006,28.439354686752,SF6 Emissions,Kilotonne CO2 Equivalent
Portugal,2005,26.633080632252,SF6 Emissions,Kilotonne CO2 Equivalent
Portugal,2004,26.53563721614,SF6 Emissions,Kilotonne CO2 Equivalent
Portugal,2003,21.637054219308,SF6 Emissions,Kilotonne CO2 Equivalent
Portugal,2002,18.15670527642,SF6 Emissions,Kilotonne CO2 Equivalent
Portugal,2001,17.866425658032,SF6 Emissions,Kilotonne CO2 Equivalent
Portugal,2000,16.612891500108,SF6 Emissions,Kilotonne CO2 Equivalent
Portugal,1999,16.527960154452,SF6 Emissions,Kilotonne CO2 Equivalent
Portugal,1998,15.830050317456,SF6 Emissions,Kilotonne CO2 Equivalent
Portugal,1997,15.459282871632,SF6 Emissions,Kilotonne CO2 Equivalent
Portugal,1996,14.39895921606,SF6 Emissions,Kilotonne CO2 Equivalent
Portugal,1995,13.930937339904,SF6 Emissions,Kilotonne CO2 Equivalent
Romania,2014,51.7811698092,SF6 Emissions,Kilotonne CO2 Equivalent
Romania,2013,57.2032601532,SF6 Emissions,Kilotonne CO2 Equivalent
Romania,2012,50.756735758344,SF6 Emissions,Kilotonne CO2 Equivalent
Romania,2011,47.832499089216,SF6 Emissions,Kilotonne CO2 Equivalent
Romania,2010,60.70522857342,SF6 Emissions,Kilotonne CO2 Equivalent
Romania,2009,47.033409404256,SF6 Emissions,Kilotonne CO2 Equivalent
Romania,2008,33.83052845214,SF6 Emissions,Kilotonne CO2 Equivalent
Romania,2007,29.881754032284,SF6 Emissions,Kilotonne CO2 Equivalent
Romania,2006,24.130526772036,SF6 Emissions,Kilotonne CO2 Equivalent
Romania,2005,15.66777690756,SF6 Emissions,Kilotonne CO2 Equivalent
Romania,2004,14.097292303656,SF6 Emissions,Kilotonne CO2 Equivalent
Romania,2003,10.543166510412,SF6 Emissions,Kilotonne CO2 Equivalent
Romania,2002,12.097042356048,SF6 Emissions,Kilotonne CO2 Equivalent
Romania,2001,14.332878060648,SF6 Emissions,Kilotonne CO2 Equivalent
Romania,2000,8.68393337196,SF6 Emissions,Kilotonne CO2 Equivalent
Romania,1999,1.70496477618,SF6 Emissions,Kilotonne CO2 Equivalent
Romania,1998,1.51447518,SF6 Emissions,Kilotonne CO2 Equivalent
Romania,1997,1.40871282,SF6 Emissions,Kilotonne CO2 Equivalent
Romania,1996,1.54056294,SF6 Emissions,Kilotonne CO2 Equivalent
Romania,1995,0.97619568,SF6 Emissions,Kilotonne CO2 Equivalent
Romania,1994,0.73688688,SF6 Emissions,Kilotonne CO2 Equivalent
Romania,1993,0.52106208,SF6 Emissions,Kilotonne CO2 Equivalent
Romania,1992,0.48563088,SF6 Emissions,Kilotonne CO2 Equivalent
Romania,1991,0.52051488,SF6 Emissions,Kilotonne CO2 Equivalent
Romania,1990,0.47496048,SF6 Emissions,Kilotonne CO2 Equivalent
Russian Federation,2014,799.428306,SF6 Emissions,Kilotonne CO2 Equivalent
Russian Federation,2013,4909.1304036,SF6 Emissions,Kilotonne CO2 Equivalent
Russian Federation,2012,5241.10660704,SF6 Emissions,Kilotonne CO2 Equivalent
Russian Federation,2011,485.9711928,SF6 Emissions,Kilotonne CO2 Equivalent
Russian Federation,2010,636.79426896,SF6 Emissions,Kilotonne CO2 Equivalent
Russian Federation,2009,754.2408834,SF6 Emissions,Kilotonne CO2 Equivalent
Russian Federation,2008,792.64078704,SF6 Emissions,Kilotonne CO2 Equivalent
Russian Federation,2007,1327.42056,SF6 Emissions,Kilotonne CO2 Equivalent
Russian Federation,2006,1298.46193116,SF6 Emissions,Kilotonne CO2 Equivalent
Russian Federation,2005,1278.36143064,SF6 Emissions,Kilotonne CO2 Equivalent
Russian Federation,2004,1179.13174032,SF6 Emissions,Kilotonne CO2 Equivalent
Russian Federation,2003,1050.47147256,SF6 Emissions,Kilotonne CO2 Equivalent
Russian Federation,2002,896.77413264,SF6 Emissions,Kilotonne CO2 Equivalent
Russian Federation,2001,827.09925696,SF6 Emissions,Kilotonne CO2 Equivalent
Russian Federation,2000,664.458331280076,SF6 Emissions,Kilotonne CO2 Equivalent
Russian Federation,1999,650.027182239924,SF6 Emissions,Kilotonne CO2 Equivalent
Russian Federation,1998,806.42788548,SF6 Emissions,Kilotonne CO2 Equivalent
Russian Federation,1997,1004.40597788008,SF6 Emissions,Kilotonne CO2 Equivalent
Russian Federation,1996,1006.07557779992,SF6 Emissions,Kilotonne CO2 Equivalent
Russian Federation,1995,397.11086496,SF6 Emissions,Kilotonne CO2 Equivalent
Russian Federation,1994,97.163852240076,SF6 Emissions,Kilotonne CO2 Equivalent
Russian Federation,1993,161.881074639924,SF6 Emissions,Kilotonne CO2 Equivalent
Russian Federation,1992,337.60134648,SF6 Emissions,Kilotonne CO2 Equivalent
Russian Federation,1991,1042.18756832008,SF6 Emissions,Kilotonne CO2 Equivalent
Russian Federation,1990,1147.14975471992,SF6 Emissions,Kilotonne CO2 Equivalent
Slovakia,2014,14.168385804,SF6 Emissions,Kilotonne CO2 Equivalent
Slovakia,2013,22.303416,SF6 Emissions,Kilotonne CO2 Equivalent
Slovakia,2012,21.243672,SF6 Emissions,Kilotonne CO2 Equivalent
Slovakia,2011,20.801808,SF6 Emissions,Kilotonne CO2 Equivalent
Slovakia,2010,19.624188,SF6 Emissions,Kilotonne CO2 Equivalent
Slovakia,2009,19.5113508,SF6 Emissions,Kilotonne CO2 Equivalent
Slovakia,2008,18.8511768,SF6 Emissions,Kilotonne CO2 Equivalent
Slovakia,2007,17.3948496,SF6 Emissions,Kilotonne CO2 Equivalent
Slovakia,2006,16.7104848,SF6 Emissions,Kilotonne CO2 Equivalent
Slovakia,2005,16.3841712,SF6 Emissions,Kilotonne CO2 Equivalent
Slovakia,2004,15.433092,SF6 Emissions,Kilotonne CO2 Equivalent
Slovakia,2003,15.0554556,SF6 Emissions,Kilotonne CO2 Equivalent
Slovakia,2002,14.7798492,SF6 Emissions,Kilotonne CO2 Equivalent
Slovakia,2001,13.3308864,SF6 Emissions,Kilotonne CO2 Equivalent
Slovakia,2000,13.043994,SF6 Emissions,Kilotonne CO2 Equivalent
Slovakia,1999,12.6428736,SF6 Emissions,Kilotonne CO2 Equivalent
Slovakia,1998,12.6479124,SF6 Emissions,Kilotonne CO2 Equivalent
Slovakia,1997,11.4728688,SF6 Emissions,Kilotonne CO2 Equivalent
Slovakia,1996,11.1639288,SF6 Emissions,Kilotonne CO2 Equivalent
Slovakia,1995,10.1547096,SF6 Emissions,Kilotonne CO2 Equivalent
Slovakia,1994,17.623716,SF6 Emissions,Kilotonne CO2 Equivalent
Slovakia,1993,0.089832,SF6 Emissions,Kilotonne CO2 Equivalent
Slovakia,1992,0.042636,SF6 Emissions,Kilotonne CO2 Equivalent
Slovakia,1991,0.035112,SF6 Emissions,Kilotonne CO2 Equivalent
Slovakia,1990,0.058368,SF6 Emissions,Kilotonne CO2 Equivalent
Slovenia,2014,15.52097802,SF6 Emissions,Kilotonne CO2 Equivalent
Slovenia,2013,15.95110572,SF6 Emissions,Kilotonne CO2 Equivalent
Slovenia,2012,16.93512522,SF6 Emissions,Kilotonne CO2 Equivalent
Slovenia,2011,18.13933002,SF6 Emissions,Kilotonne CO2 Equivalent
Slovenia,2010,17.97173064,SF6 Emissions,Kilotonne CO2 Equivalent
Slovenia,2009,17.19839682,SF6 Emissions,Kilotonne CO2 Equivalent
Slovenia,2008,17.541652484172,SF6 Emissions,Kilotonne CO2 Equivalent
Slovenia,2007,17.790619918896,SF6 Emissions,Kilotonne CO2 Equivalent
Slovenia,2006,17.933872904172,SF6 Emissions,Kilotonne CO2 Equivalent
Slovenia,2005,17.9964219,SF6 Emissions,Kilotonne CO2 Equivalent
Slovenia,2004,17.46936,SF6 Emissions,Kilotonne CO2 Equivalent
Slovenia,2003,17.09088,SF6 Emissions,Kilotonne CO2 Equivalent
Slovenia,2002,16.53684,SF6 Emissions,Kilotonne CO2 Equivalent
Slovenia,2001,15.3672,SF6 Emissions,Kilotonne CO2 Equivalent
Slovenia,2000,15.0138,SF6 Emissions,Kilotonne CO2 Equivalent
Slovenia,1999,15.36492,SF6 Emissions,Kilotonne CO2 Equivalent
Slovenia,1998,12.77028,SF6 Emissions,Kilotonne CO2 Equivalent
Slovenia,1997,13.25364,SF6 Emissions,Kilotonne CO2 Equivalent
Slovenia,1996,12.87744,SF6 Emissions,Kilotonne CO2 Equivalent
Slovenia,1995,12.13188,SF6 Emissions,Kilotonne CO2 Equivalent
Slovenia,1994,10.83684,SF6 Emissions,Kilotonne CO2 Equivalent
Slovenia,1993,10.54044,SF6 Emissions,Kilotonne CO2 Equivalent
Slovenia,1992,9.6672,SF6 Emissions,Kilotonne CO2 Equivalent
Slovenia,1991,9.6444,SF6 Emissions,Kilotonne CO2 Equivalent
Slovenia,1990,9.82908,SF6 Emissions,Kilotonne CO2 Equivalent
Spain,2014,207.4442838,SF6 Emissions,Kilotonne CO2 Equivalent
Spain,2013,213.8560656,SF6 Emissions,Kilotonne CO2 Equivalent
Spain,2012,220.0057614,SF6 Emissions,Kilotonne CO2 Equivalent
Spain,2011,239.1547403088,SF6 Emissions,Kilotonne CO2 Equivalent
Spain,2010,234.9021756,SF6 Emissions,Kilotonne CO2 Equivalent
Spain,2009,231.2641620684,SF6 Emissions,Kilotonne CO2 Equivalent
Spain,2008,244.9958039772,SF6 Emissions,Kilotonne CO2 Equivalent
Spain,2007,238.4280378468,SF6 Emissions,Kilotonne CO2 Equivalent
Spain,2006,232.0100412228,SF6 Emissions,Kilotonne CO2 Equivalent
Spain,2005,212.6035020456,SF6 Emissions,Kilotonne CO2 Equivalent
Spain,2004,199.7837003544,SF6 Emissions,Kilotonne CO2 Equivalent
Spain,2003,176.3318940684,SF6 Emissions,Kilotonne CO2 Equivalent
Spain,2002,180.4119540228,SF6 Emissions,Kilotonne CO2 Equivalent
Spain,2001,163.1753363316,SF6 Emissions,Kilotonne CO2 Equivalent
Spain,2000,187.6796136,SF6 Emissions,Kilotonne CO2 Equivalent
Spain,1999,167.9807784,SF6 Emissions,Kilotonne CO2 Equivalent
Spain,1998,158.1212831316,SF6 Emissions,Kilotonne CO2 Equivalent
Spain,1997,152.5264824,SF6 Emissions,Kilotonne CO2 Equivalent
Spain,1996,111.4317149532,SF6 Emissions,Kilotonne CO2 Equivalent
Spain,1995,100.9315415772,SF6 Emissions,Kilotonne CO2 Equivalent
Spain,1994,84.6489672228,SF6 Emissions,Kilotonne CO2 Equivalent
Spain,1993,77.0164847772,SF6 Emissions,Kilotonne CO2 Equivalent
Spain,1992,72.9423984456,SF6 Emissions,Kilotonne CO2 Equivalent
Spain,1991,69.7065311772,SF6 Emissions,Kilotonne CO2 Equivalent
Spain,1990,63.6050687772,SF6 Emissions,Kilotonne CO2 Equivalent
Sweden,2014,46.618126218816,SF6 Emissions,Kilotonne CO2 Equivalent
Sweden,2013,41.213609624616,SF6 Emissions,Kilotonne CO2 Equivalent
Sweden,2012,52.335122610144,SF6 Emissions,Kilotonne CO2 Equivalent
Sweden,2011,54.765896902056,SF6 Emissions,Kilotonne CO2 Equivalent
Sweden,2010,62.905243828896,SF6 Emissions,Kilotonne CO2 Equivalent
Sweden,2009,70.011668895528,SF6 Emissions,Kilotonne CO2 Equivalent
Sweden,2008,72.853350455064,SF6 Emissions,Kilotonne CO2 Equivalent
Sweden,2007,137.378307210324,SF6 Emissions,Kilotonne CO2 Equivalent
Sweden,2006,112.636650931188,SF6 Emissions,Kilotonne CO2 Equivalent
Sweden,2005,151.590742835484,SF6 Emissions,Kilotonne CO2 Equivalent
Sweden,2004,94.688775934608,SF6 Emissions,Kilotonne CO2 Equivalent
Sweden,2003,85.129112753172,SF6 Emissions,Kilotonne CO2 Equivalent
Sweden,2002,119.59982426358,SF6 Emissions,Kilotonne CO2 Equivalent
Sweden,2001,122.775197049852,SF6 Emissions,Kilotonne CO2 Equivalent
Sweden,2000,118.777638774384,SF6 Emissions,Kilotonne CO2 Equivalent
Sweden,1999,121.21357771956,SF6 Emissions,Kilotonne CO2 Equivalent
Sweden,1998,111.21850846644,SF6 Emissions,Kilotonne CO2 Equivalent
Sweden,1997,159.594680375364,SF6 Emissions,Kilotonne CO2 Equivalent
Sweden,1996,116.875313566848,SF6 Emissions,Kilotonne CO2 Equivalent
Sweden,1995,135.1858964466,SF6 Emissions,Kilotonne CO2 Equivalent
Sweden,1994,106.374408893616,SF6 Emissions,Kilotonne CO2 Equivalent
Sweden,1993,99.347135145324,SF6 Emissions,Kilotonne CO2 Equivalent
Sweden,1992,102.575979425256,SF6 Emissions,Kilotonne CO2 Equivalent
Sweden,1991,102.691739667336,SF6 Emissions,Kilotonne CO2 Equivalent
Sweden,1990,101.728948791336,SF6 Emissions,Kilotonne CO2 Equivalent
Switzerland,2014,258.842319545976,SF6 Emissions,Kilotonne CO2 Equivalent
Switzerland,2013,252.457248655056,SF6 Emissions,Kilotonne CO2 Equivalent
Switzerland,2012,208.91439321696,SF6 Emissions,Kilotonne CO2 Equivalent
Switzerland,2011,159.534495693708,SF6 Emissions,Kilotonne CO2 Equivalent
Switzerland,2010,147.975161436828,SF6 Emissions,Kilotonne CO2 Equivalent
Switzerland,2009,179.645738076204,SF6 Emissions,Kilotonne CO2 Equivalent
Switzerland,2008,222.160572280848,SF6 Emissions,Kilotonne CO2 Equivalent
Switzerland,2007,171.602386325892,SF6 Emissions,Kilotonne CO2 Equivalent
Switzerland,2006,185.64023260542,SF6 Emissions,Kilotonne CO2 Equivalent
Switzerland,2005,203.193373891944,SF6 Emissions,Kilotonne CO2 Equivalent
Switzerland,2004,186.094407294648,SF6 Emissions,Kilotonne CO2 Equivalent
Switzerland,2003,164.576847522396,SF6 Emissions,Kilotonne CO2 Equivalent
Switzerland,2002,158.356246679328,SF6 Emissions,Kilotonne CO2 Equivalent
Switzerland,2001,144.776099460132,SF6 Emissions,Kilotonne CO2 Equivalent
Switzerland,2000,143.787569289984,SF6 Emissions,Kilotonne CO2 Equivalent
Switzerland,1999,139.911691814448,SF6 Emissions,Kilotonne CO2 Equivalent
Switzerland,1998,152.61036108516,SF6 Emissions,Kilotonne CO2 Equivalent
Switzerland,1997,124.244640544248,SF6 Emissions,Kilotonne CO2 Equivalent
Switzerland,1996,90.072194688984,SF6 Emissions,Kilotonne CO2 Equivalent
Switzerland,1995,93.234255643728,SF6 Emissions,Kilotonne CO2 Equivalent
Switzerland,1994,106.886674181628,SF6 Emissions,Kilotonne CO2 Equivalent
Switzerland,1993,120.534841395048,SF6 Emissions,Kilotonne CO2 Equivalent
Switzerland,1992,141.39254221428,SF6 Emissions,Kilotonne CO2 Equivalent
Switzerland,1991,139.20629718228,SF6 Emissions,Kilotonne CO2 Equivalent
Switzerland,1990,137.0062482642,SF6 Emissions,Kilotonne CO2 Equivalent
Turkey,2012,926.433930014064,SF6 Emissions,Kilotonne CO2 Equivalent
Turkey,2011,906.491125258128,SF6 Emissions,Kilotonne CO2 Equivalent
Turkey,2010,835.47569148234,SF6 Emissions,Kilotonne CO2 Equivalent
Turkey,2009,766.491460075512,SF6 Emissions,Kilotonne CO2 Equivalent
Turkey,2008,804.29324247162,SF6 Emissions,Kilotonne CO2 Equivalent
Turkey,2007,908.28833898,SF6 Emissions,Kilotonne CO2 Equivalent
Turkey,2006,869.175444,SF6 Emissions,Kilotonne CO2 Equivalent
Turkey,2005,819.204,SF6 Emissions,Kilotonne CO2 Equivalent
Turkey,2004,672.144,SF6 Emissions,Kilotonne CO2 Equivalent
Turkey,2003,457.368,SF6 Emissions,Kilotonne CO2 Equivalent
Turkey,2002,454.8144,SF6 Emissions,Kilotonne CO2 Equivalent
Turkey,2001,294.2568,SF6 Emissions,Kilotonne CO2 Equivalent
Turkey,2000,308.028,SF6 Emissions,Kilotonne CO2 Equivalent
Turkey,1999,493.0272,SF6 Emissions,Kilotonne CO2 Equivalent
Turkey,1998,629.28,SF6 Emissions,Kilotonne CO2 Equivalent
Turkey,1997,582.9732,SF6 Emissions,Kilotonne CO2 Equivalent
Turkey,1996,356.6376,SF6 Emissions,Kilotonne CO2 Equivalent
Ukraine,2014,16.4088827976,SF6 Emissions,Kilotonne CO2 Equivalent
Ukraine,2013,12.543122357628,SF6 Emissions,Kilotonne CO2 Equivalent
Ukraine,2012,10.9896,SF6 Emissions,Kilotonne CO2 Equivalent
Ukraine,2011,8.41405857732,SF6 Emissions,Kilotonne CO2 Equivalent
Ukraine,2010,9.710033472852,SF6 Emissions,Kilotonne CO2 Equivalent
Ukraine,2009,9.365648535624,SF6 Emissions,Kilotonne CO2 Equivalent
Ukraine,2008,9.338078661168,SF6 Emissions,Kilotonne CO2 Equivalent
Ukraine,2007,5.19820920504,SF6 Emissions,Kilotonne CO2 Equivalent
Ukraine,2006,4.27399832646,SF6 Emissions,Kilotonne CO2 Equivalent
Ukraine,2005,4.467082845132,SF6 Emissions,Kilotonne CO2 Equivalent
Ukraine,2004,3.078,SF6 Emissions,Kilotonne CO2 Equivalent
Ukraine,2003,1.991231799084,SF6 Emissions,Kilotonne CO2 Equivalent
Ukraine,2002,1.069501255212,SF6 Emissions,Kilotonne CO2 Equivalent
Ukraine,2001,0.463154811684,SF6 Emissions,Kilotonne CO2 Equivalent
Ukraine,2000,0.420512133792,SF6 Emissions,Kilotonne CO2 Equivalent
Ukraine,1999,0.30717991638,SF6 Emissions,Kilotonne CO2 Equivalent
Ukraine,1998,0.19365690378,SF6 Emissions,Kilotonne CO2 Equivalent
Ukraine,1997,0.127832635968,SF6 Emissions,Kilotonne CO2 Equivalent
Ukraine,1996,0.069640167468,SF6 Emissions,Kilotonne CO2 Equivalent
Ukraine,1995,0.06773221764,SF6 Emissions,Kilotonne CO2 Equivalent
Ukraine,1994,0.064870292784,SF6 Emissions,Kilotonne CO2 Equivalent
Ukraine,1993,0.059146443528,SF6 Emissions,Kilotonne CO2 Equivalent
Ukraine,1992,0.030527196564,SF6 Emissions,Kilotonne CO2 Equivalent
Ukraine,1991,0.019079497824,SF6 Emissions,Kilotonne CO2 Equivalent
Ukraine,1990,0.007631799084,SF6 Emissions,Kilotonne CO2 Equivalent
United Kingdom,2014,468.162417821592,SF6 Emissions,Kilotonne CO2 Equivalent
United Kingdom,2013,481.195750632336,SF6 Emissions,Kilotonne CO2 Equivalent
United Kingdom,2012,582.653545639776,SF6 Emissions,Kilotonne CO2 Equivalent
United Kingdom,2011,605.055280160016,SF6 Emissions,Kilotonne CO2 Equivalent
United Kingdom,2010,685.508192657556,SF6 Emissions,Kilotonne CO2 Equivalent
United Kingdom,2009,592.605027515016,SF6 Emissions,Kilotonne CO2 Equivalent
United Kingdom,2008,682.83929904438,SF6 Emissions,Kilotonne CO2 Equivalent
United Kingdom,2007,835.781389045776,SF6 Emissions,Kilotonne CO2 Equivalent
United Kingdom,2006,882.908095145784,SF6 Emissions,Kilotonne CO2 Equivalent
United Kingdom,2005,1056.01976153488,SF6 Emissions,Kilotonne CO2 Equivalent
United Kingdom,2004,1116.77439915268,SF6 Emissions,Kilotonne CO2 Equivalent
United Kingdom,2003,1320.76737062968,SF6 Emissions,Kilotonne CO2 Equivalent
United Kingdom,2002,1495.22516707181,SF6 Emissions,Kilotonne CO2 Equivalent
United Kingdom,2001,1454.10023060869,SF6 Emissions,Kilotonne CO2 Equivalent
United Kingdom,2000,1817.67126198108,SF6 Emissions,Kilotonne CO2 Equivalent
United Kingdom,1999,1497.70085628574,SF6 Emissions,Kilotonne CO2 Equivalent
United Kingdom,1998,1328.71558779265,SF6 Emissions,Kilotonne CO2 Equivalent
United Kingdom,1997,1280.07928585081,SF6 Emissions,Kilotonne CO2 Equivalent
United Kingdom,1996,1305.70246449739,SF6 Emissions,Kilotonne CO2 Equivalent
United Kingdom,1995,1264.37042809363,SF6 Emissions,Kilotonne CO2 Equivalent
United Kingdom,1994,1223.43781130746,SF6 Emissions,Kilotonne CO2 Equivalent
United Kingdom,1993,1182.89533162297,SF6 Emissions,Kilotonne CO2 Equivalent
United Kingdom,1992,1358.24563980911,SF6 Emissions,Kilotonne CO2 Equivalent
United Kingdom,1991,1318.53752482115,SF6 Emissions,Kilotonne CO2 Equivalent
United Kingdom,1990,1279.06117061339,SF6 Emissions,Kilotonne CO2 Equivalent
United States of America,2014,7348.78277504131,SF6 Emissions,Kilotonne CO2 Equivalent
United States of America,2013,7229.06881568978,SF6 Emissions,Kilotonne CO2 Equivalent
United States of America,2012,7581.75704849569,SF6 Emissions,Kilotonne CO2 Equivalent
United States of America,2011,9990.14537554644,SF6 Emissions,Kilotonne CO2 Equivalent
United States of America,2010,9481.91347046768,SF6 Emissions,Kilotonne CO2 Equivalent
United States of America,2009,9297.93659545766,SF6 Emissions,Kilotonne CO2 Equivalent
United States of America,2008,10312.7504747029,SF6 Emissions,Kilotonne CO2 Equivalent
United States of America,2007,11222.8830898663,SF6 Emissions,Kilotonne CO2 Equivalent
United States of America,2006,12764.3230125319,SF6 Emissions,Kilotonne CO2 Equivalent
United States of America,2005,14015.6935091351,SF6 Emissions,Kilotonne CO2 Equivalent
United States of America,2004,14563.8227734014,SF6 Emissions,Kilotonne CO2 Equivalent
United States of America,2003,15818.2790875477,SF6 Emissions,Kilotonne CO2 Equivalent
United States of America,2002,16076.5479458902,SF6 Emissions,Kilotonne CO2 Equivalent
United States of America,2001,17075.0453259686,SF6 Emissions,Kilotonne CO2 Equivalent
United States of America,2000,17873.9194123821,SF6 Emissions,Kilotonne CO2 Equivalent
United States of America,1999,20942.2760021871,SF6 Emissions,Kilotonne CO2 Equivalent
United States of America,1998,21198.4724155195,SF6 Emissions,Kilotonne CO2 Equivalent
United States of America,1997,24168.0224994784,SF6 Emissions,Kilotonne CO2 Equivalent
United States of America,1996,25919.9050094647,SF6 Emissions,Kilotonne CO2 Equivalent
United States of America,1995,26638.1737038403,SF6 Emissions,Kilotonne CO2 Equivalent
United States of America,1994,28004.2473506574,SF6 Emissions,Kilotonne CO2 Equivalent
United States of America,1993,29432.6521991305,SF6 Emissions,Kilotonne CO2 Equivalent
United States of America,1992,29949.8212950615,SF6 Emissions,Kilotonne CO2 Equivalent
United States of America,1991,29764.5634082818,SF6 Emissions,Kilotonne CO2 Equivalent
United States of America,1990,31080.40615943,SF6 Emissions,Kilotonne CO2 Equivalent
European Union,2014,151.94899803,Unspecified Emissions,Kilotonne CO2 Equivalent
European Union,2013,193.404158999999,Unspecified Emissions,Kilotonne CO2 Equivalent
European Union,2012,182.082665,Unspecified Emissions,Kilotonne CO2 Equivalent
European Union,2011,176.6778,Unspecified Emissions,Kilotonne CO2 Equivalent
European Union,2010,366.27191,Unspecified Emissions,Kilotonne CO2 Equivalent
European Union,2009,1110.08825,Unspecified Emissions,Kilotonne CO2 Equivalent
European Union,2008,802.1609268,Unspecified Emissions,Kilotonne CO2 Equivalent
European Union,2007,565.9062936,Unspecified Emissions,Kilotonne CO2 Equivalent
European Union,2006,750.7034604,Unspecified Emissions,Kilotonne CO2 Equivalent
European Union,2005,911.0179272,Unspecified Emissions,Kilotonne CO2 Equivalent
European Union,2004,880.363884,Unspecified Emissions,Kilotonne CO2 Equivalent
European Union,2003,1021.261359,Unspecified Emissions,Kilotonne CO2 Equivalent
European Union,2002,1872.461234,Unspecified Emissions,Kilotonne CO2 Equivalent
European Union,2001,1797.339134,Unspecified Emissions,Kilotonne CO2 Equivalent
European Union,2000,2077.744334,Unspecified Emissions,Kilotonne CO2 Equivalent
European Union,1999,3947.177534,Unspecified Emissions,Kilotonne CO2 Equivalent
European Union,1998,4108.460476,Unspecified Emissions,Kilotonne CO2 Equivalent
European Union,1997,4208.604376,Unspecified Emissions,Kilotonne CO2 Equivalent
European Union,1996,4324.621056,Unspecified Emissions,Kilotonne CO2 Equivalent
European Union,1995,5773.246762,Unspecified Emissions,Kilotonne CO2 Equivalent
European Union,1994,5487.38511,Unspecified Emissions,Kilotonne CO2 Equivalent
European Union,1993,5215.63716,Unspecified Emissions,Kilotonne CO2 Equivalent
European Union,1992,5222.14963,Unspecified Emissions,Kilotonne CO2 Equivalent
European Union,1991,5236.72332,Unspecified Emissions,Kilotonne CO2 Equivalent
European Union,1990,5705.723894,Unspecified Emissions,Kilotonne CO2 Equivalent
Germany,2014,151.94899803,Unspecified Emissions,Kilotonne CO2 Equivalent
Germany,2013,193.404159,Unspecified Emissions,Kilotonne CO2 Equivalent
Germany,2012,182.082665,Unspecified Emissions,Kilotonne CO2 Equivalent
Germany,2011,176.6778,Unspecified Emissions,Kilotonne CO2 Equivalent
Germany,2010,366.27191,Unspecified Emissions,Kilotonne CO2 Equivalent
Germany,2009,1110.08825,Unspecified Emissions,Kilotonne CO2 Equivalent
Germany,2008,802.1609268,Unspecified Emissions,Kilotonne CO2 Equivalent
Germany,2007,565.9062936,Unspecified Emissions,Kilotonne CO2 Equivalent
Germany,2006,750.7034604,Unspecified Emissions,Kilotonne CO2 Equivalent
Germany,2005,911.0179272,Unspecified Emissions,Kilotonne CO2 Equivalent
Germany,2004,880.363884,Unspecified Emissions,Kilotonne CO2 Equivalent
Germany,2003,1021.261359,Unspecified Emissions,Kilotonne CO2 Equivalent
Germany,2002,1872.461234,Unspecified Emissions,Kilotonne CO2 Equivalent
Germany,2001,1797.339134,Unspecified Emissions,Kilotonne CO2 Equivalent
Germany,2000,2077.744334,Unspecified Emissions,Kilotonne CO2 Equivalent
Germany,1999,3947.177534,Unspecified Emissions,Kilotonne CO2 Equivalent
Germany,1998,4108.460476,Unspecified Emissions,Kilotonne CO2 Equivalent
Germany,1997,4208.604376,Unspecified Emissions,Kilotonne CO2 Equivalent
Germany,1996,4324.621056,Unspecified Emissions,Kilotonne CO2 Equivalent
Germany,1995,5773.246762,Unspecified Emissions,Kilotonne CO2 Equivalent
Germany,1994,5487.38511,Unspecified Emissions,Kilotonne CO2 Equivalent
Germany,1993,5215.63716,Unspecified Emissions,Kilotonne CO2 Equivalent
Germany,1992,5222.14963,Unspecified Emissions,Kilotonne CO2 Equivalent
Germany,1991,5236.72332,Unspecified Emissions,Kilotonne CO2 Equivalent
Germany,1990,5705.723894,Unspecified Emissions,Kilotonne CO2 Equivalent
United States of America,2014,9449.8916832,Unspecified Emissions,Kilotonne CO2 Equivalent
United States of America,2013,8993.8072448,Unspecified Emissions,Kilotonne CO2 Equivalent
United States of America,2012,8584.4242576,Unspecified Emissions,Kilotonne CO2 Equivalent
United States of America,2011,8178.4697632,Unspecified Emissions,Kilotonne CO2 Equivalent
United States of America,2010,7762.1372064,Unspecified Emissions,Kilotonne CO2 Equivalent
United States of America,2009,7363.0093124,Unspecified Emissions,Kilotonne CO2 Equivalent
United States of America,2008,6961.6776464,Unspecified Emissions,Kilotonne CO2 Equivalent
United States of America,2007,6595.9718304,Unspecified Emissions,Kilotonne CO2 Equivalent
United States of America,2006,6238.7646588,Unspecified Emissions,Kilotonne CO2 Equivalent
United States of America,2005,5878.9461352,Unspecified Emissions,Kilotonne CO2 Equivalent
United States of America,2004,5552.117082,Unspecified Emissions,Kilotonne CO2 Equivalent
United States of America,2003,5175.5521224,Unspecified Emissions,Kilotonne CO2 Equivalent
United States of America,2002,4684.2544192,Unspecified Emissions,Kilotonne CO2 Equivalent
United States of America,2001,4286.6169156,Unspecified Emissions,Kilotonne CO2 Equivalent
United States of America,2000,4367.2296252,Unspecified Emissions,Kilotonne CO2 Equivalent
United States of America,1999,4597.0975428,Unspecified Emissions,Kilotonne CO2 Equivalent
United States of America,1998,4470.7293856,Unspecified Emissions,Kilotonne CO2 Equivalent
United States of America,1997,3904.524176,Unspecified Emissions,Kilotonne CO2 Equivalent
United States of America,1996,3236.9827728,Unspecified Emissions,Kilotonne CO2 Equivalent
United States of America,1995,1764.7313356,Unspecified Emissions,Kilotonne CO2 Equivalent
United States of America,1994,593.2225696,Unspecified Emissions,Kilotonne CO2 Equivalent
United States of America,1993,586.9397524,Unspecified Emissions,Kilotonne CO2 Equivalent
United States of America,1992,574.414624,Unspecified Emissions,Kilotonne CO2 Equivalent
United States of America,1991,566.900968,Unspecified Emissions,Kilotonne CO2 Equivalent
United States of America,1990,293.2056632,Unspecified Emissions,Kilotonne CO2 Equivalent
